{
    "account": "Nome de usuário",
    "quantify_records": "Quantificar Registros",
    "finish": "Terminar",
    "buy_platform": "Comprar plataforma",
    "purchase_price": "Preço de compra",
    "sales_platform": "Plataforma de vendas",
    "selling_price": "Preço de venda",
    "service_charge": "Taxa de serviço",
    "model": "Modelo",
    "vip_model": "MODELO VIP",
    "quantitative_strategy": "Estratégia Quantitativa",
    "popular": "Popular",
    "cryptocurrency_trading": "negociação de criptomoedas",
    "no_more_data": "Não há mais dados",
    "check": "Verificar",
    "execute_position": "Executar posição",
    "wallet_account_balance": "Saldo da conta da carteira",
    "not_limited": "Não limitado",
    "daily_interest_payment": "Pagamento diário de juros, reembolso do principal no vencimento",
    "share_rules": "Regras de compartilhamento",
    "hello": "Olá",
    "register_an_account": "Registre uma conta",
    "flexible_account": "Conta Quantitativa",
    "wallet_account": "Conta inteligente",
    "wave_field": "Central de Ajuda",
    "chain_quant": "Chain Quant: introdução e guia do usuário para plataforma de negociação quantitativa inteligente",
    "how_to_get_benefits": "Como depositar e sacar fundos",
    "bandwidth": "Introdução da empresa: Chain Quant",
    "energy": "Poder",
    "welcome_to": "Bem-vindo ao",
    "official_telegram_channel": "Canal Oficial do Telegram",
    "cloud_mining_hosting": "A TRONOKX oferece serviços confiáveis ​​de mineração e piquetagem em nuvem, garantindo o retorno do principal em 12 dias. Nossa plataforma oferece vários níveis VIP com diversos valores de depósito e taxas de saque diárias para atender às diferentes necessidades de investimento:",
    "cloud_mining_hosting_2": "Temos o prazer de apresentar a TRONOKX, uma plataforma de ponta dedicada a fornecer serviços inovadores de mineração e piquetagem em nuvem que oferecem retornos seguros, confiáveis ​​e lucrativos. Nosso sistema garante um retorno principal em 12 dias, oferecendo a você a oportunidade de aumentar seu investimento rapidamente e ao mesmo tempo fazer parte de um ecossistema financeiro interessante e sustentável.",
    "cloud_mining_hosting_3": "Na TRONOKX oferecemos uma gama de níveis VIP projetados para atender diferentes capacidades de investimento. Cada nível possui faixas de depósito e taxas de saque diárias específicas, oferecendo opções flexíveis para usuários que buscam obter retornos diários de seus investimentos. Aqui está uma visão geral dos vários níveis VIP:",
    "the_amount_of_vip1": "VIP 1: faixa de depósito de 10 a 1.000 TRX, retirada de 9% diariamente",
    "the_amount_of_vip2": "VIP 2: faixa de depósito de 1.001 a 2.000 TRX, retirada de 10% diariamente",
    "the_amount_of_vip3": "VIP 3: faixa de depósito de 2.001 a 10.000 TRX, retirada de 13% diariamente",
    "the_amount_of_vip4": "VIP 4: faixa de depósito de 10.001 a 50.000 TRX, retirada de 15% diariamente",
    "the_amount_of_vip5": "VIP 5: faixa de depósito de 50.001 a 200.000 TRX, retirada de 17% diariamente",
    "the_amount_of_vip6": "VIP 6: Faixa de depósito de 200.001 a 300.000 TRX, retirada de 20% diariamente",
    "the_amount_of_vip7": "VIP 7: Faixa de depósito de 300.001 a 500.000 TRX, retirada de 23% diariamente",
    "the_amount_of_vip8": "VIP 8: Faixa de depósito de 500.001 a 800.000 TRX, retirada de 28% diariamente",
    "the_amount_of_vip9": "VIP 9: Faixa de depósito de 800.001 a 1.500.000 TRX, retirada de 35% diariamente",
    "the_amount_of_vip10": "VIP 10: Faixa de depósito 1.500.001+ TRX, retirada de 42% diariamente",
    "the_amount_of_vip1_ann": "VIP 1: Para depósitos entre 10 e 1.000 TRX, ganhe um retorno diário de 9%.",
    "the_amount_of_vip2_ann": "VIP 2: Para depósitos entre 1.001 e 2.000 TRX, aproveite um saque diário de 10%.",
    "the_amount_of_vip3_ann": "VIP 3: Depósitos de 2.001 a 10.000 TRX qualificam-se para um saque diário de 13%.",
    "the_amount_of_vip4_ann": "VIP 4: Para investimentos entre 10.001 e 50.000 TRX, receba 15% ao dia.",
    "the_amount_of_vip5_ann": "VIP 5: Se você depositar entre 50.001 e 200.000 TRX, terá direito a um retorno diário de 17%.",
    "the_amount_of_vip6_ann": "VIP 6: Depósitos de 200.001 a 300.000 TRX renderão 20% diariamente.",
    "the_amount_of_vip7_ann": "VIP 6: Depósitos de 200.001 a 300.000 TRX renderão 20% diariamente.",
    "the_amount_of_vip8_ann": "VIP 8: Depósitos de 500.001 a 800.000 TRX recebem um retorno diário de 28%.",
    "the_amount_of_vip9_ann": "VIP 9: Para depósitos maiores de 800.001 a 1.500.000 TRX, aproveite um saque diário de 35%.",
    "the_amount_of_vip10_ann": "VIP 10: O nível mais alto, para depósitos acima de 1.500.001 TRX, oferece um retorno diário impressionante de 42%.",
    "financial_turnaround": "Também oferecemos um plano financeiro de curto prazo para quem busca retorno rápido, sendo o principal devolvido em apenas 3 dias. Este plano é ideal para usuários que buscam uma recuperação financeira mais imediata.",
    "periodic_financial_management": "Além disso, oferecemos um plano financeiro de curto prazo que garante o retorno do seu investimento principal em apenas 3 dias. Você também pode ganhar recompensas adicionais convidando amigos para ingressar em nossa plataforma. O programa de referência está estruturado em três níveis:",
    "periodic_financial_management_ann": "Além dessas oportunidades excepcionais de investimento, acreditamos no poder da comunidade. Nosso programa de recompensas por convite permite que você ganhe ainda mais compartilhando a plataforma com amigos e familiares. Veja como funciona nosso sistema de referência em camadas:",
    "the_unit_price_of_tron": "Nível 1: recompensa de 13% para referências diretas",
    "the_unit_price_of_tron2": "Nível 2: recompensa de 2% para indicações de segundo nível",
    "the_unit_price_of_tron3": "Nível 3: recompensa de 1% para indicações de terceiro nível",
    "the_unit_price_of_tron4": "TRONOKX foi projetado para sustentabilidade de longo prazo, oferecendo uma plataforma que continuará a prosperar enquanto existir criptomoeda. Junte-se a nós hoje para começar a ganhar e aumentar seu investimento com confiança!",
    "the_unit_price_of_tron_ann": "Nível 1: Indicações diretas renderão a você uma recompensa de 13% por suas atividades.",
    "the_unit_price_of_tron2_ann": "Nível 2: Para indicações de segundo nível, você receberá 2% de suas atividades.",
    "the_unit_price_of_tron3_ann": "Nível 3: As referências do terceiro nível irão recompensá-lo com 1% de suas atividades.",
    "the_unit_price_of_tron4_ann": "Este sistema de recompensa multinível garante que o crescimento da sua rede contribua diretamente para o seu sucesso, criando um efeito bola de neve de potencial de ganhos.",
    "the_unit_price_of_tron5_ann": "A base da TRONOKX baseia-se no crescimento de longo prazo e nossa plataforma foi projetada para sustentar suas operações enquanto a criptomoeda continuar a prosperar. Nosso modelo garante que o valor que você investe hoje continuará a gerar retornos nos próximos anos. Ao ingressar na TRONOKX, você se torna parte de uma comunidade comprometida em criar oportunidades financeiras duradouras que se alinhem com o mundo em evolução dos ativos digitais.",
    "the_unit_price_of_tron6_ann": "Encorajamos você a começar agora, investir com sabedoria e aproveitar ao máximo as inúmeras oportunidades que a TRONOKX oferece. Por meio de programas de mineração em nuvem, piquetagem e referência, você tem a chance de ampliar sua riqueza e se tornar um participante importante no mundo das criptomoedas.",
    "join_now_ann": "Junte-se a nós agora e comece a ganhar hoje – o futuro das finanças digitais está aqui!",
    "received": "Recebido",
    "minimum_yeild_requires": "A quantificação mínima requer pelo menos depósito",
    "share_to": "Compartilhar para",
    "transiction_records": "Registros de transição",
    "transfer_to_flexible_account": "Transferência para conta quantitativa",
    "transfer_into_flexible_account": "1. A transferência para esta conta pode ser usada para depositar dinheiro para ganhar juros, e você pode receber manualmente o rendimento 24 horas após o primeiro investimento e devolver o principal quando ele expirar.",
    "transfer_to_wallet_account": "Transferir para conta inteligente",
    "transfer_into_wallet_account": "2. A transferência para esta conta pode ser usada para comprar produtos regulares. Produtos diferentes têm ciclos e rendimentos diferentes. Para obter detalhes, consulte a introdução do produto.",
    "no_records": "Sem registros",
    "energy_bandwidth": "Quantidade de cadeia é lançada oficialmente",
    "you_send_virtual_currency_to_the_platform": "Usando sua carteira digital, você envia moeda virtual para o endereço de compra especificado e a TRONOKX cuida da distribuição automática dos recursos. Nossa plataforma aposta ativos na rede TRON para gerar largura de banda e energia. Esses recursos são então alugados para carteiras parceiras, e os ganhos do aluguel voltam para a TRONOKX, que os redistribui aos usuários!",
    "income_has_arrived": "a renda chegou",
    "profit_received": "lucro recebido",
    "invitation_rewards": "Programa de Parceria com Agentes de Quantidade em Cadeia",
    "by_sharing_the_agent": "Entre no futuro das finanças baseadas em IA com o Programa de Agente Global da Chain Quant – sua porta de entrada para renda passiva de longo prazo por meio de negociação quantitativa inteligente. À medida que o mercado comercial de IA acelera, a Chain Quant está expandindo sua presença mundial, convidando profissionais de marketing, líderes comunitários e investidores com visão de futuro para se tornarem parte de nossa rede de agentes. Desfrute de um poderoso sistema de recompensas multiníveis com comissões de 15% -2% -1%, obtendo receitas recorrentes tanto dos lucros comerciais quanto do crescimento de referências. Cada membro recebe um link de indicação pessoal, tornando a promoção perfeita e acessível a qualquer pessoa – sem necessidade de experiência. Esteja você aproveitando as mídias sociais, grupos de investidores privados ou comunidades locais, você terá o apoio de uma plataforma de alto desempenho e descontos automáticos em tempo real. À medida que sua equipe cresce, seus benefícios também aumentam, com os melhores desempenhos avançando para o status de parceiro municipal, nacional ou global, desbloqueando mais de 20% de participação nos lucros vitalícios e vantagens regionais exclusivas. Junte-se à Chain Quant hoje e construa seu legado na nova era de criação inteligente de riqueza.",
    "sharing_is_polite": "Compartilhar é educado",
    "when_the_cumulative_recharge_reaches": "Quando sua recarga total atingir 10 TRX ou mais, compartilhe seu link de registro nas plataformas sociais para receber uma recompensa aleatória entre 0,01 TRX e 18,88 TRX. Cada usuário pode participar uma vez por dia!",
    "time": "tempo",
    "tron_is_a_distributed_operating_system": "TRON é um sistema operacional descentralizado baseado em blockchain com sua criptomoeda nativa, TRX. Lançado em 2017 pelo empresário chinês Justin Sun, visa promover uma economia digital descentralizada.",
    "architecture_in_the_torn": "Arquitetura: Dentro do protocolo de rede TRON, os detentores de TRX desfrutam de acesso igual a recursos como largura de banda e energia. A rede é alimentada por uma máquina virtual descentralizada que utiliza nós públicos em todo o mundo para executar contratos inteligentes. Sem taxas de transação e com capacidade para lidar com aproximadamente 2.000 transações por segundo, garante uma experiência de rede rápida e eficiente.",
    "goverance_tron_online_community": "Governança: A comunidade TRON elege 27 Superrepresentantes por meio de votação online. Esses representantes são responsáveis ​​pela geração e verificação dos blocos a cada 3 segundos em média, formando uma organização autônoma descentralizada. Eles são reeleitos a cada 6 horas e desempenham um papel crucial no gerenciamento de propostas de rede e na votação de Propostas de Melhoria (TIPs) do TRON.",
    "advantages_usdt_has_always": "Vantagens: USDT é a moeda estável mais amplamente reconhecida e a Tether emitiu-a em 13 redes blockchain, com TRON liderando o ataque, representando mais de 54% do fornecimento total. Ethereum segue com 44%, e Solana responde por 2,7%, solidificando o TRON como a principal rede para emissão de USDT.",
    "bandwith_all_types": "Largura de banda: Cada transação na rede TRON requer pontos de largura de banda. As transações são armazenadas e transmitidas como matrizes de bytes, com cada byte consumindo um ponto de largura de banda. O custo total da largura de banda de uma transação é determinado pelo tamanho do seu byte. Se um usuário não tiver largura de banda suficiente, o TRX deverá ser queimado para cobrir os pontos de largura de banda necessários.",
    "the_unit_price_of_the_targe": "A taxa de consumo oficial para consumo de largura de banda é definida em 1.000 SUN por unidade.",
    "energy_each_instruction": "Energia: Cada execução de contrato inteligente consome uma quantidade específica de energia, dependendo da sua complexidade. Contratos mais complexos requerem mais energia. À medida que o contrato é executado, a energia é calculada e deduzida por instrução. Se uma conta não tiver energia suficiente, o TRX deverá ser queimado para cobrir os custos de energia necessários.",
    "the_current_offical_unit_price": "A taxa oficial de consumo de energia está atualmente fixada em 420 SUN por unidade.",
    "smart_investment": "Investimento Inteligente",
    "international_lines": "Linhas Internacionais",
    "basic_investment_plan": "Plano Básico de Investimento",
    "invest_in_our_basic": "Invista em nossa Conta Básica e comece a ganhar renda diária de mineração! Após o seu primeiro depósito, você celebrará automaticamente um contrato de 180 dias. O contrato começa assim que o primeiro depósito é feito.",
    "key_features": "Principais recursos",
    "earn_daily_between": "Ganhe diariamente entre 8% -36% do seu investimento cumulativo.",
    "incomoe_is_settled": "O rendimento é liquidado 24 horas após o seu primeiro depósito (Exemplo: Depósito às 15h, rendimento disponível às 15h do dia seguinte).",
    "you_must_manually": "Você deve clicar manualmente para coletar a renda diária.",
    "vip_levels_benefits": "Níveis e benefícios VIP",
    "daily_withdrawal": "retirada diária",
    "how_it_works": "Como funciona",
    "deposit_funds": "Fundos de Depósito: Comece seu investimento fazendo um depósito inicial.",
    "earn_daily_income": "Ganhe renda diária: aproveite a renda da mineração a cada 24 horas.",
    "collect_income": "Coletar Renda: Faça login diariamente para coletar manualmente seus ganhos.",
    "start_today_and_enjoy": "Comece hoje e desfrute de retornos de alto rendimento com nosso Plano Básico de Investimento!",
    "our_system_will_automatically": "Nosso sistema determinará automaticamente o total de depósitos acumulados e o atualizará para o nível VIP apropriado. Por exemplo:",
    "first_deposit": "Primeiro depósito",
    "second_deposit": "Segundo depósito",
    "total_deposit": "Depósito total",
    "the_system_will_automatically_upgrade": "O sistema atualizará você automaticamente para VIP2 e você desfrutará de uma renda diária de 10% nesse nível e assim por diante.",
    "referral_system": "Sistema de referência",
    "earn_rewards_by_reffering": "Ganhe recompensas indicando outras pessoas para participar! Nosso sistema de referência de 3 níveis oferece grandes benefícios",
    "refer_level_1": "Nível 1: 13% da renda diária do referido",
    "refer_level_2": "Nível 2: 2% da renda diária do referido",
    "refer_level_3": "Nível 3: 1% da renda diária do referido",
    "start_referring_today": "Comece a indicar hoje para aumentar seus ganhos!",
    "account_is_required": "A conta é obrigatória",
    "login_password": "Senha de login",
    "password_is_required": "A senha é obrigatória",
    "verification_code": "Código de verificação",
    "vcode_is_required": "Vcode é obrigatório",
    "vcode": "Código V",
    "forgot_password": "Esqueceu sua senha",
    "login": "Conecte-se",
    "register": "Cadastre-se",
    "go_to_homepage": "Ir para a página inicial",
    "total_balance": "Conta Quantitativa",
    "home_notice": "Bem-vindo ao Toobit – onde o capital inteligente encontra algoritmos inteligentes. Temos o prazer de recebê-lo no Toobit, seu novo lar para ganhos quantitativos de ponta. Quer você seja um investidor experiente ou esteja apenas começando sua jornada no mundo da renda algorítmica, você acabou de ingressar em uma plataforma construída para oferecer clareza, desempenho e confiança. Na Toobit, não acreditamos apenas em ganhar – acreditamos em ganhar de forma inteligente. Nossas estratégias proprietárias são projetadas por cientistas de dados e especialistas financeiros para aproveitar o poder da precisão algorítmica, permitindo que seu capital cresça por meio de oportunidades de mercado em tempo real. Cada decisão, cada estratégia, cada retorno é alimentado por dados e impulsionado pela nossa missão inabalável: tornar as ferramentas avançadas de ganhos acessíveis a todos.",
    "go_to_recharge": "Vá para recarregar",
    "telegram_customer_service": "Atendimento ao Cliente Telegram",
    "dear_user": "Prezado usuário: Como o poder\/energia computacional da sua máquina de mineração está prestes a acabar, reabasteça rapidamente {amount}TRX de acordo com o valor de energia exigido pelos fundos da sua conta. Sua máquina de mineração suspendeu atualmente o controle de mineração e a receita\/retirada.",
    "note_to_avoid": "[Nota: Para evitar perda de receita, entre em contato com o suporte do Telegram]",
    "deposit": "Recarregar",
    "withdrawal": "Cancelamento",
    "share_friends": "Convide amigos",
    "team": "Equipe",
    "app": "Aplicativo",
    "information": "Notícias",
    "wallet": "Carteira",
    "promotion": "Promoção",
    "join_to_be_a_sitename_millionaire": "Cadastre-se para ser um milionário TRONRICO",
    "use_the_latest_mining_machines": "Use as mais recentes máquinas de mineração e tecnologia Defi para garantir que todos os usuários obtenham o máximo de renda TRX.",
    "details": "Detalhes",
    "platform_data_display": "Exibição de dados da plataforma",
    "income": "renda",
    "Income": "Quantificar",
    "cyclical_investing": "ciclo de investimento",
    "trontin_3day_mining_machine": "Máquina de mineração TRONTIN de 3 dias",
    "trontin_9day_mining_machine": "Máquina de mineração de tráfego TRON de 9 dias",
    "trontin_16day_traffic_mining_machine": "Máquina de mineração de tráfego de 16 dias RONTIN",
    "trontin_45day_miner_energy": "TRONTIN 45 dias de energia mineira",
    "trontin_18day_miner_energy": "Energia do mineiro TRON 18 dias",
    "trontin_trxMining_in_46days": "TRON trxMining em 46 dias",
    "tron_eth_digi_2_mining": "MINERAÇÃO TRON ETH DIGI 2.0",
    "torn_80days_photolvatic_mine": "tron 80 dias mina fotovoltaica",
    "trontin_bnb_mining_in_65days": "Mineração TRONTIN BNB em 65 dias",
    "view_more": "Ver mais",
    "cycle": "Ciclo",
    "day": "Dia",
    "instant_quotes": "Cotações instantâneas",
    "profit_withdrawal": "Retirada de lucro",
    "repurchase": "Recompra",
    "latest_announcement": "Último anúncio",
    "registered_members_will_be_given": "Os membros registrados receberão 56.000 TRX como capital penhorado. Para ativar a conta, é necessário um depósito mínimo de 10TRX e um saque mínimo de 5TRX. A renda pode ser sacada ou investida na mineração.",
    "deposit_into_the_basic_account_and_automatically_join_the_contract": "[Investimento Básico] Deposite na conta básica e adira automaticamente ao contrato durante 180 dias [O prazo do contrato entra em vigor a partir do momento do primeiro depósito]. A conta básica gera receita de mineração todos os dias e pode receber de 9% a 38% do valor acumulado do investimento todos os dias. O horário de liquidação do sistema da nossa plataforma é: o horário da primeira compra do usuário, 24 horas depois.",
    "the_income_will_not_be_automatically_deposited_into_the_account": "[Por exemplo: o horário da primeira compra é às 15h, e o rendimento será obtido às 15h do dia seguinte] O rendimento não será depositado automaticamente na conta, sendo necessário clicar no rendimento todos os dias; quando a mineração entrar, clique ativamente para receber a renda.",
    "accumulated_deposits_of_10-2500_trx": "Depósitos acumulados de 10-2500 trx, atualizados automaticamente para VIP1, retirada diária de 9%",
    "accumulated_deposits_of_2501-10000_trx": "Depósitos acumulados de 2.501-10.000 trx, atualizados automaticamente para VIP2, retirada diária de 10%",
    "accumulated_deposits_of_10001-20000_trx": "Depósitos acumulados de 10.001-20.000 trx, atualizados automaticamente para VIP3, saques diários de 11%",
    "accumulated_deposits_of_20001-50000_trx": "Depósitos acumulados de 20.001 a 50.000 trx, atualizados automaticamente para VIP4, saques diários de 13%",
    "accumulated_deposits_of_50001-100000_trx": "Depósitos acumulados de 50.001-100.000 trx, atualizados automaticamente para VIP5, retirada diária de 15%",
    "accumulated_deposits_of_100001-200000_trx": "Depósitos acumulados de 100.001-200.000 trx, atualizados automaticamente para VIP6, saques diários de 17%",
    "accumulated_deposits_of_200001-500000_trx": "Depósitos acumulados de 200.001-500.000 trx, atualizados automaticamente para VIP7, retirada diária de 23%",
    "accumulated_deposits_of_500001-1000000_trx": "Depósitos acumulados de 500.001-1.000.000 trx, atualizados automaticamente para VIP8, retirada diária de 26%",
    "accumulated_deposits_of_1000001-1600000_trx": "Depósitos acumulados de 1000001-1600000 trx, atualizados automaticamente para VIP9, retirada diária de 32%",
    "accumulated_deposits_of_1600001-9999999_trx": "Os depósitos acumulados são 1600001-9999999 trx, atualizados automaticamente para VIP10, com saques diários de 38%",
    "automatically_upgrade_vip_level": "Atualize automaticamente para o nível VIP",
    "the_system_will_determine_your_total_accumulated_deposit": "[O sistema determinará seu depósito total acumulado e atualizará você automaticamente para o nível apropriado] Por exemplo: a primeira recarga é 500TRX, a segunda recarga é 2001TRX, [a recarga cumulativa é 2501TRX] o sistema atualizará automaticamente para VIP2 e você terá VIP2 A renda diária do nível é de 10% e assim por diante.",
    "previous": "Anterior",
    "next": "Próximo",
    "close": "Fechar",
    "current_yield": "Rendimento Atual",
    "miner_is_running": "O mineiro está em execução",
    "view_all": "Ver tudo",
    "earning_times": "Tempos de quantificação",
    "singapore_time_after": "Hora de Singapura Depois",
    "every_day": "diariamente",
    "daily_rate": "Taxa diária",
    "receive": "Receber",
    "basic_investment": "Investimento básico",
    "record": "Registro",
    "current_level": "Nível atual",
    "deposit_quantity": "Quantidade de depósito",
    "invitation_reward": "Recompensa de convite",
    "deposit_now": "Deposite agora",
    "daily_income": "renda diária",
    "daily_withdrawals": "Retiradas diárias",
    "valid_period": "Período válido",
    "remaining_days": "dias restantes",
    "status": "Status",
    "running": "Correndo",
    "quantity": "Quantidade",
    "amount": "Quantia",
    "return": "retornar",
    "Return": "Retornar",
    "profit": "lucro",
    "equity_pledge": "Penhor de capital",
    "end": "Fim",
    "invite_your_contacts": "Convide seus contatos",
    "sign_up_and_recharge_to_get_great_rewards": "Cadastre-se e recarregue para obter ótimas recompensas",
    "invitation_codes": "Códigos de convite",
    "share_invitation_links_to_social_platforms": "Compartilhe links de convite para plataformas sociais",
    "build_a_team_and_get_great_rewards": "Monte uma equipe e receba ótimas recompensas",
    "copy_successfully": "Copiar com sucesso",
    "copy_link": "Copiar Link",
    "app_services": "Serviços de aplicativos",
    "wallet_funds_conversion": "Transferir",
    "change_password": "Central de segurança",
    "notification": "Notificação",
    "logout": "Sair",
    "my_promotion": "Equipe",
    "bonus": "Bônus",
    "bonus_record": "Registros de Comissão",
    "number_of_teams": "Total de pessoas",
    "valid_number_of_invites": "Convites válidos",
    "team_cycle_investment_details": "Detalhes de investimento do ciclo da equipe",
    "total_people": "Total de pessoas",
    "contribution": "Comissão",
    "invite_friends": "Convide amigos",
    "go_now": "Vá agora",
    "in_progress": "Em andamento",
    "number_of_investments": "Número de investimentos",
    "total_investment": "Investimento total",
    "subordinate_investment_amount": "Valor do investimento subordinado",
    "confirm": "Confirmar",
    "Confirm": "CONFIRMAR",
    "last_login_time": "Hora do último login",
    "records": "Registros",
    "transfer_to_smart_account": "Transferir para conta {{type}}",
    "transfer_to_quantitative_account": "Transferência para conta quantitativa",
    "transfer_to_smart_account_2": "Transferir para conta inteligente",
    "address": "Endereço",
    "copy": "Cópia",
    "please_do_not_top_up_other_non_bnb_assets": "Não recarregue outros ativos que não sejam do {{method}}. Após recarregar, clique em",
    "submit_successfully": "Recarga concluída",
    "submit": "Enviar",
    "exchange_rate": "Taxa de câmbio",
    "if_the_account_has_not_been_received_for_a_long_time": "Se a conta não for recebida há muito tempo, clique em",
    "again": "de novo",
    "recharge_record": "Registro de recarga",
    "successful": "Bem-sucedido",
    "purchase": "comprar",
    "Purchase": "Comprar",
    "transaction_record": "Registro de transação",
    "all": "TODOS",
    "recharge": "Recarregar",
    "giveaway": "Sorteio",
    "withdrawal_failed": "Falha na retirada",
    "promotion_account": "Conta carteira",
    "basic_account": "Conta flexível",
    "amount_to_be_converted": "Valor a ser convertido",
    "withdrawable_balance": "Saldo sacável",
    "withdrawals_arebased_one_singapore_time_and_are_withdrawn_once_a_day": "As retiradas são baseadas no horário de Cingapura e são retiradas uma vez por dia",
    "choose_withdrawal_account": "Escolha a conta de saque",
    "choose": "Escolher",
    "digital_currency_wallet": "Carteira de moeda digital",
    "cancel": "CANCELAR",
    "password": "Senha",
    "actual_withdrawal": "Retirada real",
    "withdrawal_record": "Registro de retirada",
    "fee": "Taxa",
    "to_account": "contabilizar",
    "account_security": "Segurança da conta",
    "modify_login_password": "Modificar senha de login",
    "modify_payment_password": "Modificar senha de pagamento",
    "transfer_to_basic_account": "Transferir para conta básica",
    "transfer_to_promotion_account": "Transferir para conta promocional",
    "there_are_two_investment_models_please_choose_according_to_your_needs": "Existem dois modelos de investimento, escolha de acordo com suas necessidades",
    "deposit_into_this_account_for_pledge_mining": "Deposite nesta conta para mineração de penhor. Após 24 horas a partir do primeiro depósito, você pode receber manualmente o rendimento e devolver o principal quando ele expirar",
    "recharge_to_the_promotion_account_to_purchase_periodic_mining_machines": "Recarregue na conta promocional para adquirir máquinas de mineração periódicas, você pode coletar receitas em diferentes ciclos e devolver o principal e a receita quando expirar",
    "add_digital_currency_wallet": "Adicionar carteira de moeda digital",
    "address_type": "tipo de endereço",
    "wallet_address": "endereço da carteira",
    "start_with": "Comece com",
    "digit_wallet_address": "endereço de carteira de dígitos",
    "set_payment_password": "Definir senha de pagamento",
    "continue": "Continuar",
    "are_you_sure_sign_out": "Tem certeza de sair",
    "wallet_registration": "Registro de carteira",
    "decentralized_wallet_download_address": "Endereço de download de carteira descentralizada",
    "tutorial": "Ver tutorial",
    "buy_currency": "comprar moeda",
    "common_problem": "problema comum",
    "how_to_become_a_partner_of_trontin_mining_company": "Como se tornar sócio da mineradora TRONRICO",
    "to_become_our_partner": "Para se tornar nosso parceiro, você pode obter 56.000TRX gratuitamente simplesmente registrando-se e pode retirá-lo em até 180 dias após a ativação",
    "what_to_do_after_registration": "O que fazer após o registro",
    "you_need_to_log_in_to_your_account": "Você precisa fazer login na sua conta e a função de mineração será ativada automaticamente. Para aumentar sua renda diária, faça um depósito",
    "what_are_the_minimum_deposit_and_withdrawal_amounts": "Quais são os valores mínimos de depósito e saque",
    "the_minimum_deposit_is_10trx": "O depósito mínimo é 10TRX e o saque mínimo é 5TRX.",
    "how_to_withdraw_money_what_should_i_do": "Como sacar dinheiro, o que devo fazer",
    "log_in_to_your_account": "Faça login em sua conta. Entre na página 'Retirada'. Clique no botão 'Retirar'. Vincule o endereço da sua carteira TRX e defina uma senha de pagamento pela primeira vez, depois especifique o valor do saque, selecione o endereço da sua carteira e clique para sacar.",
    "what_is_level_and_how_do_i_increase_it": "O que é nível e como faço para aumentá-lo",
    "tron_marketing_uses_level_design": "O marketing TRON usa design de níveis. Quanto mais eletricidade um usuário adquirir, maior será o seu nível. A rentabilidade depende diretamente do nível de aquisição. Se o usuário inicial do VIP1 ganhar 8% ao dia, à medida que o poder disponível para mineração aumentar, o VIP10 com maior lucratividade poderá ganhar 36% ao dia",
    "i_made_a_withdrawal_request_but_it_hasnt_arrived_in_my_wallet_yet": "Fiz um pedido de saque mas ainda não chegou na minha carteira",
    "all_requests_are_handled_by_a_set_of_system_automatic_modes": "Todas as solicitações são tratadas por um conjunto de modos automáticos do sistema. A solicitação normalmente é processada em 1 minuto",
    "what_payment_systems_does_this_project_have_for_deposits": "Quais sistemas de pagamento este projeto possui para depósitos",
    "you_can_deposit_using_a_payment_system_like_this": "Você pode depositar usando um sistema de pagamento como este",
    "what_payment_systems_does_this_project_have_for_withdrawals": "Quais sistemas de pagamento este projeto possui para saques",
    "you_can_withdraw_money_using_this_payment_system": "Você pode sacar dinheiro usando este sistema de pagamento",
    "how_to_change_account_password": "Como alterar a senha da conta",
    "click_the_change_password_function_on_the_my_tab_on_the_lower_right": "Clique na função 'Alterar senha' na guia 'Meu' no canto inferior direito da página. Digite sua senha antiga e nova senha para alterá-la",
    "what_if_i_forget_my_withdrawal_password": "E se eu esquecer minha senha de saque",
    "please_use_the_email_address_you_reserved_when_registering_to_send_username": "Por favor, use o endereço de e-mail que você reservou ao se registrar para enviar (nome de usuário: .... 'esqueci a senha de retirada') para nosso endereço de e-mail oficial: tronrico68@gmail.com",
    "what_should_i_do_if_i_need_to_change_my_wallet_address": "O que devo fazer se precisar alterar o endereço da minha carteira",
    "please_use_the_email_address_you_reserved_when_registering_to_send": "Por favor, use o endereço de e-mail que você reservou ao se registrar para enviar (nome de usuário e novo endereço de carteira) para nosso endereço de e-mail oficial: tronrico68@gmail.com",
    "how_to_top_up": "Como recarregar",
    "to_make_a_deposit_you_need_to_log_into_your_account": "Para fazer um depósito, você precisa fazer login na sua conta e ir para a página de mineração. No topo, você verá o botão ‘Depositar’. Uma vez na página de depósito, selecione a moeda que deseja depositar. Depois disso, você receberá um endereço de carteira para o qual deverá enviar suas criptomoedas. Os depósitos serão creditados em 1 minuto.",
    "your_account_may_be_frozen_under_the_following_circumstances": "Sua conta pode ser congelada nas seguintes circunstâncias",
    "trontin_takes_a_responsible_approach_to_protect_the_personal_data": "A TRONTIN adota uma abordagem responsável para proteger os dados pessoais dos seus usuários e a segurança do seu site. Qualquer tentativa de coletar informações pessoais do usuário, hacking do código do site, uso indevido do programa de afiliados, acesso às contas dos usuários através de hacking, uso de serviços de terceiros para aumentar artificialmente o número de parceiros e qualquer administração que insulte o site ou seus usuários podem ser motivos para suspensão da conta do usuário.",
    "I_didnt_find_the_answer_to_my_question_what_should_I_do": "Não encontrei a resposta para minha pergunta, o que devo fazer",
    "contact_online_customer_service_or_telegram_customer_service": "Entre em contato com o atendimento ao cliente online ou com o atendimento ao cliente do Telegram",
    "how_to_deposit": "Como depositar",
    "click_deposit_on_the_platform_page": "Clique em 'Depósito' na página da plataforma",
    "choose_to_transfer_to_the_basic_account_or_promotion_account": "Opte por transferir para a conta básica ou conta promocional. Após entrar, você pode escolher a moeda para depositar.",
    "select_a_top_up_enter_to_copy_the_deposit_address": "Selecione uma recarga. Digite para copiar o endereço de depósito.",
    "open_your_crypto_wallet_select_the_corresponding_currency_and_transfer": "Abra sua carteira criptografada, selecione a moeda correspondente e transfira.",
    "paste_the_address_of_the_receiving_wallet": "Cole o endereço da carteira receptora.",
    "enter_the_amount_you_plan_to_deposit_into_your_account": "Insira o valor que você planeja depositar em sua conta.",
    "click_next_and_confirm_completion": "Clique em 'Avançar' e confirme a conclusão.",
    "return_to_the_platform_and_click_the_recharge_button_note_the_last_step": "Volte para a plataforma e clique no botão ‘Recarregar’. Obs: O último passo é retornar à plataforma e clicar em ‘Recarga Concluída’. Assim que a recarga for concluída, a conta será creditada a tempo.",
    "how_to_withdraw_money": "Como sacar dinheiro",
    "select_the_exit_button_on_the_homepage_then_use_your_exchange_wallet": "Selecione o botão de saída na página inicial, em seguida, use sua bolsa (carteira) para encontrar o endereço TRC20, copie e vincule-o à plataforma para sair, e a plataforma liquida a moeda TRX. Após a retirada bem-sucedida, a conta será creditada em 1-3 minutos.",
    "if_you_need_help_please_click_online_customer_service": "(Se precisar de ajuda, clique em atendimento ao cliente online)",
    "announcement": "Anúncio",
    "my_message": "Minha mensagem",
    "company_mining_and_revenue": "【Mineração e receita da empresa】",
    "registered_members_will_be_given_56000trx_as_pledged_equity": "Os membros registrados receberão 56.000 TRX como capital penhorado. Para ativar a conta, é necessário um depósito mínimo de 10TRX e um saque mínimo de 5TRX. A renda pode ser sacada ou investida na mineração.",
    "basic_investment_deposit_into_the_basic_account_and_automatically_join_the_contract_for_180_days": "[Investimento Básico] Deposite na conta básica e adira automaticamente ao contrato durante 180 dias [O prazo do contrato entra em vigor a partir do momento do primeiro depósito]. A conta básica gera receita de mineração todos os dias e pode receber de 9% a 38% do valor acumulado do investimento todos os dias. O horário de liquidação do sistema da nossa plataforma é: o horário da primeira compra do usuário, 24 horas depois.",
    "for_example_the_first_purchase_time_is_1500_and_the_income_will_be_obtained_at_1500_the_next_day": "[Por exemplo: o horário da primeira compra é às 15h, e o rendimento será obtido às 15h do dia seguinte] O rendimento não será depositado automaticamente na conta, sendo necessário clicar no rendimento todos os dias; quando a mineração entrar, clique ativamente para receber a renda.",
    "accumulated_deposits_of_10_2500_trx_automatically_upgraded_to_vip1_daily_withdrawal": "Depósitos acumulados de 10-2500 trx, atualizados automaticamente para VIP1, retirada diária de 9%.",
    "accumulated_deposits_of_2501_10000_trx_automatically_upgraded_to_vip2_10_daily_withdrawal": "Depósitos acumulados de 2.501-10.000 trx, atualizados automaticamente para VIP2, retirada diária de 10%.",
    "accumulated_deposits_of_10001_20000_trx_automatically_upgraded_to_vip3_daily_withdrawal": "Depósitos acumulados de 10.001-20.000 trx, atualizados automaticamente para VIP3, saques diários de 11%.",
    "accumulated_deposits_of_20001_50000_trx_automatically_upgraded_to_vip4_daily_withdrawal": "Depósitos acumulados de 20.001 a 50.000 trx, atualizados automaticamente para VIP4, saques diários de 13%.",
    "accumulated_deposits_of_50001_100000_trx_automatically_upgraded_to_vip5_daily_withdrawal": "Depósitos acumulados de 50.001-100.000 trx, atualizados automaticamente para VIP5, retirada diária de 15%.",
    "accumulated_deposits_of_100001_200000_trx_automatically_upgraded_to_vip6_daily_withdrawal": "Depósitos acumulados de 100.001-200.000 trx, atualizados automaticamente para VIP6, saques diários de 17%.",
    "accumulated_deposits_of_200001_500000_trx_automatically_upgraded_to_vip7_daily_withdrawal": "Depósitos acumulados de 200.001-500.000 trx, atualizados automaticamente para VIP7, retirada diária de 23%.",
    "accumulated_deposits_of_500001_1000000_trx_automatically_upgraded_to_vip8_daily_withdrawal": "Depósitos acumulados de 500.001-1.000.000 trx, atualizados automaticamente para VIP8, retirada diária de 26%.",
    "accumulated_deposits_of_1000001_1600000_trx_automatically_upgraded_to_vip9_daily_withdrawal": "Depósitos acumulados de 1000001-1600000 trx, atualizados automaticamente para VIP9, retirada diária de 32%.",
    "accumulated_deposits_of_1600001_9999999_trx_automatically_upgraded_to_vip10_daily_withdrawal": "Os depósitos acumulados são 1600001-9999999 trx, atualizados automaticamente para VIP10, com saques diários de 38%.",
    "automatically_upgrade_vip_level_instructions": "Atualize automaticamente o nível VIP e as instruções.",
    "the_system_will-determine_your_total_accumulated_deposit": "O sistema determinará seu depósito total acumulado e atualizará você automaticamente para o nível apropriado. Por exemplo: a primeira recarga é 500 TRX, a segunda recarga é 2001 TRX, [a recarga cumulativa é 2501 TRX] o sistema atualizará automaticamente para VIP2 e você terá VIP2. O rendimento diário do nível é de 10% e assim por diante.",
    "share_invitation_reward_description": "Compartilhe a descrição da recompensa do convite",
    "invite_friends_description": "Convide amigos com o link da promoção e 13% da renda será sacada imediatamente. Se você recomendar que centenas de pessoas se juntem ao Trontin, você poderá se tornar um milionário. Máximo 18% (nível de comissão 13% + nível 2 2% + nível 3 1%) 1: Por exemplo: Você convida o usuário A, o usuário A deposita e investe 10.000TRX, você receberá 1.300TRX como recompensa. O usuário A convida o usuário B, o usuário B deposita e investe 10.000TRX, e você receberá 200TRX como recompensa. O usuário B mais uma vez inspira o usuário C. O usuário C deposita e investe 10.000TRX. Você receberá 100TRX como recompensa. A receita da promoção será transferida diretamente para sua conta promocional. Você pode sacar dinheiro diretamente ou comprar links de plataformas de promoção de produtos financeiros para obter receita de promoção e cultivar membros de sua própria equipe (a promoção pode obter uma certa porcentagem da receita de promoção). Promova seu link de convite em sua família e amigos, WhatsApp, grupo do Facebook, YouTube, Instagram, Twitter, grupo de Telegram ou qualquer plataforma de mídia social (Link de convite: Faça login na plataforma e clique no botão de compartilhamento para copiar o link. Envie o link para seus amigos ou qualquer plataforma social. Diga-lhes que esta é a melhor plataforma de mineração de investimento para retirar pelo menos 8% -36% do valor do investimento todos os dias)",
    "official_platform_description": "Plataforma oficial do pool de mineração TRONRICO",
    "the_official_platform_of_trontin_mining_pool": "A plataforma oficial do pool de mineração TRONRICO, conhecida como TRONRICO, foi certificada pelo TRON Blockchain Financial Center. Somos um operador TRON oficial e legal. Forneça aos clientes os serviços mais estáveis, seguros e eficientes! Desde 2020, nós e a sede da TRON reprimimos mais de 3.000 plataformas falsificadas. Se você encontrar uma plataforma falsa, entre em contato conosco e cooperaremos com a sede da TRON para reprimir a plataforma de certificação oficial TRONRICO.",
    "trontin_msb_registration_certificate": "Certificado de registro TRONRICO MSB",
    "tax_registration_certificate": "certidão de registro fiscal",
    "TRONTIN_White_Paper": "Artigo Técnico TRONRICO",
    "click_to_view_trontin_white_paper": "Clique para ver o white paper da TRONRICO",
    "news_report": "Reportagem",
    "trontin_launches_revolutionary_cloud_mining_platform": "TRONRICO lança plataforma revolucionária de mineração em nuvem",
    "click_to_view": "Clique para ver",
    "contact_us": "Contate-nos",
    "company_website": "Site da empresa",
    "company_telegram": "Telegrama da Empresa",
    "telegram_channel": "Canal de telegrama",
    "email": "E-mail",
    "company_address": "8 Marina Blvd, Torre 1, andares 31 e 32, Marina Bay Financial Centre Singapura",
    "invite_friends_to_recharge": "Convide amigos para recarregar e obter descontos correspondentes",
    "level": "Nível",
    "rebate": "Desconto",
    "price": "Preço",
    "available_balance": "Saldo disponível",
    "limit_quantity": "Limitar quantidade",
    "purchase_quantity": "Quantidade de compra",
    "daily_interest_rate": "Taxa de juros diária",
    "real_time": "Tempo real",
    "participate_in_investment": "Participe do investimento",
    "project_rules": "Regras do Projeto",
    "repayment_method": "Método de reembolso",
    "repay_principal_and_interest_at_maturity": "Reembolsar principal e juros no vencimento",
    "unit_price": "preço unitário",
    "daily_rate_of_return": "Taxa diária de retorno",
    "investment_cycle": "Ciclo de investimento",
    "expected_profit": "lucro esperado",
    "project_introduction": "Introdução ao Projeto",
    "tron_love_mining_machine": "Máquina de mineração TRON LOVE Ciclo curto e renda estável é uma boa escolha. O rendimento diário é de 4,57% -4,7% e o ciclo é de 3 dias. Após o término do ciclo, ele será distribuído diretamente para sua [conta promocional] juntamente com o principal e os rendimentos obtidos durante o ciclo. Você pode sacar dinheiro diretamente; esta plataforma suporta mineração de investimento TRX, ETH, BNB, DOGE, USDT (ERC20 TRC20 BEP20).",
    "notice": "PERCEBER",
    "confirmation_transfer": "Tem certeza de que deseja fazer a transferência?",
    "home": "Lar",
    "invest": "Investir",
    "mine": "Meu",
    "Account_6_16_characters_no_spaces_allowed": "Conta, de 6 a 16 caracteres, sem espaços permitidos",
    "Area_code_plus_mobile_number": "Código de área + número de celular",
    "recommendation_code": "Código de recomendação",
    "global_partners": "Parceiros globais",
    "email_verification_code": "Código de verificação de e-mail",
    "otp": "OTP",
    "enter_a_new_password": "Digite uma nova senha",
    "wallet_found": "Fundos da carteira",
    "need_traded": "Precisa ser negociado",
    "already_traded": "Já negociado",
    "number_of_withdrawals": "Número de saques",
    "allow_withdrawal": "Permitir retirada",
    "yes": "sim",
    "minimum_withdrawal": "Retirada mínima",
    "enter_withdrawal_amount": "Insira o valor da retirada",
    "please_enter": "Por favor insira",
    "loading": "Carregando",
    "confirm_password": "Confirme sua senha",
    "original_payment_password": "Senha de pagamento original",
    "invest_product": "Investimento Inteligente",
    "purchased": "comprado",
    "total_income": "renda total",
    "principal": "principal",
    "total_principal_and_interest": "total de principal e juros",
    "how_to_deposit_funds_on_the_ai_trading_platform": "1. Como depositar fundos na plataforma de negociação AI",
    "step_1_get_your_deposit_address": "Etapa 1: Obtenha seu endereço de depósito",
    "log_into_your_ai_trading_account": "Faça login em sua conta de negociação de IA",
    "head_to_the_deposit_page": "Vá para a página \"Depósito\"",
    "choose_your_cryptocurrency": "Escolha sua criptomoeda (TRC20, BEP20, BNB ou TRX)",
    "generate_the_deposit_address_and_copy_it_to_your_clipboard": "Gere o endereço de depósito e copie-o para sua área de transferência",
    "step_2_send_funds_from_your_wallet": "Passo 2: Envie fundos da sua carteira",
    "open_your_crypto_wallet_app": "Abra seu aplicativo de carteira criptografada (por exemplo, MetaMask, Trust Wallet)",
    "select_the_correct_network": "Selecione a rede correta (TRC20 ou BEP20)",
    "paste_the_copied_deposit_address_as_the_recipient": "Cole o endereço de depósito copiado como destinatário",
    "input_the_amount_you_want_to_deposit_and_confirm_the_send": "Insira o valor que deseja depositar e confirme o envio",
    "wait_for_confirmation_on_the_blockchain": "Aguarde a confirmação no blockchain (geralmente alguns minutos)",
    "step_3_confirm_your_deposit": "Etapa 3: confirme seu depósito",
    "go_to_transaction_history_to_track_progress": "Vá para \"Histórico de transações\" para acompanhar o progresso",
    "click_complete_deposit_once_transaction_is_verified": "Clique em \"Concluir depósito\" assim que a transação for verificada",
    "if_your_deposit_doesnt_reflect_within_30_minutes_reach_out_to_support": "Se o seu depósito não for refletido em 30 minutos, entre em contato com o suporte",
    "how_to_withdraw_funds_from_the_ai_trading_platform": "2. Como retirar fundos da plataforma de negociação AI",
    "step_1_choose_your_withdrawal_option": "Etapa 1: escolha sua opção de retirada",
    "log_in_and_open_the_fund_management_tab": "Faça login e abra a guia \"Gerenciamento de fundos\"",
    "click_withdraw_and_pick_your_preferred_network": "Clique em “Retirar” e escolha sua rede preferida (TRC20\/BEP20\/BNB\/TRX)",
    "step_2_fill_in_withdrawal_information": "Etapa 2: preencher as informações de retirada",
    "enter_the_amount_you_want_to_withdraw": "Digite o valor que deseja sacar",
    "paste_your_wallet_address": "Cole o endereço da sua carteira (certifique-se de que corresponde à rede correta)",
    "complete_any_required_security_verification_steps": "Conclua todas as etapas de verificação de segurança necessárias",
    "step_3_final_confirmation_and_submission": "Etapa 3: Confirmação Final e Envio",
    "double_check_all_the_details_before_submitting": "Verifique todos os detalhes antes de enviar",
    "withdrawals_usually_process_within_30_minutes": "As retiradas geralmente são processadas em 30 minutos",
    "track_the_progress_under_withdrawal_records": "Acompanhe o progresso em \"Registros de retirada\"",
    "important_notes": "Notas importantes:",
    "double_check_your_wallet_address_crypto_transfers_cant_be_undone": "❗️ Verifique novamente o endereço da sua carteira – as transferências criptográficas não podem ser desfeitas",
    "make_sure_to_meet_the_platforms_minimum_withdrawal_limit": "❗️ Certifique-se de cumprir o limite mínimo de saque da plataforma",
    "delays_can_occur_due_to_high_network_traffic": "❗️ Podem ocorrer atrasos devido ao alto tráfego de rede",
    "contact_live_chat_support_anytime_if_you_face_any_issues": "❗️ Entre em contato com o suporte por chat ao vivo a qualquer momento se tiver algum problema",
    "if_you_need_more_help_our_customer_service_team_is_available_24_7_via_live_chat": "Se precisar de mais ajuda, nossa equipe de atendimento ao cliente está disponível 24 horas por dia, 7 dias por semana, via chat ao vivo",
    "what_is_chain_quant": "1. O que é Quant em Cadeia?",
    "chain_quant_description": "Chain Quant é uma plataforma de negociação quantitativa alimentada por IA que combina inteligência artificial e tecnologia blockchain para analisar tendências do mercado criptográfico e executar negociações automatizadas – capacitando os usuários a obter retornos estáveis ​​com esforço mínimo.",
    "core_services_of_chain_quant": "2. Serviços principais da Chain Quant",
    "quantitative_arbitrage_trading": "Negociação de Arbitragem Quantitativa\n – Utiliza diferenças de preços em múltiplas bolsas para gerar lucros de baixo risco\n – Sistemas orientados por IA rastreiam os mercados 24 horas por dia, 7 dias por semana e executam negociações nos momentos ideais",
    "ai_auto_trading": "Negociação automática de IA\n – Bots totalmente automatizados usando estratégias pré-construídas, como acompanhamento de tendências e sistemas de grade\n – Os algoritmos se ajustam em tempo real para limitar o risco e aumentar os retornos",
    "fund_security": "Segurança do Fundo\n – Implementa criptografia multicamadas com separação de carteira fria e quente\n – Auditorias de contratos inteligentes fornecem operações transparentes e à prova de falsificação",
    "instant_deposits_withdrawals": "Depósitos\/Retiradas Instantâneos\n – Depósitos processados dentro de 1–3 minutos (suporta TRC20\/BEP20)\n – As retiradas são rápidas e automatizadas – não é necessária revisão manual",
    "multiple_trading_modes": "Vários modos de negociação\n – Modo iniciante: negociação de baixo risco e totalmente sem intervenção\n – Modo Pro: ferramentas avançadas e controles de estratégia para usuários experientes",
    "how_to_register_and_start_using_chain_quant": "3. Como registrar e começar a usar o Chain Quant?",
    "sign_up": "Etapa 1: Inscreva-se: \n Visite o site oficial da Chain Quant, clique em “Registro Gratuito” e verifique por e-mail ou telefone",
    "deposit_and_activate_ai_trading": "Etapa 2: Depositar e ativar a negociação de IA:\n Financie sua conta com USDT (TRC20 ou BEP20)\n Os fundos depositados são convertidos em seu saldo comercial Chain Quant",
    "launch_ai_trading": "Etapa 3: Inicie a negociação de IA:\n Clique em “Negociação Quantitativa” para ativar seu bot pessoal de IA\n O sistema inicia negociações automatizadas com o objetivo de gerar lucros diários",
    "how_to_earn_with_chain_quant": "Como ganhar com Chain Quant?",
    "arbitrage_profits": "– Método 1: Lucros de Arbitragem:\n A IA detecta lacunas de preços (por exemplo, compre na baixa em uma bolsa, venda na alta em outra)",
    "ai_trading_returns": "– Método 2: Retornos de negociação de IA:\n Algoritmos usam dados de tendência para comprar na baixa e vender na alta automaticamente",
    "referral_rewards": "– Método 3: Recompensas por indicação:\n Convide outras pessoas e ganhe comissões por suas negociações",
    "why_choose_chain_quant": "5. Por que escolher Chain Quant?",
    "ai_automation": "✓ Automação de IA 24 horas por dia, 7 dias por semana – Nunca perca uma oportunidade de negociação",
    "military_grade_security": "✓ Segurança de nível militar – carteiras frias e criptografia de alto nível",
    "dual_trading_modes": "✓ Modos de negociação duplos – perfeitos para iniciantes e profissionais",
    "reliable_returns": "✓ Retornos Confiáveis ​​– Apoiados por análises de mercado em tempo real",
    "free_daily_withdrawals": "✓ Saques diários gratuitos – Aproveite um saque gratuito todos os dias",
    "start_your_journey_with_chain_quant": "Comece sua jornada com Chain Quant hoje e deixe a automação inteligente trabalhar para o seu futuro criptográfico!",
    "chain_quant_ltd": "CHAIN ​​QUANT LTD",
    "driving_the_future_of_ai": "Impulsionando o futuro da IA, Big Data e automação",
    "at_chain_quant_we_harness": "Na Chain Quant, aproveitamos o poder da inteligência artificial de ponta, big data e automação avançada para acelerar a transformação digital global. Nossa missão é capacitar as organizações com soluções inteligentes e escaláveis ​​que impulsionam o crescimento dos negócios e moldam um futuro mais conectado e eficiente.",
    "core_services": "Serviços principais",
    "ai_solutions": "Soluções de IA – Integrando aprendizado de máquina e aprendizado profundo para otimizar operações e maximizar a eficiência.",
    "big_data_analytics": "Big Data Analytics – Fornecendo infraestrutura de dados poderosa e insights acionáveis ​​para tomada de decisões inteligentes e crescimento sustentável.",
    "automation_integration": "Integração de automação – Projetando fluxos de trabalho de automação personalizados que reduzem custos, eliminam redundâncias e aumentam a produtividade.",
    "strategic_industry_consulting": "Consultoria Estratégica da Indústria – Fornece inteligência de mercado inovadora e orientada para a tecnologia para orientar estratégias de transformação digital.",
    "our_core_values": "Nossos Valores Fundamentais",
    "innovation_driven": "Orientados para a inovação – Desafiamos o status quo e ultrapassamos os limites do que é possível com a tecnologia.",
    "client_centric": "Centrado no cliente – Cada solução é adaptada às necessidades exclusivas e aos objetivos em evolução de nossos clientes.",
    "integrity_accountability": "Integridade e responsabilidade – Transparência e confiança são os alicerces de todas as parcerias que construímos.",
    "vision": "Visão",
    "to_lead_globally_in_ai": "Liderar globalmente em IA e inovação baseada em dados, permitindo que as PME prosperem na economia digital, promovendo ao mesmo tempo o uso responsável da tecnologia e a transformação ética.",
    "innovation_philosophy": "Filosofia de Inovação",
    "we_pioneer_the_smart_ecosystem": "Somos pioneiros no Ecossistema Inteligente – uma infraestrutura digital intersetorial protegida por blockchain que permite colaboração contínua, transparência e inteligência avançada em mercados globais.",
    "corporate_information": "Informações Corporativas",
    "legal_name": "Nome Legal",
    "company_number": "Número da empresa",
    "incorporation_date": "Data de Incorporação",
    "registered_address": "Endereço registrado",
    "for_official_filings": "Para registros e verificações oficiais, consulte o registro do governo do Reino Unido:",
    "uk_government_registry": "Registro do Governo do Reino Unido",
    "secure_and_fast_transactions": "Retirada em 24 horas",
    "withdraw_account": "Conta de retirada",
    "withdrawal_method": "Método de retirada",
    "quota": "Cota 1 - 650.000",
    "enter_withal_address": "endereço de retirada",
    "enter_password": "Senha",
    "handling_fees": "Taxas de manuseio",
    "actually_received": "Realmente receber",
    "press_release": "Comunicado de imprensa",
    "relese_date": "03 de fevereiro de 2024",
    "we_are_thrilled_to_announce": "Temos o prazer de anunciar oficialmente o lançamento do Chain Quant em 15 de agosto de 2024!",
    "Chain_Quant_is_a_global_powerhouse": "A Chain Quant é uma potência global em negociação quantitativa e arbitragem de criptomoedas orientada por IA, oferecendo soluções de negociação inteligentes e extremamente rápidas que maximizam a lucratividade e capacitam a evolução das finanças digitais.",
    "platform_highlights": "Destaques da plataforma",
    "seamless_multi_exchange_integration": "Integração perfeita com múltiplas exchanges – Suporta Binance, Coinbase, Huobi e muito mais",
    "ultra_fast_arbitrage_execution": "Execução de arbitragem ultrarrápida – oportunidades de compra na baixa\/venda na alta em menos de um segundo",
    "fully_autonomous_trading": "Negociação totalmente autônoma – 100% alimentada por IA, sem necessidade de entrada manual",
    "be_among_the_first_to_experience": "Esteja entre os primeiros a experimentar a negociação da próxima geração.",
    "register_now": "Registre-se agora e assuma o controle do futuro com Chain Quant – onde a precisão encontra o desempenho em finanças inteligentes.",
    "chain_quantity_quantitative_investment_program": "Programa de Investimento Quantitativo em Quantidade em Cadeia. Sistema VIP em camadas para renda passiva automatizada",
    "vip_levels_rewards": "Níveis VIP e recompensas",
    "vip_level_deposit_range_daily_return": "Faixa de Depósito de Nível VIP (USDT) Retorno Diário (%)",
    "vip_1_deposit_range_daily_return": "VIP 1 $ 10 – $ 199 2,46% – 2,52%",
    "vip_2_deposit_range_daily_return": "VIP 2 $ 200 – $ 999 2,71% – 2,72%",
    "vip_3_deposit_range_daily_return": "VIP 3 $ 1.000 – $ 4.999 2,92% – 2,98%",
    "vip_4_deposit_range_daily_return": "VIP 4 $ 5.000 – $ 9.999 3,15% – 3,19%",
    "vip_5_deposit_range_daily_return": "VIP 5 $ 10.000 – $ 14.999 3,36% – 3,40%",
    "vip_6_deposit_range_daily_return": "VIP 6 $ 15.000 – $ 29.999 3,69% – 3,73%",
    "vip_7_deposit_range_daily_return": "VIP 7 $ 30.000 – $ 59.999 3,92% – 3,97%",
    "vip_8_deposit_range_daily_return": "VIP 8 $ 60.000 – $ 99.999 4,25% – 4,27%",
    "vip_9_deposit_range_daily_return": "VIP 9 $ 100.000 – $ 149.999 4,54% – 4,58%",
    "vip_10_deposit_range_daily_return": "VIP 10 $ 150.000 – $ 200.000 5,01% – 5,10%",
    "chain_quantity_operates_on_progressive_model": "A Chain Quantidade opera em um modelo de investimento progressivo projetado para escalabilidade e simplicidade.",
    "start_with_10_usdt_activate_quantity_1": "Comece com apenas 10 USDT para ativar a Quantidade 1",
    "upgrade_to_quantity_2_by_adding_989_usdt": "Atualize para a Quantidade 2 adicionando 989 USDT (Total: 999 USDT)",
    "minimum_deposit_10_usdt": "Depósito baixo: 10 USDT",
    "minimum_withdrawal_2_usdt": "Retirada Mínima: 2 USDT",
    "example_investing_1000_usdt_unlocks_vip_3": "Investir 1.000 USDT desbloqueia VIP 3",
    "daily_earnings_example": "Lucro diário = 1.000 × 2,92% = 29,2 USDT",
    "program_highlights": "Destaques do programa",
    "validity_per_vip_tier": "⏳ Validade de 180 dias por nível VIP",
    "daily_system_reset": "🕛 Reinicialização diária do sistema às 00:00 SGT",
    "automatic_upgrades": "🔓 Atualizações automáticas ao atingir o próximo limite",
    "instant_withdrawals": "💸 Retiradas instantâneas do saldo de comissões",
    "why_choose_chain_quantity": "Por que escolher a quantidade de corrente?",
    "higher_tiers_offer_better_returns": "✅ Níveis mais altos oferecem retornos significativamente melhores",
    "no_lock_up_periods": "✅ Sem períodos de bloqueio – os fundos permanecem acessíveis",
    "real_time_profit_tracking": "✅ Acompanhamento de lucros em tempo real via painel",
    "transparent_automated_system": "✅ Sistema 100% transparente e automatizado",
    "sustainable_passive_income_model": "Ganhe uma renda passiva e sustentável com nosso modelo inteligente em camadas — criado para o crescimento e otimizado para recompensas.",
    "example": "Exemplo",
    "chain_quantity_team_rewards_program": "Programa de recompensas para equipes de quantidade em cadeia",
    "unlock_powerful_earning_potential": "Desbloqueie um poderoso potencial de ganhos com nosso sistema estruturado de comissões multinível e oportunidades exclusivas para agentes.",
    "multi_level_commission_structure": "Estrutura de Comissão Multinível",
    "maximize_rewards_tiered_referral_program": "Maximize suas recompensas por meio de nosso programa de indicação em níveis:",
    "level_1_direct_referrals_earn_15_percent": "Nível 1 (referências diretas): ganhe 15% de comissão",
    "level_2_indirect_referrals_earn_2_percent": "Nível 2 (referências indiretas): ganhe 2% de comissão",
    "level_3_extended_network_earn_1_percent": "Nível 3 (Rede Estendida): Ganhe 1% de comissão",
    "earn_every_time_referrals_deposit_funds": "Você ganha cada vez que seus indicados – e os indicados deles – depositam fundos.",
    "global_agent_recruitment": "Recrutamento de Agente Global",
    "expanding_reach_motivated_partners": "Estamos expandindo nosso alcance e procurando parceiros motivados:",
    "national_agents_earn_5_percent": "Agentes Nacionais: Ganhe 5% de comissão",
    "city_agents_earn_4_percent": "Agentes da cidade: ganhe 4% de comissão",
    "regional_agents_earn_3_percent": "Agentes Regionais: Ganhe 3% de comissão",
    "build_your_network": "Construa sua rede:",
    "launch_telegram_whatsapp_community": "Lance sua própria comunidade Telegram ou WhatsApp",
    "invite_official_support_team": "Convide nossa equipe de suporte oficial para participar",
    "grow_team_unlock_exponential_earning": "Aumente sua equipe e desbloqueie oportunidades de ganhos exponenciais",
    "referral_bonus_example": "Exemplo de bônus de indicação",
    "member_deposit_commission_rate_earnings": "Comissão de depósito de membros Avalie seus ganhos",
    "member_a_1000_usdt_15_percent_150_usdt": "Membro A 1.000 USDT 15% 150 USDT",
    "member_b_1000_usdt_2_percent_20_usdt": "Membro B 1.000 USDT 2% 20 USDT",
    "member_c_1000_usdt_1_percent_10_usdt": "Membro C 1.000 USDT 1% 10 USDT",
    "earn_bonuses_team_members_deposit": "Você ganha bônus sempre que os membros da sua equipe depositam.",
    "daily_agent_bonus_rewards": "Recompensas diárias de bônus de agente",
    "top_performing_agents_rewarded_daily": "Os agentes com melhor desempenho são recompensados ​​automaticamente, com base nos depósitos diários da equipe:",
    "1000_usdt_60_usdt_bonus": "1.000 USDT → BÔNUS DE 60 USDT",
    "5000_usdt_188_usdt_bonus": "5.000 USDT → BÔNUS DE 188 USDT",
    "16000_usdt_388_usdt_bonus": "16.000 USDT → BÔNUS DE 388 USDT",
    "58000_usdt_1483_usdt_bonus": "58.000 USDT → 1.483 USDT BÔNUS",
    "100000_usdt_6450_usdt_bonus": "100.000 USDT → 6.450 USDT BÔNUS",
    "500000_usdt_99999_usdt_bonus": "500.000 USDT → 99.999 USDT BÔNUS",
    "bonuses_cumulative_instantly_withdrawable": "Todos os bônus são cumulativos e podem ser retirados instantaneamente em USDT.",
    "join_today_grow_network_start_earning": "Cadastre-se hoje, aumente sua rede e comece a ganhar como nunca antes.",
    "recharge_amount": "Valor de recarga",
    "current_amount": "Valor disponível atual",
    "todays_earning": "Ganhos de hoje",
    "total_revenue": "Receita total",
    "invitation_rewareds": "Recompensas de convite",
    "more_level_comming": "Mais níveis em breve ...",
    "per_day": "Tempos de quantificação por dia",
    "agree_with_our": "Concordo com o nosso",
    "terms_of_use": "Termo de Uso",
    "and": "E",
    "privacy_policy": "política de Privacidade",
    "no_account": "Sem conta?",
    "security_password": "Senha de segurança",
    "processing": "Processamento…",
    "already_have_an_account": "Já tem uma conta?",
    "verify_email_title": "Verificar e-mail",
    "enter_your_verification_code": "Digite seu código de verificação",
    "verifying": "Verificando...",
    "verify_email": "Verificar e-mail",
    "check_inbox_and_spam_html": "Verifique sua caixa de entrada e pasta para obter o e-mail de verificação.",
    "total_assets": "Ativos totais",
    "quantitative_account": "Conta Quantitativa",
    "agent_corperation": "Cooperação de Agente",
    "activity": "Atividade da equipe",
    "unread_messages_alert": "Você tem mensagens não lidas no site, acesse e verifique o conteúdo da mensagem!",
    "vip": "VIP",
    "trial_fee": "Taxa de teste",
    "profit_assets": "Ativos de lucro",
    "todays_earnings": "Ganhos de hoje",
    "quantifiable_number_of_days": "Número quantificável de dias",
    "countdown_days": "Dias de contagem regressiva",
    "quantify_reset_time": "Quantificar o tempo de reinicialização",
    "start_quantify": "Comece a quantificar",
    "quantification_process": "Processo de Quantificação",
    "start_quantification": "Comece a quantificação...",
    "start_queuing": "Comece a fazer fila...",
    "start_executing_buy_order": "Comece a executar a ordem de compra...",
    "start_executing_sell_order": "Comece a executar a ordem de venda...",
    "start_capturing_market_prices": "Comece a capturar os preços do mercado comercial...",
    "start_distributing_commissions": "Comece a distribuir comissões...",
    "operation_complete": "A operação está concluída e terminando.",
    "current_vip": "VIP atual",
    "click_to_unlock": "Clique para desbloquear",
    "quantification_times_per_day": "Tempos de quantificação por dia",
    "profit_ratio": "Taxa de lucro",
    "minimum_unlock_amount": "Valor mínimo de desbloqueio",
    "recharge_unlock_message": "A recarga desbloqueia automaticamente a recarga {{minUnclock}}USDT",
    "quantitative_benefits": "Benefícios quantitativos",
    "deposit_into_basic_wallet": "Deposite na carteira básica",
    "invest_record": "Registro de investimento",
    "build_team_rewards": "Monte uma equipe e receba recompensas generosas",
    "my_invitation_code": "Meu código de convite",
    "invite_link": "Link de convite",
    "view_the_team": "Veja a equipe",
    "daily_commissions": "Comissões Diárias",
    "invited_friends_recharge_rebates": "Convide amigos para obter descontos correspondentes ao recarregar:",
    "recharge_rebate": "Desconto de recarga",
    "quantify_rebate": "Quantificar desconto",
    "copy_success": "Sucesso na cópia",
    "withdraw": "Retirar",
    "sign_out": "Sair",
    "hello_username": "Olá, {{nome de usuário}}",
    "welcome_back": "bem vindo de volta",
    "investment_accounts": "Contas de investimento",
    "commission_today": "Comissão hoje",
    "yesterdays_earnings": "Ganhos de ontem",
    "detail": "Detalhe",
    "transfer": "Transferir",
    "news": "Notícias",
    "security_center": "Central de segurança",
    "company_profile": "perfil de companhia",
    "about_us": "Sobre nós",
    "twenty_four_hour_withdrawal": "Retirada de 48 horas",
    "withdrawable": "Retirável",
    "amount_to_be_processed": "Valor a ser processado",
    "payment_method": "Método de pagamento",
    "withdrawal_limit_range": "Faixa de limite de retirada 7,00 - 99999999,00",
    "withdrawal_address": "Endereço de retirada",
    "handling_fee": "Taxa de manuseio",
    "receipt": "Recibo",
    "withdrawal_note": "Nota de Retirada",
    "withdrawal_policy_title": "Política de retirada (ToobitQuant)",
    "minimum_withdrawal_amount": "Valor mínimo de retirada",
    "withdrawal_fee": "Taxa de retirada",
    "withdrawal_frequency": "Frequência de retirada",
    "withdrawal_frequency_desc": "Uma vez por dia, disponível de segunda a domingo (horário de Cingapura)",
    "processing_time": "Tempo de processamento",
    "processing_time_desc": "As retiradas são normalmente processadas dentro de 0 a 48 horas após o envio da solicitação e serão transferidas diretamente para sua carteira.",
    "mining_machine_energy_failure": "Falha de energia na máquina de mineração, recarregue {{amount}} USDT",
    "financial": "Financeiro",
    "usdt": "USDT",
    "failed_to_fetch_data": "Falha ao buscar dados.",
    "note_before_switching_accounts": "Nota: Antes de trocar de conta de recarga, confirme se a recarga anterior foi recebida!",
    "quant_account_desc": "Deposite nesta conta para obter retornos quantificados inteligentes",
    "investment_account_desc": "Os depósitos nesta conta podem ser usados ​​para investir em projetos de crowdfunding",
    "recharge_address": "Endereço de recarga",
    "recharge_complete": "Recarga concluída",
    "deposit_instruction_1": "1. Copie o endereço acima ou escaneie o código QR e selecione o",
    "network_deposit": "rede para depositar ativos.",
    "invite_top_up_rewards": "Convide amigos para recarregar pela primeira vez e você poderá obter as seguintes recompensas",
    "number_of_invited_people": "Número de pessoas convidadas",
    "invitation_rewards_label": "Recompensas de convite:",
    "usdt_automatic_distribution": "Distribuição Automática USDT",
    "invitee_first_recharge_needs_to_be_in": "A primeira recarga do convidado precisa estar em",
    "above": "acima",
    "tiered_rewards_intro": "Convide um certo número de pessoas e receba recompensas em níveis:",
    "count": "Contar",
    "award": "Prêmio",
    "unlimited": "Ilimitado",
    "auto": "Auto",
    "claimed": "Reivindicado",
    "remaining": "Restante",
    "failed_to_load_invite_rewards": "Falha ao carregar recompensas de convite.",
    "reward_claimed_successfully": "Recompensa reivindicada com sucesso.",
    "unable_to_claim_reward": "Não foi possível reivindicar a recompensa. Por favor, tente novamente.",
    "agent_cooperation": "Cooperação de Agente",
    "global_recruitment_title": "Recrutamento global para funcionários em tempo integral Informações sobre empregos:",
    "positions_available_subtitle": "6 vagas disponíveis no Departamento de Marketing",
    "job_description_promotion_title": "Descrição do cargo e critérios de promoção:",
    "job_description_promotion_body": "O Departamento de Marketing está oferecendo as seguintes 6 vagas com base no número total de usuários com níveis de recarga bem-sucedidos no Nível 1 e Nível 2. As vagas são as seguintes:",
    "salary_tiers_intro": "Cada cargo possui diferentes níveis salariais. Quanto maior o cargo, maior o salário. Os detalhes são os seguintes:",
    "position": "Posição",
    "level_1": "Nível 1",
    "level_1_plus": "Nível 1+",
    "level_2": "Nível 2",
    "weekly": "Semanalmente",
    "salary": "Salário",
    "growth_catalyst": "Catalisador de Crescimento",
    "brand_architect": "Arquiteto de Marca",
    "engagement_guru": "Engajamento do professor",
    "visionary_strategist": "Estrategista Visionário",
    "innovation_leader": "Líder de Inovação",
    "territory_commander": "Comandante do Território",
    "meet_requirements_contact_manager": "Para usuários que atendem aos requisitos do cargo, entre em contato com o gerente de projeto para verificação.",
    "salary_payment_method_timing": "Método e prazo de pagamento de salário:",
    "salary_distribution_detail": "Os salários serão distribuídos para a conta da carteira ToobitQuant todas as segundas-feiras após as 18h.",
    "additional_rewards_title": "Recompensas adicionais para funcionários em tempo integral:",
    "additional_rewards_body": "Assim que um funcionário se tornar membro permanente, ele também receberá uma porcentagem do total dos depósitos semanais de sua equipe como recompensa adicional. A estrutura de recompensa é a seguinte:",
    "total_weekly_deposits_usdt": "Depósitos semanais totais (USDT)",
    "reward_percentage": "Porcentagem de recompensa",
    "commission": "Comissão",
    "commission_records": "Registros de Comissão",
    "valid_invitation_people_number": "Número de pessoas com convite válido",
    "team_report": "Relatório da equipe",
    "team_total_recharge": "Recarga total da equipe:",
    "team_total_withdrawal": "Retirada total da equipe:",
    "level_3": "Nível 3",
    "total_valid_label": "Total\/Válido:",
    "get_commission_label": "Obter Comissão:",
    "now_go": "Agora vá",
    "brand_name": "TOOBIT",
    "press_release_date": "25 de junho de 2025",
    "launch_announcement_prefix": "Temos o prazer de anunciar o lançamento do",
    "launch_announcement_suffix": ", uma plataforma revolucionária alimentada por IA que está disponível em 5 de setembro de 2025.",
    "platform_description": "TOOBIT foi projetado para elevar o futuro da negociação de ativos digitais, combinando o poder da inteligência artificial com uma execução extremamente rápida. Criada para a próxima geração de investidores, nossa plataforma oferece ferramentas de precisão para otimizar a arbitragem criptográfica e estratégias de negociação quantitativa, garantindo que seu portfólio prospere no mercado altamente competitivo de hoje.",
    "key_features_title": "Principais recursos do Toobit:",
    "feature_multi_exchange_title": "• Integração perfeita com múltiplas exchanges",
    "feature_multi_exchange_desc": "Conecte-se facilmente com plataformas líderes como Binance, Coinbase, Kraken e outras, permitindo negociações eficientes entre bolsas.",
    "feature_realtime_arbitrage_title": "• Detecção de Arbitragem em Tempo Real",
    "feature_realtime_arbitrage_desc": "Com capacidade de resposta de milissegundos, a Toobit identifica e explora oportunidades lucrativas à medida que surgem, garantindo que você fique à frente da curva.",
    "feature_ai_autonomous_title": "• Otimizado para IA, totalmente autônomo",
    "feature_ai_autonomous_desc": "Nossa plataforma é alimentada por IA de ponta, permitindo estratégias automatizadas e baseadas em dados, sem necessidade de entrada manual, para que você possa relaxar e observar o crescimento de seu portfólio.",
    "platform_mission": "A Toobit está aqui para remodelar o cenário dos ativos digitais, capacitando você a negociar de maneira mais inteligente, rápida e eficiente. Quer você seja um trader experiente ou esteja apenas começando, Toobit abre um novo mundo de possibilidades para maximizar retornos.",
    "platform_future_line": "Entre no futuro do comércio – onde a inovação encontra a precisão.",
    "agent_program_heading": "Programa de Parceria com Agentes QUANT",
    "agent_program_headline_prefix": "Entre no futuro das finanças baseadas em IA com",
    "agent_program_headline_suffix": "Programa de Agente Global",
    "agent_program_welcome": "Bem-vindo à próxima era de criação inteligente de riqueza. A TOOBIT tem o orgulho de lançar seu Programa de Agente Global - uma oportunidade única de obter renda passiva de longo prazo, aproveitando o poder da negociação quantitativa alimentada por IA.",
    "agent_program_revolution": "À medida que a revolução das finanças digitais ganha impulso, a Toobit convida profissionais de marketing, líderes comunitários e investidores a participarem na definição do futuro das finanças descentralizadas. Nossa rede de agentes foi construída para oferecer escalabilidade, flexibilidade e lucratividade, oferecendo uma maneira interessante de aumentar sua receita e, ao mesmo tempo, ajudar outros a prosperar na economia digital.",
    "agent_program_highlights": "Destaques do programa:",
    "agent_program_income": "• Potencial de renda em vários níveis – Ganhe descontos com base nas atividades da sua rede, criando um fluxo de renda recorrente à medida que sua comunidade se expande. Seu link de indicação facilita a promoção, sem necessidade de experiência.",
    "agent_program_tools": "• Suporte e ferramentas abrangentes - Acesse recursos de plataforma de ponta, descontos em tempo real e automação comercial orientada por IA para tornar a promoção perfeita e gratificante.",
    "agent_program_growth": "• Oportunidades impulsionadas pelo crescimento - progrida nos níveis (municipal, nacional, parceiro global) e desbloqueie recompensas exclusivas, incluindo participação nos lucros vitalícia de mais de 20% e privilégios regionais especiais para os principais agentes.",
    "agent_program_closing": "Esteja você interagindo por meio de mídias sociais, redes de investidores ou comunidades locais, a Toobit garante que seus esforços serão recompensados. Comece a construir o seu futuro hoje e junte-se a nós enquanto lideramos o mundo das finanças inteligentes. O futuro da negociação está aqui. Toobit convida você a fazer parte disso.",
    "company_name_legal": "TOOBIT AI LIMITED",
    "cp_p1_rest": "foi fundada em Londres, Reino Unido, em 2025 e está empenhada em se tornar uma empresa líder na área de comércio inteligente baseado em blockchain.",
    "cp_p2_rest": "é um sistema de negociação quantitativo avançado alimentado por tecnologia de inteligência artificial. A sua principal capacidade reside na execução automática de estratégias de negociação para maximizar o retorno do investimento e, ao mesmo tempo, minimizar o risco. Especificamente, o TOOBIT transforma decisões de investimento em algoritmos de computador executáveis, permitindo operações comerciais transparentes, eficientes e rápidas que se adaptam perfeitamente às flutuações do mercado em tempo real.",
    "cp_p3_suffix": "As estratégias de negociação da s são baseadas em matemática moderna, estatísticas, aprendizado de máquina e análise contínua das tendências de mercado e preços de ativos digitais para determinar as ações de negociação mais eficazes. Através de algoritmos e modelagens complexos, o sistema avalia os riscos de mercado e as oportunidades de investimento, otimizando automaticamente as alocações de carteira em resposta às mudanças nas expectativas de risco e retorno.",
    "cp_p4": "Esta abordagem totalmente automatizada elimina erros humanos, aumenta a precisão das transações e garante uma adaptação consistente às condições de mercado voláteis e incertas.",
    "cp_p5_prefix": "Em essência,",
    "cp_p5_suffix": "é um sistema de negociação quantitativo de última geração que combina inteligência artificial com teoria financeira moderna para implementar automaticamente estratégias destinadas a maximizar o lucro e minimizar o risco.",
    "label_company_name": "nome da empresa",
    "label_company_number": "Número da empresa",
    "label_incorporation_date": "Data de Incorporação",
    "label_registered_capital": "Capital Registrado",
    "label_email": "E-mail",
    "label_phone": "Telefone",
    "label_registered_office": "Sede Registrada",
    "company_number_value": "16289541",
    "incorporation_date_value": "04 de março de 2025",
    "registered_capital_value": "100 milhões de libras esterlinas",
    "email_value": "TOOBITquant.ai@gmail.com",
    "phone_value": "+44 7742 043280",
    "registered_office_value": "32 London Bridge St, Londres, Reino Unido SE1 9SG",
    "platform_bonus": "Bônus de plataforma",
    "failed_to_load_notices": "Falha ao carregar avisos",
    "welcome_title": "Bem-vindo ao TOOBIT: Desbloqueando juntos um futuro inteligente",
    "withdraw_success": "Retirada com sucesso",
    "deposit_success": "Sucesso no Depósito",
    "income_received": "Renda recebida",
    "product": "Produto",
    "project_rule": "Regra do Projeto",
    "repayment": "Reembolso",
    "maturity_principal_interest": "Principal e juros de vencimento",
    "daily_return": "Retorno Diário",
    "invest_cycle": "Ciclo de Investimento",
    "estimated_revenue": "Receita estimada",
    "balance_not_enough_recharge": "Saldo insuficiente. Recarregue {{amount}} USDT",
    "ok": "OK",
    "transfer_amount": "Valor da transferência",
    "old_login_password": "Senha de login antiga",
    "new_login_password": "Nova senha de login",
    "old_payment_password": "Senha de pagamento antiga",
    "new_payment_password": "Nova senha de pagamento",
    "about_p1_tail": "é um sistema de negociação quantitativo de ponta alimentado por inteligência artificial. A sua principal característica é a execução automática de estratégias de negociação concebidas para maximizar o retorno do investimento e, ao mesmo tempo, minimizar o risco. Ao transformar decisões de negociação em algoritmos de computador, automatiza estratégias predefinidas, tornando o processo de negociação mais transparente, eficiente e altamente responsivo às mudanças do mercado.",
    "about_p2_a": "As estratégias quantitativas empregadas por",
    "about_p2_b": "aproveite a matemática moderna, estatísticas, aprendizado de máquina e análise em tempo real de tendências de mercado e preços de criptomoedas. Estas tecnologias avançadas permitem que a plataforma formule planos de negociação altamente otimizados.",
    "about_p2_c": "Ao mesmo tempo,",
    "about_p2_d": "utiliza modelos complexos para avaliar riscos de mercado e identificar oportunidades de investimento, reequilibrando automaticamente as carteiras com base na relação risco-retorno esperada. Esta abordagem totalmente automatizada elimina erros humanos, aumenta a precisão e garante que o sistema possa se adaptar rapidamente às condições voláteis do mercado.",
    "about_p3_a": "Em essência,",
    "about_p3_b": "integra a inteligência artificial com a teoria financeira moderna para executar estratégias de investimento de forma autônoma – perseguindo os objetivos duplos de maximizar o lucro e reduzir o risco.",
    "about_p4_heading_tail": "Fonte de renda e segurança financeira",
    "about_p5_tail": "opera em um modelo de negócios mutuamente benéfico junto com seus usuários. Todos os lucros são gerados através de flutuações de preços nos mercados globais de criptomoedas. A natureza descentralizada e inviolável da tecnologia blockchain garante um ambiente de investimento aberto e transparente, oferecendo aos usuários uma camada mais forte de proteção financeira.",
    "about_p6_a": "Resumindo,",
    "about_p6_b": "capacita os usuários com um sistema de negociação inteligente projetado para apoiar o crescimento consistente e sustentável da riqueza. Cada transação não só proporciona retornos aos utilizadores, mas também gera receitas de plataforma – formando uma estrutura ganha-ganha que apoia a estabilidade financeira a longo prazo para ambas as partes.",
    "about_p7_a": "Vamos trabalhar juntos para impulsionar o desenvolvimento saudável da indústria blockchain. Com",
    "about_p7_b": "mais indivíduos podem dominar com confiança e eficiência o princípio de comprar na baixa e vender na alta por meio de sistemas de negociação inteligentes e alimentados por IA.",
    "about_p8_a": "Agora em sua quarta geração,",
    "about_p8_b": "evoluiu para se tornar ainda mais poderoso, oferecendo recursos aprimorados e ao mesmo tempo simplificando a experiência do usuário. Com um único clique em “Iniciar Quantificação”, os usuários podem começar a gerar retornos em apenas um minuto. Este é o futuro do investimento inteligente.",
    "open_support_drawer": "Abra a gaveta de suporte",
    "online_service": "Serviço on-line",
    "choose_support_method": "Escolha seu método de contato de atendimento ao cliente online preferido",
    "customer_support": "Suporte ao Cliente",
    "community_group": "Grupo comunitário",
    "verify_code": "Verifique o código",
    "click_to_refresh": "Clique para atualizar",
    "request_already_processing": "Sua solicitação já está sendo processada",
    "credential_not_match": "Esta credencial não corresponde aos nossos registros",
    "generic_error": "Algo deu errado. Por favor, tente novamente.",
    "system_notice": "Aviso do sistema",
    "failed_to_load_notice": "Falha ao carregar aviso",
    "no_data": "Sem dados",
    "welcome_heading": "Bem-vindo ao TOOBIT!",
    "welcome_p1": "Estamos entusiasmados por ter você como parte da comunidade TOOBIT. Como uma empresa de tecnologia com visão de futuro e na vanguarda da inovação, estamos aqui para ajudá-lo a explorar o potencial ilimitado da inteligência artificial.",
    "welcome_p2": "Obrigado por escolher a TOOBIT, vamos desbloquear um futuro mais inteligente e conectado. Se você tiver dúvidas, nossa equipe de suporte estará sempre pronta para atendê-lo.",
    "email_verification": "Verificação de e-mail",
    "pending": "Pendente",
    "withdraw_asset": "Retirar Ativos",
    "withdraw_deduction": "Dedução de retirada",
    "quantitative_earning": "Ganhos quantitativos",
    "invited_friends_daily_commissions": "Convide amigos para receber comissões diárias correspondentes quando recarregarem:",
    "rejected": "Rejeitado",
    "consent_intro": "Ao continuar com uma conta localizada em",
    "country_name": "Reino Unido",
    "consent_agreement": "você concorda com o nosso",
    "terms_of_service": "Termos de Serviço",
    "view_daily_check_in": "Ver check-in diário",
    "last_price_binance_spot": "Último Preço • Binance Spot",
    "high": "Alto",
    "low": "Baixo",
    "volume": "Volume",
    "trades": "Negociações",
    "core_cooperative_financial_institutions": "Principais instituições financeiras cooperativas",
    "reward_page_title": "Recompensas de convite",
    "tab_direct": "Direto",
    "tab_missions": "Missões",
    "reward_task_prefix": "Conclua a tarefa com",
    "reward_task_middle": "membros ativos em nível",
    "mission_invite_prefix": "Convidar",
    "mission_invite_unit": "amigos",
    "mission_invite_suffix": "registrar",
    "mission_deposit_prefix": "Pegar",
    "mission_deposit_middle": "depósitos totais",
    "mission_deposit_suffix": "da sua equipe",
    "unit_usdt": "USDT",
    "progress_label": "Progresso",
    "refresh_label": "Atualizar",
    "streak_title": "Sequência atual: {{current}} \/ {{goal}} dias",
    "streak_info": "Reivindique diariamente para manter sua sequência e ganhar bônus. Perder um dia redefinirá seu progresso.",
    "reward_small": "0,01 USDT",
    "reward_big": "1 dólar",
    "claim_button": "Reivindique recompensa diária",
    "company_profile_title": "perfil de companhia",
    "company_intro_1": "TOOBIT FOR TOOBIT LTD foi fundada em Londres, Reino Unido em 2004 e está empenhada em se tornar uma empresa líder na área de comércio inteligente baseado em blockchain.",
    "company_intro_2": "TOOBIT é um sistema de negociação quantitativo avançado alimentado por tecnologia de inteligência artificial. A sua principal capacidade reside na execução automática de estratégias de negociação para maximizar o retorno do investimento e, ao mesmo tempo, minimizar o risco.",
    "company_intro_3": "As estratégias de negociação da TOOBIT são baseadas em matemática moderna, estatísticas, aprendizado de máquina e análise contínua de tendências de mercado e preços de ativos digitais para determinar as ações de negociação mais eficazes.",
    "company_intro_4": "Esta abordagem totalmente automatizada elimina erros humanos, aumenta a precisão das transações e garante uma adaptação consistente às condições de mercado voláteis e incertas.",
    "company_intro_5": "Em essência, o TOOBIT é um sistema de negociação quantitativo de última geração que combina inteligência artificial com a teoria financeira moderna para implementar automaticamente estratégias destinadas a maximizar o lucro e minimizar o risco.",
    "company_name_label": "Nome da empresa:",
    "company_number_label": "Número da empresa:",
    "date_of_incorporation_label": "Data de Incorporação:",
    "registered_office_label": "Sede Registrada:",
    "notice_title": "Segredos para o crescimento da riqueza",
    "notice_paragraph1": "Não se esqueça de reinvestir sua renda e aumentar sua riqueza todos os dias!",
    "notice_paragraph2": "Através dos juros compostos, o seu dinheiro trabalha para você – lucrando não apenas com o seu investimento inicial, mas também com os seus lucros.",
    "notice_paragraph3": "Maximize seu potencial e multiplique sua renda.",
    "notice_paragraph4": "Não perca esta oportunidade - vamos aumentar e crescer juntos!",
    "notice_paragraph5": "Junte-se ao programa de investimento Toobit agora e deixe o USDT gerar retornos automaticamente para você! Junte-se a nós e alcancemos novos patamares de riqueza juntos!",
    "notice_closeButton": "Fechar"
}