{
    "account": "Kullanıcı adı",
    "quantify_records": "Kayıtları Ölçmek",
    "finish": "Sona ermek",
    "buy_platform": "Platformu Satın Al",
    "purchase_price": "Satın Alma Fiyatı",
    "sales_platform": "Satış platformu",
    "selling_price": "Satış fiyatı",
    "service_charge": "Servis ücreti",
    "model": "Modeli",
    "vip_model": "VIP MODELİ",
    "quantitative_strategy": "Nicel Strateji",
    "popular": "Popüler",
    "cryptocurrency_trading": "kripto para ticareti",
    "no_more_data": "Artık Veri Yok",
    "check": "Kontrol etmek",
    "execute_position": "Pozisyonu Yürüt",
    "wallet_account_balance": "Cüzdan hesabı bakiyesi",
    "not_limited": "Sınırlı değil",
    "daily_interest_payment": "Günlük faiz ödemesi, vade sonunda anapara geri ödemesi",
    "share_rules": "Kuralları Paylaş",
    "hello": "Merhaba",
    "register_an_account": "Bir hesap kaydedin",
    "flexible_account": "Nicel Hesap",
    "wallet_account": "Akıllı Hesap",
    "wave_field": "Yardım Merkezi",
    "chain_quant": "Chain Quant: Akıllı Kantitatif Ticaret Platformu için Giriş ve Kullanım Kılavuzu",
    "how_to_get_benefits": "Para Yatırma ve Çekme Nasıl Yapılır",
    "bandwidth": "Şirket Tanıtımı: Chain Quant",
    "energy": "Güç",
    "welcome_to": "Hoş geldiniz",
    "official_telegram_channel": "Resmi Telegram Kanalı",
    "cloud_mining_hosting": "TRONOKX, güvenilir bulut madenciliği ve staking hizmetleri sunarak 12 gün içinde anapara getirisi sağlar. Platformumuz, farklı yatırım ihtiyaçlarına uyacak şekilde değişen para yatırma tutarları ve günlük para çekme oranlarıyla birden fazla VIP seviyesi sunar:",
    "cloud_mining_hosting_2": "Sizi, güvenli, güvenilir ve kârlı getiri sağlayan yenilikçi bulut madenciliği ve staking hizmetleri sunmaya adanmış son teknoloji bir platform olan TRONOKX'la tanıştırmaktan mutluluk duyuyoruz. Sistemimiz, 12 gün içinde anapara getirisi sağlayarak, heyecan verici, sürdürülebilir bir finansal ekosistemin parçası olurken yatırımınızı hızla büyütme fırsatı sunar.",
    "cloud_mining_hosting_3": "TRONOKX'ta farklı yatırım kapasitelerini karşılamak üzere tasarlanmış bir dizi VIP seviyesi sunuyoruz. Her seviyede, yatırımlarından günlük getiri elde etmek isteyen kullanıcılara esnek seçenekler sunan, belirli para yatırma aralıkları ve günlük para çekme oranları vardır. Çeşitli VIP katmanlarına genel bir bakış:",
    "the_amount_of_vip1": "VIP 1: 10-1.000 TRX para yatırma aralığı, günlük %9 para çekme",
    "the_amount_of_vip2": "VIP 2: 1.001-2.000 TRX para yatırma aralığı, günlük %10 çekme",
    "the_amount_of_vip3": "VIP 3: Para yatırma aralığı 2.001-10.000 TRX, günlük %13 çekme",
    "the_amount_of_vip4": "VIP 4: Para yatırma aralığı 10.001-50.000 TRX, günlük %15 çekme",
    "the_amount_of_vip5": "VIP 5: Para yatırma aralığı 50.001-200.000 TRX, günlük %17 çekme",
    "the_amount_of_vip6": "VIP 6: Para yatırma aralığı 200.001-300.000 TRX, günlük %20 çekme",
    "the_amount_of_vip7": "VIP 7: Para yatırma aralığı 300.001-500.000 TRX, günlük %23 çekme",
    "the_amount_of_vip8": "VIP 8: 500.001-800.000 TRX para yatırma aralığı, günlük %28 para çekme",
    "the_amount_of_vip9": "VIP 9: 800.001-1.500.000 TRX para yatırma aralığı, günlük %35 para çekme",
    "the_amount_of_vip10": "VIP 10: 1.500.001+ TRX para yatırma aralığı, günlük %42 para çekme",
    "the_amount_of_vip1_ann": "VIP 1: 10 ila 1.000 TRX arasındaki para yatırma işlemlerinden günlük %9 getiri elde edin.",
    "the_amount_of_vip2_ann": "VIP 2: 1.001 ile 2.000 TRX arasındaki para yatırma işlemleri için günlük %10 oranında para çekmenin keyfini çıkarın.",
    "the_amount_of_vip3_ann": "VIP 3: 2.001 ila 10.000 TRX arasındaki para yatırma işlemleri, günlük %13 oranında para çekme hakkına sahiptir.",
    "the_amount_of_vip4_ann": "VIP 4: 10.001 ile 50.000 TRX arasındaki yatırımlarda günlük %15 kazanın.",
    "the_amount_of_vip5_ann": "VIP 5: 50.001 ile 200.000 TRX arasında para yatırırsanız, günlük %17 getiri elde etmeye hak kazanırsınız.",
    "the_amount_of_vip6_ann": "VIP 6: 200.001 ila 300.000 TRX tutarındaki para yatırma işlemleri günlük %20 kazanç sağlayacaktır.",
    "the_amount_of_vip7_ann": "VIP 6: 200.001 ila 300.000 TRX tutarındaki para yatırma işlemleri günlük %20 kazanç sağlayacaktır.",
    "the_amount_of_vip8_ann": "VIP 8: 500.001 ila 800.000 TRX arasındaki para yatırma işlemleri günlük %28 oranında getiri elde eder.",
    "the_amount_of_vip9_ann": "VIP 9: 800.001 ila 1.500.000 TRX arasındaki daha büyük para yatırma işlemleri için günlük %35 para çekme işleminin keyfini çıkarın.",
    "the_amount_of_vip10_ann": "VIP 10: 1.500.001 TRX'in üzerindeki para yatırma işlemleri için en yüksek seviye, günlük %42 gibi etkileyici bir getiri sunar.",
    "financial_turnaround": "Ayrıca, ana paranın yalnızca 3 gün içinde iade edildiği hızlı bir şekilde getiri görmek isteyenler için kısa vadeli bir mali plan sunuyoruz. Bu plan, daha hızlı bir mali geri dönüş arayan kullanıcılar için idealdir.",
    "periodic_financial_management": "Ayrıca, ana yatırımınızın yalnızca 3 gün içinde geri dönüşünü sağlayan kısa vadeli bir finansal plan sunuyoruz. Ayrıca arkadaşlarınızı platformumuza katılmaya davet ederek ek ödüller kazanabilirsiniz. Yönlendirme programı üç düzeyde yapılandırılmıştır:",
    "periodic_financial_management_ann": "Bu olağanüstü yatırım fırsatlarına ek olarak topluluğun gücüne inanıyoruz. Davet ödülleri programımız, platformu arkadaşlarınız ve ailenizle paylaşarak daha da fazla kazanmanıza olanak tanır. Kademeli yönlendirme sistemimiz şu şekilde çalışır:",
    "the_unit_price_of_tron": "Seviye 1: Doğrudan yönlendirmeler için %13 ödül",
    "the_unit_price_of_tron2": "Seviye 2: İkinci seviye yönlendirmeler için %2 ödül",
    "the_unit_price_of_tron3": "Seviye 3: Üçüncü seviye yönlendirmeler için %1 ödül",
    "the_unit_price_of_tron4": "TRONOKX, uzun vadeli sürdürülebilirlik için tasarlandı ve kripto para birimi var olduğu sürece gelişmeye devam edecek bir platform sunuyor. Kazanmaya başlamak ve yatırımınızı güvenle büyütmek için bugün bize katılın!",
    "the_unit_price_of_tron_ann": "Seviye 1: Doğrudan yönlendirmeler size onların faaliyetlerinden %13 ödül kazandıracaktır.",
    "the_unit_price_of_tron2_ann": "Seviye 2: İkinci seviye yönlendirmeler için, onların faaliyetlerinden %2 alacaksınız.",
    "the_unit_price_of_tron3_ann": "Seviye 3: Üçüncü seviyeden gelen yönlendirmeler sizi etkinliklerinin %1'i ile ödüllendirecektir.",
    "the_unit_price_of_tron4_ann": "Bu çok seviyeli ödül sistemi, ağınızın büyümesinin doğrudan başarınıza katkıda bulunmasını sağlar ve kazanç potansiyeli üzerinde kartopu etkisi yaratır.",
    "the_unit_price_of_tron5_ann": "TRONOKX'un temeli uzun vadeli büyüme üzerine kuruludur ve platformumuz, kripto para birimi gelişmeye devam ettiği sürece faaliyetlerini sürdürmek üzere tasarlanmıştır. Modelimiz, bugün yatırım yaptığınız değerin gelecek yıllarda da getiri sağlamaya devam etmesini sağlar. TRONOKX'a katılarak, dijital varlıkların gelişen dünyasına uyum sağlayan kalıcı finansal fırsatlar yaratmaya kararlı bir topluluğun parçası olursunuz.",
    "the_unit_price_of_tron6_ann": "Şimdi başlamanızı, akıllıca yatırım yapmanızı ve TRONOKX'un sunduğu sayısız fırsattan tam anlamıyla yararlanmanızı öneririz. Bulut madenciliği, staking ve yönlendirme programları aracılığıyla servetinizi artırma ve kripto para dünyasının önemli bir katılımcısı olma şansınız var.",
    "join_now_ann": "Şimdi bize katılın ve bugün kazanmaya başlayın; dijital finansın geleceği burada!",
    "received": "Kabul edilmiş",
    "minimum_yeild_requires": "Minimum miktar en az depozito gerektirir",
    "share_to": "Paylaş",
    "transiction_records": "İşlem Kayıtları",
    "transfer_to_flexible_account": "Niceliksel Hesaba Aktarma",
    "transfer_into_flexible_account": "1. Bu hesaba transfer yaparak faiz kazanmak için para yatırabilir, ilk yatırım saatinden 24 saat sonra geliri manuel olarak alabilir, süresi dolduğunda anaparayı iade edebilirsiniz.",
    "transfer_to_wallet_account": "Akıllı Hesaba Aktar",
    "transfer_into_wallet_account": "2. Bu hesaba havale normal ürünleri satın almak için kullanılabilir. Farklı ürünlerin farklı döngüleri ve verimleri vardır. Ayrıntılar için lütfen ürün tanıtımına bakın.",
    "no_records": "Kayıt yok",
    "energy_bandwidth": "Chain Quantity Resmen Başladı",
    "you_send_virtual_currency_to_the_platform": "Dijital cüzdanınızı kullanarak, belirtilen satın alma adresine sanal para gönderirsiniz ve TRONOKX otomatik kaynak dağıtımını üstlenir. Platformumuz, bant genişliği ve enerji üretmek için TRON ağındaki varlıkları paylaştırıyor. Bu kaynaklar daha sonra ortak cüzdanlara kiralanıyor ve kira kazançları, bunları kullanıcılara yeniden dağıtan TRONOKX'e geri dönüyor!",
    "income_has_arrived": "gelir geldi",
    "profit_received": "elde edilen kar",
    "invitation_rewards": "Zincir Miktar Temsilcisi Ortaklık Programı",
    "by_sharing_the_agent": "Akıllı niceliksel ticaret yoluyla uzun vadeli pasif gelire açılan kapınız olan Chain Quant'ın Küresel Acente Programı ile yapay zeka destekli finansın geleceğine adım atın. Yapay zeka ticaret piyasası hızlandıkça Chain Quant, pazarlamacıları, topluluk liderlerini ve ileri görüşlü yatırımcıları acente ağımızın bir parçası olmaya davet ederek dünya çapındaki kapsama alanını genişletiyor. Hem ticari karlardan hem de yönlendirme büyümesinden sürekli gelir elde eden, %15-%2-%1 komisyonlarla güçlü, çok katmanlı bir ödül sisteminin keyfini çıkarın. Her üyeye kişisel bir yönlendirme bağlantısı verilir, bu da promosyonu sorunsuz ve herkes için erişilebilir hale getirir; deneyim gerektirmez. İster sosyal medyadan, ister özel yatırımcı gruplarından, ister yerel topluluklardan yararlanıyor olun, yüksek performanslı bir platform ve gerçek zamanlı otomatik indirimlerle destekleneceksiniz. Ekibiniz büyüdükçe avantajlarınız da artar; en iyi performans gösterenler Şehir, Ulusal veya Küresel Ortak statüsüne yükselir, ömür boyu %20'den fazla kar payı ve özel bölgesel ayrıcalıkların kilidini açar. Bugün Chain Quant'a katılın ve akıllı servet yaratmanın yeni çağında mirasınızı inşa edin.",
    "sharing_is_polite": "Paylaşmak nezakettir",
    "when_the_cumulative_recharge_reaches": "Toplam yüklemeniz 10 TRX veya daha fazlasına ulaştığında, 0,01 TRX ile 18,88 TRX arasında rastgele bir ödül almak için kayıt bağlantınızı sosyal platformlarda paylaşın. Her kullanıcı günde bir kez katılabilir!",
    "time": "zaman",
    "tron_is_a_distributed_operating_system": "TRON, yerel kripto para birimi TRX ile merkezi olmayan, blockchain destekli bir işletim sistemidir. Çinli girişimci Justin Sun tarafından 2017 yılında başlatılan bu girişim, merkezi olmayan bir dijital ekonomiyi geliştirmeyi amaçlıyor.",
    "architecture_in_the_torn": "Mimari: TRON ağ protokolü kapsamında, TRX sahipleri bant genişliği ve enerji gibi kaynaklara eşit erişimden yararlanır. Ağ, akıllı sözleşmeleri yürütmek için dünya çapındaki genel düğümlerden yararlanan merkezi olmayan bir sanal makine tarafından desteklenmektedir. İşlem ücreti olmaması ve saniyede yaklaşık 2000 işlemi gerçekleştirme kapasitesi ile hızlı ve verimli bir ağ deneyimini garanti eder.",
    "goverance_tron_online_community": "Yönetişim: TRON topluluğu, çevrimiçi oylama yoluyla 27 Süper Temsilci seçer. Bu temsilciler, ortalama her 3 saniyede bir blok oluşturma ve doğrulamadan sorumludur ve merkezi olmayan özerk bir organizasyon oluşturur. Her 6 saatte bir yeniden seçilirler ve ağ tekliflerinin yönetilmesinde ve TRON İyileştirme Tekliflerinin (TIP'ler) oylanmasında önemli bir rol oynarlar.",
    "advantages_usdt_has_always": "Avantajları: USDT, en yaygın olarak tanınan stabilcoindir ve Tether, bunu 13 blockchain ağında ihraç etmektedir; TRON, toplam arzın %54'ünden fazlasını temsil ederek bu yükün liderliğini üstlenmektedir. Bunu %44 ile Ethereum ve %2,7 ile Solana takip ederek, TRON'un USDT ihracında birincil ağ olduğunu güçlendiriyor.",
    "bandwith_all_types": "Bant genişliği: TRON ağındaki her işlem bant genişliği noktaları gerektirir. İşlemler bayt dizileri halinde depolanır ve iletilir; her bayt bir bant genişliği noktası tüketir. Bir işlemin toplam bant genişliği maliyeti, bayt boyutuna göre belirlenir. Kullanıcının yeterli bant genişliği yoksa, gerekli bant genişliği noktalarını karşılamak için TRX'in yakılması gerekir.",
    "the_unit_price_of_the_targe": "Bant genişliği tüketimi için resmi yazma hızı birim başına 1.000 SUN olarak ayarlanmıştır.",
    "energy_each_instruction": "Enerji: Her akıllı sözleşme uygulaması, karmaşıklığına bağlı olarak belirli miktarda enerji tüketir. Daha karmaşık sözleşmeler daha fazla enerji gerektirir. Sözleşme devam ettikçe enerji talimat başına hesaplanır ve düşülür. Bir hesapta yeterli enerji yoksa, gerekli enerji maliyetlerini karşılamak için TRX'in yakılması gerekir.",
    "the_current_offical_unit_price": "Enerji tüketimine ilişkin resmi yanma oranı şu anda birim başına 420 SUN olarak ayarlanmıştır.",
    "smart_investment": "Akıllı Yatırım",
    "international_lines": "Dış Hatlar",
    "basic_investment_plan": "Temel Yatırım Planı",
    "invest_in_our_basic": "Temel Hesabımıza yatırım yapın ve günlük madencilik geliri kazanmaya başlayın! İlk para yatırma işleminizde otomatik olarak 180 günlük bir sözleşmeye gireceksiniz. Sözleşme, ilk para yatırma işleminin yapıldığı anda başlar.",
    "key_features": "Temel Özellikler",
    "earn_daily_between": "Günlük kümülatif yatırımınızın %8 ila %36'sını kazanın.",
    "incomoe_is_settled": "Gelir, ilk para yatırmanızdan 24 saat sonra ödenir (Örneğin: Para yatırma saat 15:00'te, gelir ertesi gün saat 15:00'te kullanılabilir).",
    "you_must_manually": "Günlük geliri toplamak için manuel olarak tıklamanız gerekir.",
    "vip_levels_benefits": "VIP Seviyeleri ve Avantajları",
    "daily_withdrawal": "günlük para çekme",
    "how_it_works": "Nasıl Çalışır?",
    "deposit_funds": "Para Yatırma: Yatırımınıza ilk para yatırma işlemini yaparak başlayın.",
    "earn_daily_income": "Günlük Gelir Kazanın: Her 24 saatte bir madencilik gelirinin keyfini çıkarın.",
    "collect_income": "Gelir Toplayın: Kazançlarınızı manuel olarak toplamak için günlük olarak giriş yapın.",
    "start_today_and_enjoy": "Bugün başlayın ve Temel Yatırım Planımızla yüksek getirili getirilerin tadını çıkarın!",
    "our_system_will_automatically": "Sistemimiz birikmiş toplam para yatırma miktarınızı otomatik olarak belirleyecek ve sizi uygun VIP seviyesine yükseltecektir. Örneğin:",
    "first_deposit": "İlk para yatırma",
    "second_deposit": "İkinci para yatırma",
    "total_deposit": "Toplam depozito",
    "the_system_will_automatically_upgrade": "Sistem sizi otomatik olarak VIP2'ye yükseltecek ve bu seviyede günlük %10 gelirin keyfini çıkaracaksınız, vb.",
    "referral_system": "Tavsiye Sistemi",
    "earn_rewards_by_reffering": "Başkalarını katılmaya davet ederek ödüller kazanın! 3 seviyeli yönlendirme sistemimiz büyük faydalar sunuyor",
    "refer_level_1": "Seviye 1: Yönlendiren kişinin günlük gelirinin %13'ü",
    "refer_level_2": "Seviye 2: Yönlendiren kişinin günlük gelirinin %2'si",
    "refer_level_3": "Seviye 3: Yönlendiren kişinin günlük gelirinin %1'i",
    "start_referring_today": "Kazançlarınızı artırmak için bugün başvurmaya başlayın!",
    "account_is_required": "Hesap gerekli",
    "login_password": "Giriş şifresi",
    "password_is_required": "Şifre gerekli",
    "verification_code": "Doğrulama kodu",
    "vcode_is_required": "Vcode gerekli",
    "vcode": "V kodu",
    "forgot_password": "Parolanızı mı unuttunuz",
    "login": "Giriş yapmak",
    "register": "Kayıt olmak",
    "go_to_homepage": "Ana sayfaya git",
    "total_balance": "Nicel Hesap",
    "home_notice": "Toobit'e Hoş Geldiniz – Akıllı Sermayenin Akıllı Algoritmalarla Buluştuğu Yer. Sizi son teknoloji niceliksel kazanç için yeni adresiniz Toobit'te ağırlamaktan büyük heyecan duyuyoruz. İster deneyimli bir yatırımcı olun ister algoritmik gelir dünyasına yolculuğunuza yeni başlıyor olun, netlik, performans ve güven için oluşturulmuş bir platforma yeni katıldınız. Toobit'te biz sadece kazanmaya inanmıyoruz; akıllıca kazanmaya da inanıyoruz. Tescilli stratejilerimiz, veri bilimcileri ve finans uzmanları tarafından algoritmik hassasiyetin gücünden yararlanacak şekilde tasarlanarak sermayenizin gerçek zamanlı piyasa fırsatlarıyla büyümesine olanak tanır. Her karar, her strateji, her getiri verilerden güç alır ve değişmez misyonumuz tarafından yönlendirilir: gelişmiş kazanç araçlarını herkes için erişilebilir kılmak.",
    "go_to_recharge": "Şarj etmeye git",
    "telegram_customer_service": "Telegram Müşteri Hizmetleri",
    "dear_user": "Sayın kullanıcı: Madencilik makinenizin bilgi işlem gücü\/enerjisi tükenmek üzere olduğundan, lütfen hesap fonunuzun gerektirdiği enerji değerine göre {amount}TRX'i hızlı bir şekilde doldurun. Madencilik makineniz şu anda madencilik kontrolünü ve gelir\/para çekme işlemini askıya aldı.",
    "note_to_avoid": "[Not: Gelir kaybını önlemek için lütfen Telegram desteğiyle iletişime geçin]",
    "deposit": "Yeniden şarj et",
    "withdrawal": "Para çekme",
    "share_friends": "Arkadaşlarınızı Davet Edin",
    "team": "Takım",
    "app": "Uygulama",
    "information": "Haberler",
    "wallet": "Cüzdan",
    "promotion": "Terfi",
    "join_to_be_a_sitename_millionaire": "TRONRICO Milyoneri olmak için katılın",
    "use_the_latest_mining_machines": "Tüm kullanıcıların en fazla TRX gelirini elde etmesini sağlamak için en yeni madencilik makinelerini ve Defi teknolojisini kullanın.",
    "details": "Detaylar",
    "platform_data_display": "Platform verileri ekranı",
    "income": "gelir",
    "Income": "Ölçün",
    "cyclical_investing": "döngü yatırımı",
    "trontin_3day_mining_machine": "TRONTIN 3 günlük madencilik makinesi",
    "trontin_9day_mining_machine": "TRON 9 günlük trafik madenciliği makinesi",
    "trontin_16day_traffic_mining_machine": "RONTIN 16 günlük trafik madenciliği makinesi",
    "trontin_45day_miner_energy": "TRONTIN 45 günlük madenci enerjisi",
    "trontin_18day_miner_energy": "TRON 18 günlük madenci enerjisi",
    "trontin_trxMining_in_46days": "46 günde TRON trxMadencilik",
    "tron_eth_digi_2_mining": "TRON ETH DIGI 2.0 MADENCİLİK",
    "torn_80days_photolvatic_mine": "tron 80 günlük fotovoltaik madeni",
    "trontin_bnb_mining_in_65days": "65 günde TRONTIN BNB Madenciliği",
    "view_more": "Daha fazlasını görüntüle",
    "cycle": "Döngü",
    "day": "Gün",
    "instant_quotes": "Anlık Fiyat Teklifleri",
    "profit_withdrawal": "Kârın çekilmesi",
    "repurchase": "Yeniden satın alma",
    "latest_announcement": "Son duyuru",
    "registered_members_will_be_given": "Kayıtlı üyelere rehinli özsermaye olarak 56.000TRX verilecek. Hesabı aktif hale getirmek için minimum 10TRX depozito ve minimum 5TRX para çekme işlemi gerekmektedir. Gelir çekilebilir veya madenciliğe yatırılabilir.",
    "deposit_into_the_basic_account_and_automatically_join_the_contract": "[Temel Yatırım] Temel hesaba para yatırın ve 180 gün boyunca otomatik olarak sözleşmeye katılın [Sözleşme süresi ilk para yatırma tarihinden itibaren yürürlüğe girer]. Temel hesapta her gün madencilik geliri bulunur ve her gün kümülatif yatırım tutarının %9 ila %38'ini alabilir. Platform sistemimizin ödeme süresi: Kullanıcının ilk satın alma saatini yani 24 saat sonradır.",
    "the_income_will_not_be_automatically_deposited_into_the_account": "[Örneğin; ilk satın alma saati 15:00 olup ertesi gün saat 15:00'da gelir elde edilecektir.] Gelir otomatik olarak hesaba aktarılmayacaktır, her gün gelire tıklamanız gerekmektedir; madencilik girdiğinde geliri almak için aktif olarak tıklayın.",
    "accumulated_deposits_of_10-2500_trx": "10-2500 trx tutarında birikmiş para yatırma, otomatik olarak VIP1'e yükseltilir, günlük %9 para çekme",
    "accumulated_deposits_of_2501-10000_trx": "2501-10000 trx tutarında birikmiş para yatırma, otomatik olarak VIP2'ye yükseltilir, günlük %10 para çekme",
    "accumulated_deposits_of_10001-20000_trx": "10001-20000 trx tutarında birikmiş para yatırma işlemleri, otomatik olarak VIP3'e yükseltilir, günlük para çekme işlemleri %11'dir",
    "accumulated_deposits_of_20001-50000_trx": "20001-50000 trx tutarında birikmiş para yatırma işlemleri, otomatik olarak VIP4'e yükseltilir, günlük para çekme işlemleri %13",
    "accumulated_deposits_of_50001-100000_trx": "50001-100000 trx tutarında birikmiş para yatırma, otomatik olarak VIP5'e yükseltilir, günlük %15 para çekme",
    "accumulated_deposits_of_100001-200000_trx": "100001-200000 trx tutarında birikmiş para yatırma işlemleri, otomatik olarak VIP6'ya yükseltilir, günlük para çekme işlemleri %17",
    "accumulated_deposits_of_200001-500000_trx": "200001-500000 trx tutarında birikmiş para yatırma, otomatik olarak VIP7'ye yükseltilir, günlük %23 para çekme",
    "accumulated_deposits_of_500001-1000000_trx": "500001-1000000 trx tutarında birikmiş para yatırma, otomatik olarak VIP8'e yükseltilir, günlük %26 para çekme",
    "accumulated_deposits_of_1000001-1600000_trx": "1000001-1600000 trx tutarında birikmiş para yatırma, otomatik olarak VIP9'a yükseltilir, günlük %32 para çekme",
    "accumulated_deposits_of_1600001-9999999_trx": "Birikmiş para yatırma işlemleri 1600001-9999999 trx'tir, otomatik olarak VIP10'a yükseltilir ve günlük para çekme oranı %38'dir.",
    "automatically_upgrade_vip_level": "Otomatik olarak VIP seviyesine yükseltme",
    "the_system_will_determine_your_total_accumulated_deposit": "[Sistem birikmiş toplam para yatırma miktarınızı belirleyecek ve sizi otomatik olarak uygun seviyeye yükseltecektir] Örneğin: ilk yükleme 500TRX, ikinci yükleme 2001TRX, [toplam yükleme 2501TRX] sistem otomatik olarak VIP2'ye yükseltecek ve VIP2'ye sahip olacaksınız. Seviyenin günlük geliri %10 vb.",
    "previous": "Öncesi",
    "next": "Sonraki",
    "close": "Kapalı",
    "current_yield": "Mevcut Verim",
    "miner_is_running": "Madenci koşuyor",
    "view_all": "Tümünü Görüntüle",
    "earning_times": "Kantifikasyon süreleri",
    "singapore_time_after": "Singapur saati Sonrası",
    "every_day": "Her gün",
    "daily_rate": "Günlük ücret",
    "receive": "Almak",
    "basic_investment": "Temel yatırım",
    "record": "Kayıt",
    "current_level": "Mevcut seviye",
    "deposit_quantity": "Mevduat miktarı",
    "invitation_reward": "Davet ödülü",
    "deposit_now": "Şimdi para yatır",
    "daily_income": "günlük gelir",
    "daily_withdrawals": "Günlük para çekme",
    "valid_period": "Geçerli dönem",
    "remaining_days": "kalan Günler",
    "status": "Durum",
    "running": "Koşma",
    "quantity": "Miktar",
    "amount": "Miktar",
    "return": "geri dönmek",
    "Return": "Geri dönmek",
    "profit": "kâr",
    "equity_pledge": "Hisse rehni",
    "end": "Son",
    "invite_your_contacts": "Kişilerinizi davet edin",
    "sign_up_and_recharge_to_get_great_rewards": "Harika ödüller kazanmak için kaydolun ve şarj edin",
    "invitation_codes": "Davetiye kodları",
    "share_invitation_links_to_social_platforms": "Davetiye bağlantılarını sosyal platformlarda paylaşın",
    "build_a_team_and_get_great_rewards": "Bir takım kurun ve harika ödüller kazanın",
    "copy_successfully": "Başarıyla kopyalandı",
    "copy_link": "Bağlantıyı Kopyala",
    "app_services": "Uygulama Hizmetleri",
    "wallet_funds_conversion": "Aktarım",
    "change_password": "Güvenlik Merkezi",
    "notification": "Bildiri",
    "logout": "Oturumu Kapat",
    "my_promotion": "Takım",
    "bonus": "Bonus",
    "bonus_record": "Komisyon Kayıtları",
    "number_of_teams": "Toplam Kişi",
    "valid_number_of_invites": "Geçerli Davetler",
    "team_cycle_investment_details": "Ekip döngüsü yatırım ayrıntıları",
    "total_people": "Toplam kişi",
    "contribution": "Komisyon",
    "invite_friends": "Arkadaşlarınızı davet edin",
    "go_now": "Şimdi git",
    "in_progress": "Devam etmekte",
    "number_of_investments": "Yatırım sayısı",
    "total_investment": "Toplam yatırım",
    "subordinate_investment_amount": "İkincil yatırım tutarı",
    "confirm": "Onaylamak",
    "Confirm": "ONAYLAMAK",
    "last_login_time": "Son giriş zamanı",
    "records": "Kayıtlar",
    "transfer_to_smart_account": "{{type}} Hesaba Aktar",
    "transfer_to_quantitative_account": "Niceliksel Hesaba Aktarma",
    "transfer_to_smart_account_2": "Akıllı Hesaba Aktar",
    "address": "Adres",
    "copy": "Kopyala",
    "please_do_not_top_up_other_non_bnb_assets": "Lütfen {{method}} olmayan diğer varlıklara ekleme yapmayın. Şarj ettikten sonra lütfen tıklayın",
    "submit_successfully": "Yeniden Şarj Tamamlandı",
    "submit": "Göndermek",
    "exchange_rate": "Döviz kuru",
    "if_the_account_has_not_been_received_for_a_long_time": "Hesap uzun süre alınmadıysa lütfen tıklayın",
    "again": "Tekrar",
    "recharge_record": "Şarj kaydı",
    "successful": "Başarılı",
    "purchase": "satın almak",
    "Purchase": "Satın almak",
    "transaction_record": "İşlem kaydı",
    "all": "TÜM",
    "recharge": "Yeniden şarj et",
    "giveaway": "Vermek",
    "withdrawal_failed": "Para Çekme Başarısız",
    "promotion_account": "Cüzdan hesabı",
    "basic_account": "Esnek hesap",
    "amount_to_be_converted": "Dönüştürülecek tutar",
    "withdrawable_balance": "Çekilebilir bakiye",
    "withdrawals_arebased_one_singapore_time_and_are_withdrawn_once_a_day": "Para çekme işlemleri Singapur saatine göre yapılır ve günde bir kez çekilir.",
    "choose_withdrawal_account": "Para çekme hesabını seçin",
    "choose": "Seçmek",
    "digital_currency_wallet": "Dijital para cüzdanı",
    "cancel": "İPTAL ETMEK",
    "password": "Şifre",
    "actual_withdrawal": "Gerçek para çekme",
    "withdrawal_record": "Para Çekme Kaydı",
    "fee": "Ücret",
    "to_account": "hesaba katmak",
    "account_security": "Hesap güvenliği",
    "modify_login_password": "Oturum açma şifresini değiştirin",
    "modify_payment_password": "Ödeme şifresini değiştir",
    "transfer_to_basic_account": "Temel hesaba aktarma",
    "transfer_to_promotion_account": "Promosyon hesabına aktarma",
    "there_are_two_investment_models_please_choose_according_to_your_needs": "İki yatırım modeli var, lütfen ihtiyaçlarınıza göre seçin",
    "deposit_into_this_account_for_pledge_mining": "Rehin madenciliği için bu hesaba para yatırın. İlk para yatırma süresinden 24 saat sonra, geliri manuel olarak alabilir ve süresi dolduğunda anaparayı iade edebilirsiniz.",
    "recharge_to_the_promotion_account_to_purchase_periodic_mining_machines": "Periyodik madencilik makineleri satın almak için promosyon hesabına yükleme yapın, farklı döngülerde gelir toplayabilir ve süresi dolduğunda ana parayı ve geliri iade edebilirsiniz.",
    "add_digital_currency_wallet": "Dijital para cüzdanı ekleyin",
    "address_type": "adres Türü",
    "wallet_address": "cüzdan adresi",
    "start_with": "Şununla başla:",
    "digit_wallet_address": "haneli cüzdan adresi",
    "set_payment_password": "Ödeme şifresini ayarla",
    "continue": "Devam etmek",
    "are_you_sure_sign_out": "Oturumu kapattığınızdan emin misiniz?",
    "wallet_registration": "Cüzdan kaydı",
    "decentralized_wallet_download_address": "Merkezi olmayan cüzdan indirme adresi",
    "tutorial": "Eğiticiyi Görüntüle",
    "buy_currency": "para birimi satın al",
    "common_problem": "ortak sorun",
    "how_to_become_a_partner_of_trontin_mining_company": "TRONRICO madencilik şirketinin ortağı nasıl olunur?",
    "to_become_our_partner": "Ortağımız olmak için sadece kaydolarak 56.000TRX'i ücretsiz olarak kazanabilirsiniz ve aktivasyondan sonraki 180 gün içinde çekebilirsiniz.",
    "what_to_do_after_registration": "Kayıt olduktan sonra ne yapılmalı",
    "you_need_to_log_in_to_your_account": "Hesabınıza giriş yapmanız gerekiyor ve madencilik işlevi otomatik olarak etkinleştirilecektir. Günlük gelirinizi artırmak için para yatırın",
    "what_are_the_minimum_deposit_and_withdrawal_amounts": "Minimum para yatırma ve çekme tutarları nelerdir",
    "the_minimum_deposit_is_10trx": "Minimum para yatırma 10TRX ve minimum para çekme 5TRX'tir.",
    "how_to_withdraw_money_what_should_i_do": "Para nasıl çekilir, ne yapmalıyım",
    "log_in_to_your_account": "Hesabınıza giriş yapın. 'Para Çekme' sayfasına girin. 'Para çek' butonuna tıklayın. TRX cüzdan adresinizi bağlayın ve ilk defa ödeme şifresi belirleyin, ardından çekim tutarını belirtip cüzdan adresinizi seçin ve para çekmek için tıklayın.",
    "what_is_level_and_how_do_i_increase_it": "Seviye nedir ve nasıl arttırabilirim?",
    "tron_marketing_uses_level_design": "TRON pazarlaması seviye tasarımını kullanır. Bir kullanıcı ne kadar çok elektrik satın alırsa seviyesi de o kadar yüksek olur. Kârlılık doğrudan satın alma düzeyine bağlıdır. VIP1'in ilk kullanıcısı günde %8 kazanıyorsa, madencilik için mevcut güç arttıkça en yüksek karlılık VIP10 günde %36 kazanabilir",
    "i_made_a_withdrawal_request_but_it_hasnt_arrived_in_my_wallet_yet": "Para çekme talebinde bulundum ancak henüz cüzdanıma ulaşmadı",
    "all_requests_are_handled_by_a_set_of_system_automatic_modes": "Tüm istekler bir dizi sistem otomatik modu tarafından gerçekleştirilir. İstek genellikle 1 dakika içinde işlenir",
    "what_payment_systems_does_this_project_have_for_deposits": "Bu projenin mevduat için hangi ödeme sistemleri var?",
    "you_can_deposit_using_a_payment_system_like_this": "Bunun gibi bir ödeme sistemi kullanarak para yatırabilirsiniz",
    "what_payment_systems_does_this_project_have_for_withdrawals": "Bu projenin para çekme işlemleri için hangi ödeme sistemleri var?",
    "you_can_withdraw_money_using_this_payment_system": "Bu ödeme sistemini kullanarak para çekebilirsiniz",
    "how_to_change_account_password": "Hesap şifresi nasıl değiştirilir",
    "click_the_change_password_function_on_the_my_tab_on_the_lower_right": "Sayfanın sağ alt köşesindeki 'Benim' sekmesindeki 'Şifreyi Değiştir' fonksiyonunu tıklayın. Değiştirmek için eski şifrenizi ve yeni şifrenizi girin",
    "what_if_i_forget_my_withdrawal_password": "Para çekme şifremi unutursam ne olur?",
    "please_use_the_email_address_you_reserved_when_registering_to_send_username": "Lütfen kayıt olurken ayırdığınız e-posta adresini kullanarak (kullanıcı adı: .... 'para çekme şifremi unuttum') resmi e-posta adresimize gönderin: tronrico68@gmail.com",
    "what_should_i_do_if_i_need_to_change_my_wallet_address": "Cüzdan adresimi değiştirmem gerekirse ne yapmalıyım?",
    "please_use_the_email_address_you_reserved_when_registering_to_send": "Lütfen resmi e-posta adresimize (kullanıcı adı ve yeni cüzdan adresi) göndermek için kaydolurken ayırdığınız e-posta adresini kullanın: tronrico68@gmail.com",
    "how_to_top_up": "Nasıl yükleme yapılır?",
    "to_make_a_deposit_you_need_to_log_into_your_account": "Para yatırmak için hesabınıza giriş yapmanız ve madencilik sayfasına gitmeniz gerekir. Üst kısımda 'Para Yatır' butonunu göreceksiniz. Para yatırma sayfasına geldiğinizde, yatırmak istediğiniz para birimini seçin. Bundan sonra size kripto paralarınızı göndermeniz gereken bir cüzdan adresi verilecektir. Yatırılan paralar 1 dakika içinde hesaba aktarılacaktır.",
    "your_account_may_be_frozen_under_the_following_circumstances": "Aşağıdaki durumlarda hesabınız dondurulabilir",
    "trontin_takes_a_responsible_approach_to_protect_the_personal_data": "TRONTIN, kullanıcılarının kişisel verilerinin ve web sitesinin güvenliğinin korunması konusunda sorumlu bir yaklaşım benimser. Kullanıcı kişisel bilgilerinin toplanmasına yönelik her türlü girişim, web sitesi kodunun hacklenmesi, ortaklık programının uygunsuz kullanımı, hackleme yoluyla kullanıcı hesaplarına erişim, ortak sayısını yapay olarak artırmak için üçüncü taraf hizmetlerinin kullanılması ve web sitesine veya kullanıcılarına hakaret eden herhangi bir yönetim, kullanıcının hesabının askıya alınmasına neden olabilir.",
    "I_didnt_find_the_answer_to_my_question_what_should_I_do": "Sorumun cevabını bulamadım ne yapmalıyım",
    "contact_online_customer_service_or_telegram_customer_service": "Çevrimiçi müşteri hizmetlerine veya Telegram müşteri hizmetlerine başvurun",
    "how_to_deposit": "Nasıl para yatırılır",
    "click_deposit_on_the_platform_page": "Platform sayfasında 'Para Yatır'ı tıklayın",
    "choose_to_transfer_to_the_basic_account_or_promotion_account": "Temel hesaba veya promosyon hesabına aktarmayı seçin. Giriş yaptıktan sonra yatıracağınız para birimini seçebilirsiniz.",
    "select_a_top_up_enter_to_copy_the_deposit_address": "Bir yükleme seçin. Para yatırma adresini kopyalamak için girin.",
    "open_your_crypto_wallet_select_the_corresponding_currency_and_transfer": "Kripto cüzdanınızı açın, ilgili para birimini seçin ve aktarın.",
    "paste_the_address_of_the_receiving_wallet": "Alıcı cüzdanın adresini yapıştırın.",
    "enter_the_amount_you_plan_to_deposit_into_your_account": "Hesabınıza yatırmayı planladığınız tutarı girin.",
    "click_next_and_confirm_completion": "'İleri'ye tıklayın ve tamamlamayı onaylayın.",
    "return_to_the_platform_and_click_the_recharge_button_note_the_last_step": "Platforma dönün ve 'Şarj Et' düğmesine tıklayın. Not: Son adım, platforma geri dönmek ve 'Şarj Tamamlandı' seçeneğini tıklamaktır. Şarj işlemi tamamlandıktan sonra hesaba zamanında aktarılacaktır.",
    "how_to_withdraw_money": "Para nasıl çekilir",
    "select_the_exit_button_on_the_homepage_then_use_your_exchange_wallet": "Ana sayfadaki çıkış düğmesini seçin, ardından TRC20 adresini bulmak için takasınızı (cüzdanınızı) kullanın, çıkmak için kopyalayıp platforma bağlayın ve platform, TRX para birimini ayarlar. Başarılı bir para çekme işleminin ardından 1-3 dakika içinde hesaba aktarılacaktır.",
    "if_you_need_help_please_click_online_customer_service": "(Yardıma ihtiyacınız varsa lütfen çevrimiçi müşteri hizmetlerine tıklayın)",
    "announcement": "Duyuru",
    "my_message": "Mesajım",
    "company_mining_and_revenue": "[Şirket Madenciliği ve Geliri]",
    "registered_members_will_be_given_56000trx_as_pledged_equity": "Kayıtlı üyelere rehinli özsermaye olarak 56.000TRX verilecek. Hesabı aktif hale getirmek için minimum 10TRX depozito ve minimum 5TRX para çekme işlemi gerekmektedir. Gelir çekilebilir veya madenciliğe yatırılabilir.",
    "basic_investment_deposit_into_the_basic_account_and_automatically_join_the_contract_for_180_days": "[Temel Yatırım] Temel hesaba para yatırın ve 180 gün boyunca otomatik olarak sözleşmeye katılın [Sözleşme süresi ilk para yatırma tarihinden itibaren yürürlüğe girer]. Temel hesapta her gün madencilik geliri bulunur ve her gün kümülatif yatırım tutarının %9 ila %38'ini alabilir. Platform sistemimizin ödeme süresi: Kullanıcının ilk satın alma saatini yani 24 saat sonradır.",
    "for_example_the_first_purchase_time_is_1500_and_the_income_will_be_obtained_at_1500_the_next_day": "[Örneğin; ilk satın alma saati 15:00 olup ertesi gün saat 15:00'da gelir elde edilecektir.] Gelir otomatik olarak hesaba aktarılmayacaktır, her gün gelire tıklamanız gerekmektedir; madencilik girdiğinde geliri almak için aktif olarak tıklayın.",
    "accumulated_deposits_of_10_2500_trx_automatically_upgraded_to_vip1_daily_withdrawal": "10-2500 trx tutarında birikmiş para yatırma işlemleri, otomatik olarak VIP1'e yükseltilir, günlük %9 para çekme oranı.",
    "accumulated_deposits_of_2501_10000_trx_automatically_upgraded_to_vip2_10_daily_withdrawal": "2501-10000 trx tutarında birikmiş para yatırma işlemleri, otomatik olarak VIP2'ye yükseltilir, günlük %10 para çekme.",
    "accumulated_deposits_of_10001_20000_trx_automatically_upgraded_to_vip3_daily_withdrawal": "10001-20000 trx tutarında birikmiş para yatırma işlemleri, otomatik olarak VIP3'e yükseltilir, günlük para çekme işlemleri %11'dir.",
    "accumulated_deposits_of_20001_50000_trx_automatically_upgraded_to_vip4_daily_withdrawal": "20001-50000 trx tutarında birikmiş para yatırma işlemleri, otomatik olarak VIP4'e yükseltilir, günlük para çekme işlemleri %13'tür.",
    "accumulated_deposits_of_50001_100000_trx_automatically_upgraded_to_vip5_daily_withdrawal": "50001-100000 trx tutarında birikmiş para yatırma işlemleri, otomatik olarak VIP5'e yükseltilir, günlük %15 para çekme işlemi.",
    "accumulated_deposits_of_100001_200000_trx_automatically_upgraded_to_vip6_daily_withdrawal": "100001-200000 trx tutarında birikmiş para yatırma işlemleri, otomatik olarak VIP6'ya yükseltilir, günlük para çekme işlemleri %17'dir.",
    "accumulated_deposits_of_200001_500000_trx_automatically_upgraded_to_vip7_daily_withdrawal": "200001-500000 trx'lik birikmiş para yatırma işlemleri, otomatik olarak VIP7'ye yükseltilir, günlük %23 para çekme.",
    "accumulated_deposits_of_500001_1000000_trx_automatically_upgraded_to_vip8_daily_withdrawal": "500001-1000000 trx tutarında birikmiş para yatırma işlemleri, otomatik olarak VIP8'e yükseltilir, günlük %26 para çekme işlemi.",
    "accumulated_deposits_of_1000001_1600000_trx_automatically_upgraded_to_vip9_daily_withdrawal": "1000001-1600000 trx tutarındaki birikmiş para yatırma işlemleri, otomatik olarak VIP9'a yükseltilir, günlük %32 oranında para çekme işlemi yapılır.",
    "accumulated_deposits_of_1600001_9999999_trx_automatically_upgraded_to_vip10_daily_withdrawal": "Birikmiş para yatırma işlemleri 1600001-9999999 trx'tir, otomatik olarak VIP10'a yükseltilir ve günlük para çekme oranı %38'dir.",
    "automatically_upgrade_vip_level_instructions": "VIP seviyesini ve talimatlarını otomatik olarak yükseltin.",
    "the_system_will-determine_your_total_accumulated_deposit": "Sistem toplam birikmiş depozitonuzu belirleyecek ve sizi otomatik olarak uygun seviyeye yükseltecektir. Örneğin: ilk yükleme 500 TRX, ikinci yükleme 2001 TRX, [toplam yükleme 2501 TRX] sistem otomatik olarak VIP2'ye yükseltilecek ve VIP2'ye sahip olacaksınız. Seviyenin günlük geliri %10 vb.'dir.",
    "share_invitation_reward_description": "Davetiye ödülü açıklamasını paylaşın",
    "invite_friends_description": "Promosyon bağlantısını kullanarak arkadaşlarınızı davet edin ve gelirin %13'ü anında çekilsin. Yüzlerce kişinin Trontin'e katılmasını tavsiye ederseniz milyoner olabilirsiniz. Maksimum %18 (komisyon seviyesi %13 + seviye 2 %2 + seviye 3 %1) 1: Örneğin: A kullanıcısını davet edersiniz, A kullanıcısı 10.000TRX para yatırır ve yatırım yapar, ödül olarak 1.300TRX alırsınız. A Kullanıcısı B kullanıcısını davet eder, B kullanıcısı 10.000TRX yatırır ve yatırım yapar ve ödül olarak 200TRX alırsınız. B Kullanıcısı bir kez daha C Kullanıcısına ilham veriyor. C Kullanıcısı 10.000TRX yatırıyor ve yatırım yapıyor. Ödül olarak 100TRX alacaksınız. Promosyon geliri doğrudan promosyon hesabınıza aktarılacaktır. Promosyon geliri elde etmek ve kendi ekip üyelerinizi geliştirmek için doğrudan para çekebilir veya finansal ürün tanıtım platformu bağlantılarını satın alabilirsiniz (promosyon, promosyon gelirinin belirli bir yüzdesini alabilir). Davet bağlantınızı aileniz ve arkadaşlarınızda, WhatsApp'ta, Facebook grubunda, YouTube'da, Instagram'da, Twitter'da, Telegram grubunda veya herhangi bir sosyal medya platformunda tanıtın (Davet bağlantısı: Platforma giriş yapın ve bağlantıyı kopyalamak için paylaş düğmesine tıklayın. Bağlantıyı arkadaşlarınıza veya herhangi bir sosyal platforma gönderin. Onlara bunun, her gün yatırım tutarının en az %8-%36'sını çekebilecek en iyi yatırım madenciliği platformu olduğunu söyleyin)",
    "official_platform_description": "TRONRICO madencilik havuzunun resmi platformu",
    "the_official_platform_of_trontin_mining_pool": "TRONRICO olarak anılan TRONRICO madencilik havuzunun resmi platformu, TRON Blockchain Finans Merkezi tarafından onaylandı. Biz resmi ve yasal bir TRON operatörüyüz. Müşterilere en istikrarlı, güvenli ve verimli hizmetleri sunun! 2020'den bu yana biz ve TRON genel merkezi olarak 3.000'den fazla sahte platforma karşı önlem aldık. Sahte bir platformla karşılaşırsanız bizimle iletişime geçebilirsiniz; resmi sertifika platformu TRONRICO'yu çökertmek için TRON genel merkezi ile işbirliği yapacağız.",
    "trontin_msb_registration_certificate": "TRONRICO MSB kayıt sertifikası",
    "tax_registration_certificate": "vergi kayıt belgesi",
    "TRONTIN_White_Paper": "TRONRICO Teknik Raporu",
    "click_to_view_trontin_white_paper": "TRONICO teknik incelemesini görüntülemek için tıklayın",
    "news_report": "Haber raporu",
    "trontin_launches_revolutionary_cloud_mining_platform": "TRONRICO devrim niteliğindeki bulut madenciliği platformunu başlattı",
    "click_to_view": "Görüntülemek için tıklayın",
    "contact_us": "bize Ulaşın",
    "company_website": "Şirket web sitesi",
    "company_telegram": "Şirket Telgrafı",
    "telegram_channel": "Telgraf kanalı",
    "email": "E-posta",
    "company_address": "8 Marina Blvd, Kule 1, Kat 31. ve 32., Marina Bay Finans Merkezi Singapur",
    "invite_friends_to_recharge": "İlgili indirimleri almak için arkadaşlarınızı şarj etmeye davet edin",
    "level": "Seviye",
    "rebate": "İndirim",
    "price": "Fiyat",
    "available_balance": "Mevcut Bakiye",
    "limit_quantity": "Miktarı sınırla",
    "purchase_quantity": "Satın alma miktarı",
    "daily_interest_rate": "Günlük faiz oranı",
    "real_time": "Gerçek zamanlı",
    "participate_in_investment": "Yatırıma katılmak",
    "project_rules": "Proje Kuralları",
    "repayment_method": "Geri ödeme yöntemi",
    "repay_principal_and_interest_at_maturity": "Vade sonunda anapara ve faizi geri ödeyin",
    "unit_price": "birim fiyat",
    "daily_rate_of_return": "Günlük getiri oranı",
    "investment_cycle": "Yatırım döngüsü",
    "expected_profit": "beklenen kar",
    "project_introduction": "Proje Tanıtımı",
    "tron_love_mining_machine": "TRON LOVE madencilik makinesi Kısa döngü ve istikrarlı gelir iyi bir seçimdir. Günlük gelir %4,57-%4,7 olup döngü 3 gündür. Döngü bittikten sonra anapara ve döngü sırasında elde edilen gelirle birlikte doğrudan [promosyon hesabınıza] dağıtılacaktır. Doğrudan para çekebilirsiniz; bu platform TRX, ETH, BNB, DOGE, USDT (ERC20 TRC20 BEP20) yatırım madenciliğini destekler.",
    "notice": "FARK ETME",
    "confirmation_transfer": "Aktarmak istediğinizden emin misiniz?",
    "home": "Ev",
    "invest": "Yatırım",
    "mine": "Ben",
    "Account_6_16_characters_no_spaces_allowed": "Hesap,6-16 karakter, boşluk bırakılamaz",
    "Area_code_plus_mobile_number": "Alan kodu + cep telefonu numarası",
    "recommendation_code": "Öneri kodu",
    "global_partners": "Küresel ortaklar",
    "email_verification_code": "E-posta Doğrulama Kodu",
    "otp": "OTP",
    "enter_a_new_password": "Yeni bir şifre girin",
    "wallet_found": "Cüzdan Fonları",
    "need_traded": "Takas edilmesi gerekiyor",
    "already_traded": "Zaten işlem görüyor",
    "number_of_withdrawals": "Para çekme sayısı",
    "allow_withdrawal": "Para çekme işlemine izin ver",
    "yes": "Evet",
    "minimum_withdrawal": "Minimum para çekme",
    "enter_withdrawal_amount": "Para çekme tutarını girin",
    "please_enter": "Lütfen girin",
    "loading": "Yükleniyor",
    "confirm_password": "Şifreyi Onayla",
    "original_payment_password": "Orijinal ödeme şifresi",
    "invest_product": "Akıllı Yatırım",
    "purchased": "satın alındı",
    "total_income": "toplam gelir",
    "principal": "müdür",
    "total_principal_and_interest": "toplam anapara ve faiz",
    "how_to_deposit_funds_on_the_ai_trading_platform": "1. AI Ticaret Platformuna Nasıl Para Yatırılır",
    "step_1_get_your_deposit_address": "1. Adım: Para Yatırma Adresinizi Alın",
    "log_into_your_ai_trading_account": "AI ticaret hesabınıza giriş yapın",
    "head_to_the_deposit_page": "\"Para Yatırma\" sayfasına gidin",
    "choose_your_cryptocurrency": "Kripto para biriminizi seçin (TRC20, BEP20, BNB veya TRX)",
    "generate_the_deposit_address_and_copy_it_to_your_clipboard": "Para yatırma adresini oluşturun ve panonuza kopyalayın",
    "step_2_send_funds_from_your_wallet": "2. Adım: Cüzdanınızdan Para Gönderin",
    "open_your_crypto_wallet_app": "Kripto cüzdanı uygulamanızı açın (ör. MetaMask, Trust Wallet)",
    "select_the_correct_network": "Doğru ağı seçin (TRC20 veya BEP20)",
    "paste_the_copied_deposit_address_as_the_recipient": "Kopyalanan para yatırma adresini alıcı olarak yapıştırın",
    "input_the_amount_you_want_to_deposit_and_confirm_the_send": "Yatırmak istediğiniz tutarı girin ve gönderimi onaylayın",
    "wait_for_confirmation_on_the_blockchain": "Blockchain'de onay bekleyin (genellikle birkaç dakika)",
    "step_3_confirm_your_deposit": "3. Adım: Para Yatırmanızı Onaylayın",
    "go_to_transaction_history_to_track_progress": "İlerlemeyi takip etmek için \"İşlem Geçmişi\"ne gidin",
    "click_complete_deposit_once_transaction_is_verified": "İşlem doğrulandıktan sonra \"Para Yatırma İşlemini Tamamla\"ya tıklayın",
    "if_your_deposit_doesnt_reflect_within_30_minutes_reach_out_to_support": "Yatırdığınız para 30 dakika içinde yansıtılmazsa destek ekibiyle iletişime geçin",
    "how_to_withdraw_funds_from_the_ai_trading_platform": "2. AI Ticaret Platformundan Nasıl Para Çekilir",
    "step_1_choose_your_withdrawal_option": "Adım 1: Para Çekme Seçeneğinizi Seçin",
    "log_in_and_open_the_fund_management_tab": "Giriş yapın ve \"Fon Yönetimi\" sekmesini açın",
    "click_withdraw_and_pick_your_preferred_network": "\"Çek\"e tıklayın ve tercih ettiğiniz ağı seçin (TRC20\/BEP20\/BNB\/TRX)",
    "step_2_fill_in_withdrawal_information": "Adım 2: Para Çekme Bilgilerini Doldurun",
    "enter_the_amount_you_want_to_withdraw": "Çekmek istediğiniz tutarı girin",
    "paste_your_wallet_address": "Cüzdan adresinizi yapıştırın (doğru ağla eşleştiğinden emin olun)",
    "complete_any_required_security_verification_steps": "Gerekli güvenlik doğrulama adımlarını tamamlayın",
    "step_3_final_confirmation_and_submission": "Adım 3: Son Onay ve Gönderim",
    "double_check_all_the_details_before_submitting": "Göndermeden önce tüm ayrıntıları iki kez kontrol edin",
    "withdrawals_usually_process_within_30_minutes": "Para çekme işlemleri genellikle 30 dakika içinde işleme koyulur",
    "track_the_progress_under_withdrawal_records": "\"Para Çekme Kayıtları\" bölümündeki ilerlemeyi takip edin",
    "important_notes": "Önemli Notlar:",
    "double_check_your_wallet_address_crypto_transfers_cant_be_undone": "❗️ Cüzdan adresinizi bir kez daha kontrol edin – kripto transferleri geri alınamaz",
    "make_sure_to_meet_the_platforms_minimum_withdrawal_limit": "❗️Platformun minimum para çekme limitine uyduğunuzdan emin olun",
    "delays_can_occur_due_to_high_network_traffic": "❗️Ağ trafiğinin yüksek olması nedeniyle gecikmeler yaşanabilir",
    "contact_live_chat_support_anytime_if_you_face_any_issues": "❗️ Herhangi bir sorunla karşılaşırsanız istediğiniz zaman canlı sohbet desteğiyle iletişime geçin",
    "if_you_need_more_help_our_customer_service_team_is_available_24_7_via_live_chat": "Daha fazla yardıma ihtiyacınız olursa müşteri hizmetleri ekibimize canlı sohbet aracılığıyla 7\/24 ulaşabilirsiniz.",
    "what_is_chain_quant": "1. Zincir Quant Nedir?",
    "chain_quant_description": "Chain Quant, yapay zeka ile blockchain teknolojisini harmanlayarak kripto pazarı trendlerini analiz eden ve otomatikleştirilmiş alım satımlar gerçekleştiren, kullanıcıların minimum çabayla istikrarlı getiri elde etmelerini sağlayan, yapay zeka destekli bir kantitatif ticaret platformudur.",
    "core_services_of_chain_quant": "2. Chain Quant'ın Temel Hizmetleri",
    "quantitative_arbitrage_trading": "Kantitatif Arbitraj Ticareti\n – Düşük riskli kar elde etmek için birden fazla borsadaki fiyat farklılıklarından yararlanır\n – Yapay zeka destekli sistemler piyasaları 7\/24 takip ediyor ve işlemleri ideal anlarda gerçekleştiriyor",
    "ai_auto_trading": "Yapay Zeka Otomatik Ticaret\n – Trend takibi ve ızgara sistemleri gibi önceden oluşturulmuş stratejileri kullanan tam otomatik botlar\n – Algoritmalar, riski sınırlamak ve getirileri artırmak için gerçek zamanlı olarak ayarlanır",
    "fund_security": "Fon Güvenliği\n – Soğuk ve sıcak cüzdan ayrımıyla çok katmanlı şifreleme uygular\n – Akıllı sözleşme denetimleri şeffaf ve kurcalamaya dayanıklı operasyonlar sağlar",
    "instant_deposits_withdrawals": "Anında Para Yatırma\/Çekme\n – Para yatırma işlemleri 1–3 dakika içinde işleme koyulur (TRC20\/BEP20'yi destekler)\n – Para çekme işlemleri hızlı ve otomatiktir; manuel incelemeye gerek yoktur",
    "multiple_trading_modes": "Çoklu Ticaret Modları\n – Başlangıç Modu: Düşük riskli, tamamen müdahalesiz ticaret\n – Pro Modu: Deneyimli kullanıcılar için gelişmiş araçlar ve strateji kontrolleri",
    "how_to_register_and_start_using_chain_quant": "3. Chain Quant'a Nasıl Kayıt Olunur ve Kullanmaya Başlanır?",
    "sign_up": "1. Adım: Kaydolun: \n Resmi Chain Quant web sitesini ziyaret edin, \"Ücretsiz Kayıt\"a tıklayın ve e-posta veya telefon yoluyla doğrulama yapın",
    "deposit_and_activate_ai_trading": "Adım 2: AI Ticaretini Yatırın ve Etkinleştirin:\n Hesabınıza USDT (TRC20 veya BEP20) ile para yatırın\n Yatırılan fonlar Chain Quant işlem bakiyenize dönüştürülür",
    "launch_ai_trading": "3. Adım: Yapay Zeka Ticaretini Başlatın:\n Kişisel AI botunuzu etkinleştirmek için \"Nicel Ticaret\"e tıklayın\n Sistem, günlük kar elde etmeyi amaçlayan otomatik işlemlere başlıyor",
    "how_to_earn_with_chain_quant": "Chain Quant ile Nasıl Kazanılır?",
    "arbitrage_profits": "– Yöntem 1: Arbitraj Karları:\n Yapay zeka fiyat boşluklarını tespit eder (örneğin, bir borsada düşük fiyatla satın alırken diğer borsada yüksek fiyata sat)",
    "ai_trading_returns": "– Yöntem 2: Yapay Zeka Ticaret Getirileri:\n Algoritmalar otomatik olarak düşükten alıp yüksekten satmak için trend verilerini kullanır",
    "referral_rewards": "– Yöntem 3: Yönlendirme Ödülleri:\n Başkalarını davet edin ve onların işlemlerinden komisyon kazanın",
    "why_choose_chain_quant": "5. Neden Chain Quant'ı Seçmelisiniz?",
    "ai_automation": "✓ 7\/24 Yapay Zeka Otomasyonu – Hiçbir ticaret fırsatını kaçırmayın",
    "military_grade_security": "✓ Askeri Düzeyde Güvenlik – Soğuk cüzdanlar ve üst düzey şifreleme",
    "dual_trading_modes": "✓ İkili Ticaret Modu – Hem yeni başlayanlar hem de profesyoneller için mükemmel",
    "reliable_returns": "✓ Güvenilir Getiriler – Gerçek zamanlı piyasa analiziyle desteklenir",
    "free_daily_withdrawals": "✓ Ücretsiz Günlük Para Çekme – Her gün bir kez ücretsiz para çekme işleminin keyfini çıkarın",
    "start_your_journey_with_chain_quant": "Chain Quant ile yolculuğunuza bugün başlayın ve akıllı otomasyonun kripto geleceğiniz için çalışmasına izin verin!",
    "chain_quant_ltd": "ZİNCİR QUANT LTD",
    "driving_the_future_of_ai": "Yapay Zeka, Büyük Veri ve Otomasyonun Geleceğini Yönlendirmek",
    "at_chain_quant_we_harness": "Chain Quant'ta küresel dijital dönüşümü hızlandırmak için son teknoloji yapay zekanın, büyük verinin ve gelişmiş otomasyonun gücünden yararlanıyoruz. Misyonumuz, organizasyonları iş büyümesini teşvik eden ve daha bağlantılı, verimli bir geleceği şekillendiren akıllı, ölçeklenebilir çözümlerle güçlendirmektir.",
    "core_services": "Temel Hizmetler",
    "ai_solutions": "Yapay Zeka Çözümleri – Operasyonları optimize etmek ve verimliliği en üst düzeye çıkarmak için makine öğrenimini ve derin öğrenmeyi entegre ediyoruz.",
    "big_data_analytics": "Büyük Veri Analitiği – Akıllı karar verme ve sürdürülebilir büyüme için güçlü veri altyapısı ve eyleme geçirilebilir bilgiler sunar.",
    "automation_integration": "Otomasyon Entegrasyonu – Maliyetleri azaltan, fazlalıkları ortadan kaldıran ve üretkenliği artıran özel otomasyon iş akışlarının tasarlanması.",
    "strategic_industry_consulting": "Stratejik Endüstri Danışmanlığı – Dijital dönüşüm stratejilerine rehberlik etmek için ileri görüşlü, teknoloji odaklı pazar istihbaratı sağlamak.",
    "our_core_values": "Temel Değerlerimiz",
    "innovation_driven": "Yenilik Odaklı – Statükoya meydan okuyoruz ve teknolojiyle mümkün olanın sınırlarını zorluyoruz.",
    "client_centric": "Müşteri Odaklı – Her çözüm, müşterilerimizin benzersiz ihtiyaçlarına ve gelişen hedeflerine göre uyarlanmıştır.",
    "integrity_accountability": "Dürüstlük ve Sorumluluk – Şeffaflık ve güven, kurduğumuz her ortaklığın temelidir.",
    "vision": "Görüş",
    "to_lead_globally_in_ai": "Yapay zeka ve veriye dayalı inovasyonda küresel çapta liderlik yapmak, KOBİ'lerin dijital ekonomide başarılı olmalarını sağlarken sorumlu teknoloji kullanımını ve etik dönüşümü teşvik etmek.",
    "innovation_philosophy": "İnovasyon Felsefesi",
    "we_pioneer_the_smart_ecosystem": "Küresel pazarlarda kesintisiz iş birliği, şeffaflık ve gelişmiş zeka sağlayan, blok zinciriyle güvenli, sektörler arası bir dijital altyapı olan Akıllı Ekosistem'e öncülük ediyoruz.",
    "corporate_information": "Kurumsal Bilgiler",
    "legal_name": "Yasal Ad",
    "company_number": "Şirket Numarası",
    "incorporation_date": "Kuruluş Tarihi",
    "registered_address": "Kayıtlı Adres",
    "for_official_filings": "Resmi başvurular ve doğrulamalar için lütfen Birleşik Krallık Hükümeti kayıtlarına bakın:",
    "uk_government_registry": "Birleşik Krallık Hükümeti Sicili",
    "secure_and_fast_transactions": "24 Saatte Para Çekme",
    "withdraw_account": "Para Çekme Hesabı",
    "withdrawal_method": "Para Çekme Yöntemi",
    "quota": "Kota 1 - 650000",
    "enter_withal_address": "para çekme adresi",
    "enter_password": "Şifre",
    "handling_fees": "İşleme Ücretleri",
    "actually_received": "Aslında Al",
    "press_release": "Basın bülteni",
    "relese_date": "03 Şubat 2024",
    "we_are_thrilled_to_announce": "Chain Quant'ın ortalama 15, 2024'te piyasaya sürüleceğini resmi olarak duyurmaktan heyecan duyuyoruz!",
    "Chain_Quant_is_a_global_powerhouse": "Chain Quant, kârlılığı en üst düzeye çıkaran ve dijital finansın gelişimini güçlendiren ışık hızında, akıllı ticaret çözümleri sunan, yapay zeka destekli niceliksel ticaret ve kripto para arbitrajında ​​küresel bir güç merkezidir.",
    "platform_highlights": "Platformun Öne Çıkan Noktaları",
    "seamless_multi_exchange_integration": "Kusursuz Çoklu Borsa Entegrasyonu – Binance, Coinbase, Huobi ve daha fazlasını destekler",
    "ultra_fast_arbitrage_execution": "Ultra Hızlı Arbitraj Uygulaması – Bir saniyeden kısa sürede düşük alım\/yüksek satış fırsatları",
    "fully_autonomous_trading": "Tamamen Otonom Ticaret – %100 yapay zeka destekli, manuel girişe gerek yok",
    "be_among_the_first_to_experience": "Yeni nesil ticareti ilk deneyimleyenlerden biri olun.",
    "register_now": "Şimdi kaydolun ve akıllı finansta hassasiyetin performansla buluştuğu Chain Quant ile geleceğin kontrolünü elinize alın.",
    "chain_quantity_quantitative_investment_program": "Zincir Miktarı Kantitatif Yatırım Programı. Otomatik Pasif Gelir için Kademeli VIP Sistemi",
    "vip_levels_rewards": "VIP Seviyeleri ve Ödüller",
    "vip_level_deposit_range_daily_return": "VIP Düzeyinde Para Yatırma Aralığı (USDT) Günlük Getiri (%)",
    "vip_1_deposit_range_daily_return": "VIP 1 10$ – 199$ %2,46 – %2,52",
    "vip_2_deposit_range_daily_return": "VIP 2 200 $ – 999 $ %2,71 – %2,72",
    "vip_3_deposit_range_daily_return": "VIP 3 1.000 $ – 4.999 $ %2,92 – %2,98",
    "vip_4_deposit_range_daily_return": "VIP 4 5.000 ABD Doları – 9.999 ABD Doları %3,15 – %3,19",
    "vip_5_deposit_range_daily_return": "VIP 5 10.000 $ – 14.999 $ %3,36 – %3,40",
    "vip_6_deposit_range_daily_return": "VIP 6 15.000 $ – 29.999 $ %3,69 – %3,73",
    "vip_7_deposit_range_daily_return": "VIP 7 30.000 ABD Doları – 59.999 ABD Doları %3,92 – %3,97",
    "vip_8_deposit_range_daily_return": "VIP 8 60.000 $ – 99.999 $ %4,25 – %4,27",
    "vip_9_deposit_range_daily_return": "VIP 9 100.000 ABD Doları – 149.999 ABD Doları %4,54 – %4,58",
    "vip_10_deposit_range_daily_return": "VIP 10 150.000 $ – 200.000 $ %5,01 – %5,10",
    "chain_quantity_operates_on_progressive_model": "Chain Quantity, ölçeklenebilirlik ve basitlik için tasarlanmış ilerici bir yatırım modeli üzerinde çalışır.",
    "start_with_10_usdt_activate_quantity_1": "1. Miktarı etkinleştirmek için yalnızca 10 USDT ile başlayın",
    "upgrade_to_quantity_2_by_adding_989_usdt": "989 USDT ekleyerek Miktar 2'ye yükseltin (Toplam: 999 USDT)",
    "minimum_deposit_10_usdt": "Düşük depozito: 10 USDT",
    "minimum_withdrawal_2_usdt": "Minimum Para Çekme: 2 USDT",
    "example_investing_1000_usdt_unlocks_vip_3": "1.000 USDT yatırımı VIP 3'ün kilidini açar",
    "daily_earnings_example": "Günlük Kazanç = 1.000 × %2,92 = 29,2 USDT",
    "program_highlights": "Programda Öne Çıkanlar",
    "validity_per_vip_tier": "⏳ VIP kademesi başına 180 Günlük Geçerlilik",
    "daily_system_reset": "🕛 Günlük Sistem 00:00 SGT'de Sıfırlanır",
    "automatic_upgrades": "🔓 Bir sonraki eşiğe ulaşıldığında Otomatik Yükseltmeler",
    "instant_withdrawals": "💸 Komisyon bakiyesinden anında çekim",
    "why_choose_chain_quantity": "Neden Zincir Miktarını Seçmelisiniz?",
    "higher_tiers_offer_better_returns": "✅ Daha yüksek seviyeler önemli ölçüde daha iyi getiri sunar",
    "no_lock_up_periods": "✅ Kilitleme süresi yok – fonlara erişim mümkün olmaya devam ediyor",
    "real_time_profit_tracking": "✅ Kontrol paneli üzerinden gerçek zamanlı kar takibi",
    "transparent_automated_system": "✅%100 şeffaf, otomatik sistem",
    "sustainable_passive_income_model": "Büyüme için oluşturulmuş, ödüller için optimize edilmiş akıllı katmanlı modelimizle sürdürülebilir, pasif gelir elde edin.",
    "example": "Örnek",
    "chain_quantity_team_rewards_program": "Zincir Miktarı Ekibi Ödül Programı",
    "unlock_powerful_earning_potential": "Yapılandırılmış çok seviyeli komisyon sistemimiz ve özel acente fırsatlarımızla güçlü kazanç potansiyelinin kilidini açın.",
    "multi_level_commission_structure": "Çok Seviyeli Komisyon Yapısı",
    "maximize_rewards_tiered_referral_program": "Kademeli yönlendirme programımız aracılığıyla ödüllerinizi en üst düzeye çıkarın:",
    "level_1_direct_referrals_earn_15_percent": "Seviye 1 (Doğrudan Yönlendirmeler): %15 komisyon kazanın",
    "level_2_indirect_referrals_earn_2_percent": "Seviye 2 (Dolaylı Yönlendirmeler): %2 komisyon kazanın",
    "level_3_extended_network_earn_1_percent": "Seviye 3 (Genişletilmiş Ağ): %1 komisyon kazanın",
    "earn_every_time_referrals_deposit_funds": "Yönlendirdiğiniz kişilerin ve onların yönlendirmelerinin para yatırdığı her seferde kazanırsınız.",
    "global_agent_recruitment": "Global Acente Alımı",
    "expanding_reach_motivated_partners": "Erişimimizi genişletiyoruz ve motive ortaklar arıyoruz:",
    "national_agents_earn_5_percent": "Ulusal Temsilciler: %5 komisyon kazanın",
    "city_agents_earn_4_percent": "Şehir Temsilcileri: %4 komisyon kazanın",
    "regional_agents_earn_3_percent": "Bölgesel Temsilciler: %3 komisyon kazanın",
    "build_your_network": "Ağınızı Oluşturun:",
    "launch_telegram_whatsapp_community": "Kendi Telegram veya WhatsApp topluluğunuzu başlatın",
    "invite_official_support_team": "Resmi destek ekibimizi katılmaya davet edin",
    "grow_team_unlock_exponential_earning": "Ekibinizi büyütün ve katlanarak artan kazanç fırsatlarının kilidini açın",
    "referral_bonus_example": "Tavsiye Bonusu Örneği",
    "member_deposit_commission_rate_earnings": "Üye Para Yatırma Komisyonu Kazançlarınızı Değerlendirin",
    "member_a_1000_usdt_15_percent_150_usdt": "Üye A 1.000 USDT %15 150 USDT",
    "member_b_1000_usdt_2_percent_20_usdt": "Üye B 1.000 USDT %2 20 USDT",
    "member_c_1000_usdt_1_percent_10_usdt": "C Üyesi 1.000 USDT %1 10 USDT",
    "earn_bonuses_team_members_deposit": "Ekip üyeleriniz her para yatırdığında bonus kazanırsınız.",
    "daily_agent_bonus_rewards": "Günlük Temsilci Bonus Ödülleri",
    "top_performing_agents_rewarded_daily": "En iyi performans gösteren temsilciler, günlük ekip para yatırma işlemlerine göre otomatik olarak ödüllendirilir:",
    "1000_usdt_60_usdt_bonus": "1.000 USDT → 60 USDT BONUS",
    "5000_usdt_188_usdt_bonus": "5.000 USDT → 188 USDT BONUS",
    "16000_usdt_388_usdt_bonus": "16.000 USDT → 388 USDT BONUS",
    "58000_usdt_1483_usdt_bonus": "58.000 USDT → 1.483 USDT BONUS",
    "100000_usdt_6450_usdt_bonus": "100.000 USDT → 6.450 USDT BONUS",
    "500000_usdt_99999_usdt_bonus": "500.000 USDT → 99.999 USDT BONUS",
    "bonuses_cumulative_instantly_withdrawable": "Tüm bonuslar birikimlidir ve USDT cinsinden anında çekilebilir.",
    "join_today_grow_network_start_earning": "Bugün katılın, ağınızı büyütün ve daha önce hiç olmadığı gibi kazanmaya başlayın.",
    "recharge_amount": "Yeniden Yükleme Tutarı",
    "current_amount": "Mevcut mevcut miktar",
    "todays_earning": "Bugünkü Kazançlar",
    "total_revenue": "Toplam Gelir",
    "invitation_rewareds": "Davet ödülleri",
    "more_level_comming": "Yakında daha fazla seviye gelecek...",
    "per_day": "Günlük Kantifikasyon Sayısı",
    "agree_with_our": "Bizimle aynı fikirde",
    "terms_of_use": "Kullanım Süresi",
    "and": "Ve",
    "privacy_policy": "Gizlilik Politikası",
    "no_account": "Hesap Yok mu?",
    "security_password": "Güvenlik şifresi",
    "processing": "İşleme…",
    "already_have_an_account": "Zaten bir hesabınız var mı?",
    "verify_email_title": "E-postayı Doğrula",
    "enter_your_verification_code": "Doğrulama kodunuzu girin",
    "verifying": "Doğrulanıyor...",
    "verify_email": "E-postayı Doğrula",
    "check_inbox_and_spam_html": "Doğrulama e-postası için lütfen gelen kutunuzu ve klasörünüzü kontrol edin.",
    "total_assets": "Toplam Varlıklar",
    "quantitative_account": "Nicel Hesap",
    "agent_corperation": "Temsilci İşbirliği",
    "activity": "Takım Etkinliği",
    "unread_messages_alert": "Sitede okunmamış mesajlarınız var, lütfen gidip mesaj içeriğini kontrol edin!",
    "vip": "vip",
    "trial_fee": "Deneme Ücreti",
    "profit_assets": "Kâr Varlıkları",
    "todays_earnings": "Bugünkü Kazançlar",
    "quantifiable_number_of_days": "Ölçülebilir Gün Sayısı",
    "countdown_days": "Geri Sayım Günleri",
    "quantify_reset_time": "Sıfırlama Zamanının Ölçülmesi",
    "start_quantify": "Ölçümü Başlat",
    "quantification_process": "Kantifikasyon Süreci",
    "start_quantification": "Ölçümü başlat...",
    "start_queuing": "Sıraya girmeye başlayın...",
    "start_executing_buy_order": "Satın alma emrini yürütmeye başla...",
    "start_executing_sell_order": "Satış emrini uygulamaya başlayın...",
    "start_capturing_market_prices": "Ticari piyasa fiyatlarını yakalamaya başlayın...",
    "start_distributing_commissions": "Komisyonları dağıtmaya başlayın...",
    "operation_complete": "Operasyon tamamlandı ve sona eriyor.",
    "current_vip": "Mevcut VIP",
    "click_to_unlock": "Kilidi açmak için tıklayın",
    "quantification_times_per_day": "Günlük Kantifikasyon Sayısı",
    "profit_ratio": "Kâr Oranı",
    "minimum_unlock_amount": "Minimum Kilit Açma Tutarı",
    "recharge_unlock_message": "Yeniden Yükleme otomatik olarak Yeniden Yükleme {{minUnclock}}USDT'nin kilidini açar",
    "quantitative_benefits": "Nicel faydalar",
    "deposit_into_basic_wallet": "Temel cüzdana para yatırma",
    "invest_record": "Yatırım Kaydı",
    "build_team_rewards": "Bir ekip kurun ve cömert ödüller kazanın",
    "my_invitation_code": "Davet Kodum",
    "invite_link": "Bağlantıyı Davet Et",
    "view_the_team": "Ekibi Görüntüle",
    "daily_commissions": "Günlük Komisyonlar",
    "invited_friends_recharge_rebates": "Arkadaşlarınızı şarj ettiklerinde karşılık gelen indirimleri almaya davet edin:",
    "recharge_rebate": "Yeniden yükleme indirimi",
    "quantify_rebate": "İndirimin miktarını belirleyin",
    "copy_success": "Başarıyı Kopyala",
    "withdraw": "Geri çekilmek",
    "sign_out": "Oturumu Kapat",
    "hello_username": "Merhaba {{kullanıcı adı}}",
    "welcome_back": "tekrar hoşgeldiniz",
    "investment_accounts": "Yatırım Hesapları",
    "commission_today": "Bugün Komisyon",
    "yesterdays_earnings": "Dünkü Kazançlar",
    "detail": "Detay",
    "transfer": "Aktarım",
    "news": "Haberler",
    "security_center": "Güvenlik Merkezi",
    "company_profile": "Şirket Profili",
    "about_us": "Hakkımızda",
    "twenty_four_hour_withdrawal": "48 saatlik para çekme",
    "withdrawable": "Çekmeceli",
    "amount_to_be_processed": "İşlenecek tutar",
    "payment_method": "Ödeme yöntemi",
    "withdrawal_limit_range": "Para çekme limiti aralığı 7,00 - 99999999,00",
    "withdrawal_address": "Para Çekme Adresi",
    "handling_fee": "İşleme Ücreti",
    "receipt": "Fiş",
    "withdrawal_note": "Para Çekme Notu",
    "withdrawal_policy_title": "Para Çekme Politikası (ToobitQuant)",
    "minimum_withdrawal_amount": "Minimum Para Çekme Tutarı",
    "withdrawal_fee": "Para Çekme Ücreti",
    "withdrawal_frequency": "Para Çekme Sıklığı",
    "withdrawal_frequency_desc": "Günde bir kez, Pazartesi'den Pazar'a kadar kullanılabilir (Singapur Saati)",
    "processing_time": "İşlem Süresi",
    "processing_time_desc": "Para çekme işlemleri genellikle talep gönderildikten sonra 0-48 saat içinde işleme alınır ve doğrudan cüzdanınıza aktarılır.",
    "mining_machine_energy_failure": "Madencilik makinesinde enerji arızası, lütfen {{amount}} USDT'yi yeniden şarj edin",
    "financial": "Finansal",
    "usdt": "USDT",
    "failed_to_fetch_data": "Veriler getirilemedi.",
    "note_before_switching_accounts": "Not: Yükleme hesaplarını değiştirmeden önce lütfen önceki yüklemenin alındığını doğrulayın!",
    "quant_account_desc": "Akıllı ölçülmüş getiriler için bu hesaba para yatırın",
    "investment_account_desc": "Bu hesaba yatırılan paralar kitlesel fonlama projelerine yatırım yapmak için kullanılabilir",
    "recharge_address": "Şarj Adresi",
    "recharge_complete": "Yeniden Şarj Tamamlandı",
    "deposit_instruction_1": "1. Yukarıdaki adresi kopyalayın veya QR kodunu tarayın ve",
    "network_deposit": "Varlık yatırmak için ağ.",
    "invite_top_up_rewards": "Arkadaşlarınızı ilk kez yükleme yapmaya davet edin ve aşağıdaki ödülleri kazanın",
    "number_of_invited_people": "Davet edilen kişi sayısı",
    "invitation_rewards_label": "Davet ödülleri:",
    "usdt_automatic_distribution": "USDT Otomatik Dağıtım",
    "invitee_first_recharge_needs_to_be_in": "Davetlinin ilk şarjının tamamlanması gerekiyor",
    "above": "üstünde",
    "tiered_rewards_intro": "Belirli sayıda kişiyi davet edin ve kademeli ödüller kazanın:",
    "count": "Saymak",
    "award": "Ödül",
    "unlimited": "Sınırsız",
    "auto": "Otomatik",
    "claimed": "Hak talebinde bulunuldu",
    "remaining": "Geriye kalan",
    "failed_to_load_invite_rewards": "Davet ödülleri yüklenemedi.",
    "reward_claimed_successfully": "Ödül başarıyla alındı.",
    "unable_to_claim_reward": "Ödül talep edilemiyor. Lütfen tekrar deneyin.",
    "agent_cooperation": "Temsilci İşbirliği",
    "global_recruitment_title": "Tam Zamanlı Çalışanlar için Küresel İşe Alım İş Bilgileri:",
    "positions_available_subtitle": "Pazarlama Departmanında 6 Pozisyon Mevcuttur",
    "job_description_promotion_title": "İş Tanımı ve Terfi Kriterleri:",
    "job_description_promotion_body": "Pazarlama Departmanı, Seviye 1 ve Seviye 2'de başarılı şarj seviyelerine sahip toplam kullanıcı sayısına göre aşağıdaki 6 pozisyonu sunmaktadır. Pozisyonlar aşağıdaki gibidir:",
    "salary_tiers_intro": "Her pozisyonun farklı maaş kademeleri vardır. Pozisyon ne kadar yüksek olursa maaş da o kadar yüksek olur. Ayrıntılar aşağıdaki gibidir:",
    "position": "Konum",
    "level_1": "Seviye 1",
    "level_1_plus": "Seviye 1+",
    "level_2": "Seviye 2",
    "weekly": "Haftalık",
    "salary": "Maaş",
    "growth_catalyst": "Büyüme Katalizörü",
    "brand_architect": "Marka Mimarı",
    "engagement_guru": "Öğretmen katılımı",
    "visionary_strategist": "Vizyoner Stratejist",
    "innovation_leader": "İnovasyon Lideri",
    "territory_commander": "Bölge Komutanı",
    "meet_requirements_contact_manager": "Pozisyon gereksinimlerini karşılayan kullanıcılar için lütfen doğrulama için proje yöneticisiyle iletişime geçin.",
    "salary_payment_method_timing": "Maaş Ödeme Şekli ve Zamanlaması:",
    "salary_distribution_detail": "Maaşlar her Pazartesi saat 18.00'den sonra ToobitQuant cüzdan hesabına dağıtılacaktır.",
    "additional_rewards_title": "Tam Zamanlı Çalışanlar için Ek Ödüller:",
    "additional_rewards_body": "Bir çalışan kalıcı üye olduğunda, ek bir ödül olarak ekibinin toplam haftalık mevduatının bir yüzdesini de alacaktır. Ödül yapısı aşağıdaki gibidir:",
    "total_weekly_deposits_usdt": "Toplam haftalık mevduat (USDT)",
    "reward_percentage": "Ödül Yüzdesi",
    "commission": "Komisyon",
    "commission_records": "Komisyon Kayıtları",
    "valid_invitation_people_number": "Geçerli davetli kişi numarası",
    "team_report": "Ekip Raporu",
    "team_total_recharge": "Takımın toplam şarjı:",
    "team_total_withdrawal": "Takımın toplam çekilmesi:",
    "level_3": "Seviye 3",
    "total_valid_label": "Toplam\/Geçerli:",
    "get_commission_label": "Komisyon Alın:",
    "now_go": "Şimdi Git",
    "brand_name": "ÇOKBİT",
    "press_release_date": "25 Haziran 2025",
    "launch_announcement_prefix": "lansmanını duyurmanın heyecanını yaşıyoruz.",
    "launch_announcement_suffix": "5 Eylül 2025 itibarıyla yayında olan, devrim niteliğinde yapay zeka destekli bir platform.",
    "platform_description": "TOOBIT, yapay zekanın gücünü ışık hızında uygulamayla birleştirerek dijital varlık ticaretinin geleceğini yükseltmek için tasarlanmıştır. Gelecek nesil yatırımcılar için tasarlanan platformumuz, kripto arbitrajını ve niceliksel ticaret stratejilerini optimize etmek için hassas odaklı araçlar sunarak portföyünüzün günümüzün son derece rekabetçi pazarında büyümesini sağlar.",
    "key_features_title": "Toobit'in Temel Özellikleri:",
    "feature_multi_exchange_title": "• Kusursuz Çoklu Değişim Entegrasyonu",
    "feature_multi_exchange_desc": "Binance, Coinbase, Kraken ve diğerleri gibi önde gelen platformlara zahmetsizce bağlanarak borsalar arasında verimli ticarete olanak sağlayın.",
    "feature_realtime_arbitrage_title": "• Gerçek Zamanlı Arbitraj Tespiti",
    "feature_realtime_arbitrage_desc": "Milisaniye seviyesindeki yanıt verme hızıyla Toobit, ortaya çıkan karlı fırsatları tespit edip bunlardan yararlanarak diğerlerinden önde kalmanızı sağlar.",
    "feature_ai_autonomous_title": "• Yapay Zeka İçin Optimize Edilmiş, Tamamen Otonom",
    "feature_ai_autonomous_desc": "Platformumuz, manuel giriş gerektirmeden otomatik, veri odaklı stratejiler sağlayan son teknoloji yapay zeka tarafından desteklenmektedir, böylece arkanıza yaslanıp portföyünüzün büyümesini izleyebilirsiniz.",
    "platform_mission": "Toobit, dijital varlık ortamını yeniden şekillendirmek ve daha akıllı, daha hızlı ve daha verimli ticaret yapmanızı sağlamak için burada. İster deneyimli bir yatırımcı olun ister yeni başlıyor olun, Toobit getirileri en üst düzeye çıkarmak için yeni bir olasılıklar alanının kilidini açar.",
    "platform_future_line": "Yeniliğin hassasiyetle buluştuğu ticaretin geleceğine adım atın.",
    "agent_program_heading": "QUANT Temsilci Ortaklık Programı",
    "agent_program_headline_prefix": "Yapay Zeka Odaklı Finansın Geleceğine Adım Atın",
    "agent_program_headline_suffix": "Küresel Temsilci Programı",
    "agent_program_welcome": "Akıllı servet yaratmanın bir sonraki çağına hoş geldiniz. TOOBIT, yapay zeka destekli niceliksel ticaretin gücünden yararlanarak uzun vadeli, pasif gelir elde etmek için eşsiz bir fırsat olan Küresel Temsilci Programını başlatmaktan gurur duyuyor.",
    "agent_program_revolution": "Dijital finans devrimi ivme kazandıkça Toobit, pazarlamacıları, topluluk liderlerini ve yatırımcıları merkezi olmayan finansın geleceğini şekillendirmeye katılmaya davet ediyor. Temsilci ağımız ölçeklenebilirlik, esneklik ve karlılık için oluşturulmuştur ve başkalarının dijital ekonomide büyümesine yardımcı olurken gelirinizi artırmanın heyecan verici bir yolunu sunar.",
    "agent_program_highlights": "Programın Önemli Noktaları:",
    "agent_program_income": "• Çok Katmanlı Gelir Potansiyeli - Ağınızdaki faaliyetlere göre indirimler kazanın ve topluluğunuz genişledikçe sürekli bir gelir akışı yaratın. Yönlendirme bağlantınız, hiçbir deneyim gerektirmeden tanıtım yapmayı kolaylaştırır.",
    "agent_program_tools": "• Kapsamlı Destek ve Araçlar - Promosyonun kusursuz ve ödüllendirici olmasını sağlamak için en son platform özelliklerine, gerçek zamanlı indirimlere ve yapay zeka odaklı ticaret otomasyonuna erişin.",
    "agent_program_growth": "• Büyüme Odaklı Fırsatlar - Kademeler arasında ilerleyin (Şehir, Ulusal, Küresel Ortak) ve ömür boyu %20'nin üzerinde kar paylaşımı ve en iyi acenteler için özel bölgesel ayrıcalıklar dahil olmak üzere özel ödüllerin kilidini açın.",
    "agent_program_closing": "İster sosyal medya, ister yatırımcı ağları, ister yerel topluluklar aracılığıyla etkileşimde olun, Toobit çabalarınızın ödüllendirilmesini sağlar. Geleceğinizi bugün inşa etmeye başlayın ve akıllı finans dünyasının liderliğini üstlenirken bize katılın. Ticaretin geleceği burada. Toobit sizi bunun bir parçası olmaya davet ediyor.",
    "company_name_legal": "TOOBIT AI SINIRLI",
    "cp_p1_rest": "2025 yılında Londra, İngiltere'de kuruldu ve kendini blockchain tabanlı akıllı ticaret alanında lider bir kuruluş olmaya adamıştır.",
    "cp_p2_rest": "yapay zeka teknolojisiyle desteklenen gelişmiş bir niceliksel ticaret sistemidir. Temel yeteneği, riski en aza indirirken yatırım getirilerini en üst düzeye çıkarmak için ticaret stratejilerinin otomatik olarak uygulanmasında yatmaktadır. TOOBIT özellikle yatırım kararlarını yürütülebilir bilgisayar algoritmalarına dönüştürerek gerçek zamanlı piyasa dalgalanmalarına sorunsuz bir şekilde uyum sağlayan şeffaf, verimli ve hızlı ticaret işlemlerine olanak tanır.",
    "cp_p3_suffix": "Ticaret stratejileri, en etkili ticaret eylemlerini belirlemek için modern matematik, istatistik, makine öğrenimi ve piyasa eğilimlerinin ve dijital varlık fiyatlarının sürekli analizine dayanmaktadır. Sistem, karmaşık algoritmalar ve modelleme yoluyla piyasa risklerini ve yatırım fırsatlarını değerlendirir, değişen risk ve getiri beklentilerine yanıt olarak portföy tahsislerini otomatik olarak optimize eder.",
    "cp_p4": "Bu tam otomatik yaklaşım, insan hatasını ortadan kaldırır, işlem doğruluğunu artırır ve değişken ve belirsiz piyasa koşullarına tutarlı adaptasyon sağlar.",
    "cp_p5_prefix": "Özünde,",
    "cp_p5_suffix": "karı en üst düzeye çıkarmayı ve riski en aza indirmeyi amaçlayan stratejileri otomatik olarak uygulamak için yapay zekayı modern finansal teoriyle birleştiren yeni nesil niceliksel bir ticaret sistemidir.",
    "label_company_name": "Firma Adı",
    "label_company_number": "Şirket Numarası",
    "label_incorporation_date": "Kuruluş Tarihi",
    "label_registered_capital": "Kayıtlı Sermaye",
    "label_email": "E-posta",
    "label_phone": "Telefon",
    "label_registered_office": "Kayıtlı Ofis",
    "company_number_value": "16289541",
    "incorporation_date_value": "04 Mart 2025",
    "registered_capital_value": "100.000.000 GBP",
    "email_value": "TOOBITquant.ai@gmail.com",
    "phone_value": "+44 7742 043280",
    "registered_office_value": "32 London Bridge St, Londra, Birleşik Krallık SE1 9SG",
    "platform_bonus": "Platform Bonusu",
    "failed_to_load_notices": "Bildirimler yüklenemedi",
    "welcome_title": "TOOBIT'e Hoş Geldiniz: Birlikte Akıllı Bir Geleceğin Kilidini Açmak",
    "withdraw_success": "Başarıyı Geri Çekme",
    "deposit_success": "Para Yatırma Başarılı",
    "income_received": "Elde Edilen Gelir",
    "product": "Ürün",
    "project_rule": "Proje Kuralı",
    "repayment": "Geri ödeme",
    "maturity_principal_interest": "Vade Anapara ve Faiz",
    "daily_return": "Günlük Dönüş",
    "invest_cycle": "Yatırım Döngüsü",
    "estimated_revenue": "Tahmini Gelir",
    "balance_not_enough_recharge": "Bakiye yeterli değil, Lütfen {{amount}} USDT'yi Yeniden Yükleyin",
    "ok": "Tamam",
    "transfer_amount": "Transfer Tutarı",
    "old_login_password": "Eski Giriş Şifresi",
    "new_login_password": "Yeni Giriş Şifresi",
    "old_payment_password": "Eski Ödeme Şifresi",
    "new_payment_password": "Yeni Ödeme Şifresi",
    "about_p1_tail": "yapay zeka ile desteklenen son teknoloji ürünü bir niceliksel ticaret sistemidir. Temel özelliği, riski en aza indirirken yatırım getirisini en üst düzeye çıkarmak için tasarlanmış ticaret stratejilerinin otomatik olarak uygulanmasıdır. Ticaret kararlarını bilgisayar algoritmalarına dönüştürerek, önceden tanımlanmış stratejileri otomatikleştirerek ticaret sürecini daha şeffaf, verimli ve piyasa değişikliklerine son derece duyarlı hale getirir.",
    "about_p2_a": "tarafından kullanılan niceliksel stratejiler",
    "about_p2_b": "Modern matematik, istatistik, makine öğrenimi ve piyasa eğilimleri ile kripto para birimi fiyatlarının gerçek zamanlı analizinden yararlanın. Bu gelişmiş teknolojiler, platformun yüksek düzeyde optimize edilmiş ticaret planları oluşturmasına olanak tanır.",
    "about_p2_c": "Aynı zamanda",
    "about_p2_d": "piyasa risklerini değerlendirmek ve yatırım fırsatlarını belirlemek için karmaşık modeller kullanır ve portföyleri beklenen risk-getiri oranına göre otomatik olarak yeniden dengeler. Bu tam otomatik yaklaşım, insan hatasını ortadan kaldırır, doğruluğu artırır ve sistemin değişken piyasa koşullarına hızlı bir şekilde uyum sağlayabilmesini sağlar.",
    "about_p3_a": "Özünde,",
    "about_p3_b": "Yatırım stratejilerini özerk bir şekilde yürütmek için yapay zekayı modern finans teorisiyle entegre ederek kârı en üst düzeye çıkarmak ve riski azaltmak gibi ikiz hedefleri takip ediyor.",
    "about_p4_heading_tail": "Gelir Kaynağı ve Finansal Güvenlik",
    "about_p5_tail": "kullanıcılarıyla birlikte karşılıklı fayda sağlayan bir iş modeliyle faaliyet göstermektedir. Tüm karlar, küresel kripto para birimi piyasalarındaki fiyat dalgalanmalarından elde edilir. Blockchain teknolojisinin merkezi olmayan ve kurcalanmaya karşı dayanıklı yapısı, kullanıcılara daha güçlü bir finansal koruma katmanı sunan açık, şeffaf bir yatırım ortamı sağlar.",
    "about_p6_a": "Özetle,",
    "about_p6_b": "Tutarlı ve sürdürülebilir servet büyümesini desteklemek için tasarlanmış akıllı bir ticaret sistemiyle kullanıcıları güçlendirir. Her işlem yalnızca kullanıcılara getiri sağlamakla kalmaz, aynı zamanda platform geliri de sağlar; bu da her iki taraf için de uzun vadeli finansal istikrarı destekleyen bir kazan-kazan yapısı oluşturur.",
    "about_p7_a": "Blockchain endüstrisinin sağlıklı gelişimini desteklemek için birlikte çalışalım. İle",
    "about_p7_b": "Akıllı, yapay zeka destekli ticaret sistemleri aracılığıyla daha fazla kişi, ucuza alıp yüksek fiyata satma ilkesini güvenle ve verimli bir şekilde öğrenebilir.",
    "about_p8_a": "Şimdi dördüncü neslinde,",
    "about_p8_b": "kullanıcı deneyimini kolaylaştırırken gelişmiş özellikler sunarak daha da güçlü hale geldi. Kullanıcılar \"Niceliklendirmeyi Başlat\"a tek bir tıklamayla yalnızca bir dakika içinde getiri oluşturmaya başlayabilir. Akıllı yatırımın geleceği budur.",
    "open_support_drawer": "Destek çekmecesini aç",
    "online_service": "Çevrimiçi hizmet",
    "choose_support_method": "Tercih ettiğiniz çevrimiçi müşteri hizmetleri iletişim yöntemini seçin",
    "customer_support": "Müşteri Desteği",
    "community_group": "Topluluk Grubu",
    "verify_code": "Kodu Doğrula",
    "click_to_refresh": "Yenilemek için tıklayın",
    "request_already_processing": "İsteğiniz zaten işleniyor",
    "credential_not_match": "Bu kimlik bilgisi kayıtlarımızla eşleşmiyor",
    "generic_error": "Bir şeyler ters gitti. Lütfen tekrar deneyin.",
    "system_notice": "Sistem Bildirimi",
    "failed_to_load_notice": "Bildirim yüklenemedi",
    "no_data": "Veri yok",
    "welcome_heading": "TOOBIT'e hoş geldiniz!",
    "welcome_p1": "Sizi TOOBIT topluluğunun bir parçası olarak aramızda görmekten heyecan duyuyoruz. Yeniliğin ön saflarında yer alan ileriyi düşünen bir teknoloji şirketi olarak, yapay zekanın sınırsız potansiyelini keşfetmenize yardımcı olmak için buradayız.",
    "welcome_p2": "TOOBIT'i seçtiğiniz için teşekkür ederiz, daha akıllı, daha bağlantılı bir geleceğin kilidini açalım. Sorularınız olursa destek ekibimiz her zaman size yardımcı olmaya hazırdır.",
    "email_verification": "E-posta doğrulaması",
    "pending": "Askıda olması",
    "withdraw_asset": "Varlıkları Geri Çekme",
    "withdraw_deduction": "Para çekme kesintisi",
    "quantitative_earning": "Nicel kazanç",
    "invited_friends_daily_commissions": "Arkadaşlarınızı yeniden şarj olduklarında ilgili günlük komisyonları almaya davet edin:",
    "rejected": "Reddedilmiş",
    "consent_intro": "adresinde bulunan bir hesapla devam ederek",
    "country_name": "Birleşik Krallık",
    "consent_agreement": "bizim görüşlerimizi kabul ediyorsun",
    "terms_of_service": "Hizmet Şartları",
    "view_daily_check_in": "Günlük Girişi Görüntüle",
    "last_price_binance_spot": "Son Fiyat • Binance Spot",
    "high": "Yüksek",
    "low": "Düşük",
    "volume": "Hacim",
    "trades": "İşlemler",
    "core_cooperative_financial_institutions": "Çekirdek Kooperatif Finansal Kurumlar",
    "reward_page_title": "Davet Ödülleri",
    "tab_direct": "Doğrudan",
    "tab_missions": "Görevler",
    "reward_task_prefix": "Görevi şununla tamamlayın:",
    "reward_task_middle": "seviyedeki aktif üyeler",
    "mission_invite_prefix": "Davet etmek",
    "mission_invite_unit": "Arkadaşlar",
    "mission_invite_suffix": "kayıt olmak",
    "mission_deposit_prefix": "Elde etmek",
    "mission_deposit_middle": "toplam mevduat",
    "mission_deposit_suffix": "senin takımından",
    "unit_usdt": "USDT",
    "progress_label": "İlerlemek",
    "refresh_label": "Yenile",
    "streak_title": "Mevcut Seri: {{current}} \/ {{goal}} Gün",
    "streak_info": "Serinizi sürdürmek ve bonus kazanmak için günlük talepte bulunun. Bir günü kaçırmak ilerlemenizi sıfırlayacaktır.",
    "reward_small": "0,01 USDT",
    "reward_big": "1 USDT",
    "claim_button": "Günlük Ödül Talebi",
    "company_profile_title": "Şirket Profili",
    "company_intro_1": "TOOBIT FOR TOOBIT LTD, 2004 yılında Londra, İngiltere'de kuruldu ve kendini blockchain tabanlı akıllı ticaret alanında lider bir kuruluş olmaya adamıştır.",
    "company_intro_2": "TOOBIT, yapay zeka teknolojisiyle desteklenen gelişmiş bir niceliksel ticaret sistemidir. Temel yeteneği, riski en aza indirirken yatırım getirilerini en üst düzeye çıkarmak için ticaret stratejilerinin otomatik olarak uygulanmasında yatmaktadır.",
    "company_intro_3": "TOOBIT'in ticaret stratejileri, en etkili ticaret eylemlerini belirlemek için modern matematik, istatistik, makine öğrenimi ve piyasa eğilimlerinin ve dijital varlık fiyatlarının sürekli analizine dayanmaktadır.",
    "company_intro_4": "Bu tam otomatik yaklaşım, insan hatasını ortadan kaldırır, işlem doğruluğunu artırır ve değişken ve belirsiz piyasa koşullarına tutarlı adaptasyon sağlar.",
    "company_intro_5": "TOOBIT, özünde, karı en üst düzeye çıkarmayı ve riski en aza indirmeyi amaçlayan stratejileri otomatik olarak uygulamak için yapay zekayı modern finansal teoriyle birleştiren yeni nesil niceliksel bir ticaret sistemidir.",
    "company_name_label": "Firma Adı:",
    "company_number_label": "Şirket Numarası:",
    "date_of_incorporation_label": "Kuruluş Tarihi:",
    "registered_office_label": "Kayıtlı Ofis:",
    "notice_title": "Servet Büyümenin Sırları",
    "notice_paragraph1": "Gelirinizi yeniden yatırıma yatırmayı ve servetinizi her gün artırmayı unutmayın!",
    "notice_paragraph2": "Bileşik faiz sayesinde paranız sizin için çalışır; yalnızca ilk yatırımınızdan değil, aynı zamanda kârınızdan da yararlanırsınız.",
    "notice_paragraph3": "Potansiyelinizi en üst düzeye çıkarın ve gelirinizi çoğaltın.",
    "notice_paragraph4": "Bu fırsatı kaçırmayın; gelin birlikte büyüyelim ve büyüyelim!",
    "notice_paragraph5": "Şimdi Toobit yatırım programına katılın ve USDT'nin sizin için otomatik olarak getiri yaratmasına izin verin! Bize katılın ve birlikte zenginliğin yeni zirvelerine ulaşın!",
    "notice_closeButton": "Kapalı"
}