{
    "account": "Nama belakang",
    "quantify_records": "Hitung Catatan",
    "finish": "Menyelesaikan",
    "buy_platform": "Beli Platform",
    "purchase_price": "Harga Pembelian",
    "sales_platform": "Platform penjualan",
    "selling_price": "Harga penjualan",
    "service_charge": "Biaya Layanan",
    "model": "Model",
    "vip_model": "MODEL VIP",
    "quantitative_strategy": "Strategi Kuantitatif",
    "popular": "Populer",
    "cryptocurrency_trading": "perdagangan mata uang kripto",
    "no_more_data": "Tidak ada lagi Datanya",
    "check": "Memeriksa",
    "execute_position": "Jalankan Posisi",
    "wallet_account_balance": "Saldo akun dompet",
    "not_limited": "Tidak terbatas",
    "daily_interest_payment": "Pembayaran bunga harian, pelunasan pokok pada saat jatuh tempo",
    "share_rules": "Bagikan Aturan",
    "hello": "Halo",
    "register_an_account": "Daftarkan akun",
    "flexible_account": "Akun Kuantitatif",
    "wallet_account": "Akun Cerdas",
    "wave_field": "Pusat Bantuan",
    "chain_quant": "Chain Quant: Pengenalan dan Panduan Pengguna untuk Platform Perdagangan Kuantitatif Cerdas",
    "how_to_get_benefits": "Cara Menyetor dan Menarik Dana",
    "bandwidth": "Pengenalan Perusahaan: Chain Quant",
    "energy": "Kekuatan",
    "welcome_to": "Selamat Datang di",
    "official_telegram_channel": "Saluran Telegram Resmi",
    "cloud_mining_hosting": "TRONOKX menawarkan layanan cloud mining dan staking yang andal, memastikan pengembalian pokok dalam 12 hari. Platform kami menyediakan beberapa level VIP dengan jumlah deposit dan tingkat penarikan harian yang bervariasi untuk memenuhi kebutuhan investasi yang berbeda:",
    "cloud_mining_hosting_2": "Kami dengan senang hati memperkenalkan Anda pada TRONOKX, platform mutakhir yang didedikasikan untuk menyediakan layanan penambangan awan dan staking inovatif yang memberikan pengembalian yang aman, andal, dan menguntungkan. Sistem kami memastikan pengembalian pokok dalam waktu 12 hari, menawarkan Anda kesempatan untuk mengembangkan investasi Anda dengan cepat sekaligus menjadi bagian dari ekosistem keuangan yang menarik dan berkelanjutan.",
    "cloud_mining_hosting_3": "Di TRONOKX, kami menawarkan berbagai level VIP yang dirancang untuk memenuhi kapasitas investasi yang berbeda. Setiap level memiliki kisaran setoran dan tingkat penarikan harian tertentu, memberikan opsi fleksibel bagi pengguna yang ingin memperoleh keuntungan harian dari investasi mereka. Berikut ikhtisar berbagai tingkatan VIP:",
    "the_amount_of_vip1": "VIP 1: Kisaran deposit 10-1.000 TRX, penarikan 9% setiap hari",
    "the_amount_of_vip2": "VIP 2: Kisaran deposit 1.001-2.000 TRX, penarikan 10% setiap hari",
    "the_amount_of_vip3": "VIP 3: Kisaran deposit 2.001-10.000 TRX, penarikan 13% setiap hari",
    "the_amount_of_vip4": "VIP 4: Kisaran setoran 10.001-50.000 TRX, penarikan 15% setiap hari",
    "the_amount_of_vip5": "VIP 5: Kisaran deposit 50.001-200.000 TRX, penarikan 17% setiap hari",
    "the_amount_of_vip6": "VIP 6: Kisaran deposit 200.001-300.000 TRX, penarikan 20% setiap hari",
    "the_amount_of_vip7": "VIP 7: Kisaran deposit 300.001-500.000 TRX, penarikan 23% setiap hari",
    "the_amount_of_vip8": "VIP 8: Kisaran deposit 500.001-800.000 TRX, penarikan 28% setiap hari",
    "the_amount_of_vip9": "VIP 9: Kisaran deposit 800.001-1.500.000 TRX, penarikan 35% setiap hari",
    "the_amount_of_vip10": "VIP 10: Kisaran deposit 1.500.001+ TRX, penarikan 42% setiap hari",
    "the_amount_of_vip1_ann": "VIP 1: Untuk deposit berkisar antara 10 hingga 1.000 TRX, dapatkan pengembalian harian sebesar 9%.",
    "the_amount_of_vip2_ann": "VIP 2: Untuk deposit antara 1.001 dan 2.000 TRX, nikmati penarikan harian sebesar 10%.",
    "the_amount_of_vip3_ann": "VIP 3: Setoran dari 2.001 hingga 10.000 TRX memenuhi syarat untuk penarikan harian 13%.",
    "the_amount_of_vip4_ann": "VIP 4: Untuk investasi antara 10,001 dan 50,000 TRX, terima 15% setiap hari.",
    "the_amount_of_vip5_ann": "VIP 5: Jika Anda menyetor antara 50.001 dan 200.000 TRX, Anda berhak mendapatkan pengembalian harian sebesar 17%.",
    "the_amount_of_vip6_ann": "VIP 6: Deposit 200.001 hingga 300.000 TRX akan menghasilkan 20% setiap hari.",
    "the_amount_of_vip7_ann": "VIP 6: Deposit 200.001 hingga 300.000 TRX akan menghasilkan 20% setiap hari.",
    "the_amount_of_vip8_ann": "VIP 8: Setoran dari 500.001 hingga 800.000 TRX menerima pengembalian harian 28%.",
    "the_amount_of_vip9_ann": "VIP 9: Untuk setoran lebih besar 800.001 hingga 1.500.000 TRX, nikmati penarikan harian 35%.",
    "the_amount_of_vip10_ann": "VIP 10: Tingkat tertinggi, untuk deposit lebih dari 1,500,001 TRX, menawarkan pengembalian harian 42% yang mengesankan.",
    "financial_turnaround": "Kami juga menawarkan rencana keuangan jangka pendek bagi mereka yang ingin mendapatkan keuntungan dengan cepat, dengan pokok pinjaman dikembalikan hanya dalam 3 hari. Paket ini ideal bagi pengguna yang mencari perputaran keuangan yang lebih cepat.",
    "periodic_financial_management": "Selain itu, kami menawarkan rencana keuangan jangka pendek yang menjamin pengembalian investasi utama Anda hanya dalam 3 hari. Anda juga bisa mendapatkan hadiah tambahan dengan mengundang teman untuk bergabung dengan platform kami. Program rujukan disusun dalam tiga tingkatan:",
    "periodic_financial_management_ann": "Selain peluang investasi yang luar biasa ini, kami percaya pada kekuatan komunitas. Program hadiah undangan kami memungkinkan Anda memperoleh lebih banyak penghasilan dengan berbagi platform dengan teman dan keluarga. Berikut cara kerja sistem rujukan berjenjang kami:",
    "the_unit_price_of_tron": "Level 1: hadiah 13% untuk rujukan langsung",
    "the_unit_price_of_tron2": "Level 2: hadiah 2% untuk referensi tingkat kedua",
    "the_unit_price_of_tron3": "Level 3: Hadiah 1% untuk referensi tingkat ketiga",
    "the_unit_price_of_tron4": "TRONOKX dirancang untuk keberlanjutan jangka panjang, menawarkan platform yang akan terus berkembang selama cryptocurrency masih ada. Bergabunglah dengan kami hari ini untuk mulai menghasilkan dan mengembangkan investasi Anda dengan percaya diri!",
    "the_unit_price_of_tron_ann": "Level 1: Referral langsung akan memberi Anda imbalan 13% dari aktivitas mereka.",
    "the_unit_price_of_tron2_ann": "Level 2: Untuk referensi tingkat kedua, Anda akan menerima 2% dari aktivitas mereka.",
    "the_unit_price_of_tron3_ann": "Level 3: Referensi dari level ketiga akan memberi Anda hadiah 1% dari aktivitas mereka.",
    "the_unit_price_of_tron4_ann": "Sistem penghargaan multi-level ini memastikan bahwa pertumbuhan jaringan Anda berkontribusi langsung terhadap kesuksesan Anda, menciptakan efek bola salju berupa potensi penghasilan.",
    "the_unit_price_of_tron5_ann": "Fondasi TRONOKX dibangun berdasarkan pertumbuhan jangka panjang, dan platform kami dirancang untuk mempertahankan operasinya selama mata uang kripto terus berkembang. Model kami memastikan bahwa nilai yang Anda investasikan hari ini akan terus menghasilkan keuntungan di tahun-tahun mendatang. Dengan bergabung dengan TRONOKX, Anda menjadi bagian dari komunitas yang berkomitmen untuk menciptakan peluang finansial jangka panjang yang selaras dengan dunia aset digital yang terus berkembang.",
    "the_unit_price_of_tron6_ann": "Kami mendorong Anda untuk memulai sekarang, berinvestasi dengan bijak, dan memanfaatkan sepenuhnya berbagai peluang yang ditawarkan TRONOKX. Melalui penambangan awan, staking, dan program rujukan, Anda memiliki kesempatan untuk meningkatkan kekayaan Anda dan menjadi peserta utama dalam dunia mata uang kripto.",
    "join_now_ann": "Bergabunglah dengan kami sekarang dan mulailah menghasilkan uang hari ini – masa depan keuangan digital telah tiba!",
    "received": "Diterima",
    "minimum_yeild_requires": "Jumlah minimum membutuhkan setidaknya deposit",
    "share_to": "Bagikan ke",
    "transiction_records": "Catatan Transisi",
    "transfer_to_flexible_account": "Transfer ke Rekening Kuantitatif",
    "transfer_into_flexible_account": "1. Transfer ke rekening ini dapat digunakan untuk menyetor uang guna mendapatkan bunga, dan Anda dapat menerima pendapatan secara manual 24 jam setelah waktu investasi pertama, dan mengembalikan pokok pinjaman ketika habis masa berlakunya.",
    "transfer_to_wallet_account": "Transfer ke Akun Pintar",
    "transfer_into_wallet_account": "2. Transfer ke rekening ini dapat digunakan untuk pembelian produk reguler. Produk yang berbeda memiliki siklus dan hasil yang berbeda. Untuk detailnya, silakan lihat pengenalan produk.",
    "no_records": "Tidak ada catatan",
    "energy_bandwidth": "Chain Quantity Resmi Diluncurkan",
    "you_send_virtual_currency_to_the_platform": "Dengan menggunakan dompet digital Anda, Anda mengirim mata uang virtual ke alamat pembelian yang ditentukan, dan TRONOKX menangani distribusi sumber daya otomatis. Platform kami mempertaruhkan aset dalam jaringan TRON untuk menghasilkan bandwidth dan energi. Sumber daya ini kemudian disewakan ke dompet mitra, dan pendapatan sewa mengalir kembali ke TRONOKX, yang mendistribusikannya kembali ke pengguna!",
    "income_has_arrived": "pendapatan telah tiba",
    "profit_received": "keuntungan yang diterima",
    "invitation_rewards": "Program Kemitraan Agen Kuantitas Rantai",
    "by_sharing_the_agent": "Masuki masa depan keuangan yang didukung AI dengan Program Agen Global Chain Quant—pintu gerbang Anda menuju pendapatan pasif jangka panjang melalui perdagangan kuantitatif yang cerdas. Seiring dengan pesatnya pasar perdagangan AI, Chain Quant memperluas jejaknya di seluruh dunia dengan mengundang pemasar, pemimpin komunitas, dan investor yang berpikiran maju untuk menjadi bagian dari jaringan agen kami. Nikmati sistem hadiah multi-tingkat yang kuat dengan komisi 15%-2%-1%, dapatkan pendapatan berulang dari keuntungan perdagangan dan pertumbuhan rujukan. Setiap anggota menerima tautan rujukan pribadi, menjadikan promosi lancar dan dapat diakses oleh siapa saja—tidak diperlukan pengalaman. Baik Anda memanfaatkan media sosial, kelompok investor swasta, atau komunitas lokal, Anda akan didukung oleh platform berkinerja tinggi dan rabat otomatis waktu nyata. Seiring dengan berkembangnya tim Anda, keuntungan yang Anda peroleh juga meningkat, dengan pemain berkinerja terbaik naik ke status Kota, Nasional, atau Mitra Global, mendapatkan 20%+ bagi hasil seumur hidup dan keuntungan regional eksklusif. Bergabunglah dengan Chain Quant hari ini dan bangun warisan Anda di era baru penciptaan kekayaan yang cerdas.",
    "sharing_is_polite": "Berbagi itu sopan",
    "when_the_cumulative_recharge_reaches": "Ketika total isi ulang Anda mencapai 10 TRX atau lebih, bagikan tautan pendaftaran Anda di platform sosial untuk menerima hadiah acak antara 0,01 TRX dan 18,88 TRX. Setiap pengguna dapat berpartisipasi sekali sehari!",
    "time": "waktu",
    "tron_is_a_distributed_operating_system": "TRON adalah sistem operasi bertenaga blockchain terdesentralisasi dengan mata uang kripto aslinya, TRX. Diluncurkan pada tahun 2017 oleh pengusaha Tiongkok Justin Sun, program ini bertujuan untuk mendorong ekonomi digital yang terdesentralisasi.",
    "architecture_in_the_torn": "Arsitektur: Dalam protokol jaringan TRON, pemegang TRX menikmati akses yang sama terhadap sumber daya seperti bandwidth dan energi. Jaringan ini didukung oleh mesin virtual terdesentralisasi yang memanfaatkan node publik di seluruh dunia untuk menjalankan kontrak pintar. Tanpa biaya transaksi dan kapasitas untuk menangani sekitar 2000 transaksi per detik, ini menjamin pengalaman jaringan yang cepat dan efisien.",
    "goverance_tron_online_community": "Tata Kelola: Komunitas TRON memilih 27 Perwakilan Super melalui pemungutan suara online. Perwakilan ini bertanggung jawab atas pembuatan blok dan verifikasi rata-rata setiap 3 detik, sehingga membentuk organisasi otonom yang terdesentralisasi. Mereka dipilih kembali setiap 6 jam dan memainkan peran penting dalam mengelola proposal jaringan dan memberikan suara pada Proposal Peningkatan TRON (TIP).",
    "advantages_usdt_has_always": "Keuntungan: USDT adalah stablecoin yang paling dikenal luas, dan Tether telah menerbitkannya di 13 jaringan blockchain, dengan TRON yang memimpin, mewakili lebih dari 54% dari total pasokan. Ethereum menyusul dengan 44%, dan Solana menyumbang 2,7%, memperkuat TRON sebagai jaringan utama untuk penerbitan USDT.",
    "bandwith_all_types": "Bandwidth: Setiap transaksi di jaringan TRON memerlukan titik bandwidth. Transaksi disimpan dan ditransmisikan sebagai array byte, dengan setiap byte memakan satu titik bandwidth. Total biaya bandwidth suatu transaksi ditentukan oleh ukuran byte-nya. Jika pengguna kekurangan bandwidth, TRX harus dibakar untuk menutupi titik bandwidth yang diperlukan.",
    "the_unit_price_of_the_targe": "Tingkat pembakaran resmi untuk konsumsi bandwidth ditetapkan sebesar 1.000 SUN per unit.",
    "energy_each_instruction": "Energi: Setiap eksekusi kontrak pintar mengonsumsi sejumlah energi tertentu, bergantung pada kompleksitasnya. Kontrak yang lebih kompleks membutuhkan lebih banyak energi. Saat kontrak berjalan, energi dihitung dan dikurangi per instruksi. Jika suatu akun kekurangan energi, TRX harus dibakar untuk menutupi biaya energi yang diperlukan.",
    "the_current_offical_unit_price": "Tingkat pembakaran resmi untuk konsumsi energi saat ini ditetapkan sebesar 420 SUN per unit.",
    "smart_investment": "Investasi Cerdas",
    "international_lines": "Jalur Internasional",
    "basic_investment_plan": "Rencana Investasi Dasar",
    "invest_in_our_basic": "Investasikan di Akun Dasar kami dan mulailah mendapatkan pendapatan penambangan harian! Setelah setoran pertama Anda, Anda akan secara otomatis menandatangani kontrak 180 hari. Kontrak dimulai segera setelah setoran pertama dilakukan.",
    "key_features": "Fitur Utama",
    "earn_daily_between": "Hasilkan setiap hari antara 8%-36% dari investasi kumulatif Anda.",
    "incomoe_is_settled": "Pendapatan diselesaikan 24 jam setelah deposit pertama Anda (Contoh: Deposit pada pukul 15.00, pendapatan tersedia pada pukul 15.00 keesokan harinya).",
    "you_must_manually": "Anda harus mengklik secara manual untuk mengumpulkan pendapatan harian.",
    "vip_levels_benefits": "Level & Manfaat VIP",
    "daily_withdrawal": "penarikan harian",
    "how_it_works": "Cara Kerjanya",
    "deposit_funds": "Dana Setoran: Mulailah investasi Anda dengan melakukan setoran awal.",
    "earn_daily_income": "Dapatkan Penghasilan Harian: Nikmati pendapatan penambangan setiap 24 jam.",
    "collect_income": "Kumpulkan Pendapatan: Masuk setiap hari untuk mengumpulkan penghasilan Anda secara manual.",
    "start_today_and_enjoy": "Mulailah hari ini dan nikmati imbal hasil tinggi dengan Rencana Investasi Dasar kami!",
    "our_system_will_automatically": "Sistem kami akan secara otomatis menentukan total akumulasi deposit Anda dan meningkatkan Anda ke level VIP yang sesuai. Misalnya:",
    "first_deposit": "Setoran pertama",
    "second_deposit": "Setoran kedua",
    "total_deposit": "Jumlah setoran",
    "the_system_will_automatically_upgrade": "Sistem akan secara otomatis meningkatkan Anda ke VIP2, dan Anda akan menikmati 10% pendapatan harian pada level ini, dan seterusnya.",
    "referral_system": "Sistem Rujukan",
    "earn_rewards_by_reffering": "Dapatkan imbalan dengan mengajak orang lain untuk bergabung! Sistem rujukan 3 tingkat kami menawarkan manfaat besar",
    "refer_level_1": "Level 1: 13% dari pendapatan harian referral",
    "refer_level_2": "Level 2: 2% dari pendapatan harian referral",
    "refer_level_3": "Level 3: 1% dari pendapatan harian referral",
    "start_referring_today": "Mulailah merujuk hari ini untuk meningkatkan penghasilan Anda!",
    "account_is_required": "Akun diperlukan",
    "login_password": "Kata sandi masuk",
    "password_is_required": "Kata sandi diperlukan",
    "verification_code": "Kode verifikasi",
    "vcode_is_required": "Kode V diperlukan",
    "vcode": "kode V",
    "forgot_password": "Lupa kata sandi",
    "login": "Login",
    "register": "Daftar",
    "go_to_homepage": "Buka beranda",
    "total_balance": "Akun Kuantitatif",
    "home_notice": "Selamat datang di Toobit – Tempat Modal Cerdas Bertemu Algoritma Cerdas. Kami sangat senang menyambut Anda di Toobit, rumah baru Anda untuk penghasilan kuantitatif mutakhir. Baik Anda seorang investor berpengalaman atau baru memulai perjalanan Anda ke dunia pendapatan algoritmik, Anda baru saja bergabung dengan platform yang dibangun untuk kejelasan, kinerja, dan kepercayaan. Di Toobit, kami tidak hanya percaya pada penghasilan—kami percaya pada penghasilan dengan cerdas. Strategi eksklusif kami dirancang oleh ilmuwan data dan pakar keuangan untuk memanfaatkan kekuatan presisi algoritmik, sehingga modal Anda dapat tumbuh melalui peluang pasar real-time. Setiap keputusan, setiap strategi, setiap keuntungan didukung oleh data dan didorong oleh misi kami yang teguh: menjadikan alat penghasilan canggih dapat diakses oleh semua orang.",
    "go_to_recharge": "Pergi untuk mengisi ulang",
    "telegram_customer_service": "Layanan Pelanggan Telegram",
    "dear_user": "Pengguna yang terhormat: Karena daya komputasi\/energi mesin penambangan Anda hampir habis, harap segera isi ulang {amount}TRX sesuai dengan nilai energi yang dibutuhkan oleh dana akun Anda. Mesin penambangan Anda saat ini telah menangguhkan kontrol penambangan dan pendapatan\/penarikan.",
    "note_to_avoid": "[Catatan: Untuk menghindari hilangnya pendapatan, silakan hubungi dukungan Telegram]",
    "deposit": "Isi ulang",
    "withdrawal": "Penarikan",
    "share_friends": "Undang Teman",
    "team": "Tim",
    "app": "Aplikasi",
    "information": "Berita",
    "wallet": "Dompet",
    "promotion": "Promosi",
    "join_to_be_a_sitename_millionaire": "Bergabunglah untuk menjadi Jutawan TRONRICO",
    "use_the_latest_mining_machines": "Gunakan mesin penambangan terbaru dan teknologi Defi untuk memastikan semua pengguna mendapatkan pendapatan TRX maksimal.",
    "details": "Detail",
    "platform_data_display": "Tampilan data platform",
    "income": "penghasilan",
    "Income": "Mengukur",
    "cyclical_investing": "investasi siklus",
    "trontin_3day_mining_machine": "Mesin penambangan TRONTIN 3 hari",
    "trontin_9day_mining_machine": "Mesin penambangan lalu lintas TRON 9 hari",
    "trontin_16day_traffic_mining_machine": "Mesin penambangan lalu lintas RONTIN 16 hari",
    "trontin_45day_miner_energy": "TRONTIN 45 hari energi penambang",
    "trontin_18day_miner_energy": "TRON 18 hari energi penambang",
    "trontin_trxMining_in_46days": "TRON trxMining dalam 46 hari",
    "tron_eth_digi_2_mining": "PERTAMBANGAN TRON ETH DIGI 2.0",
    "torn_80days_photolvatic_mine": "tambang fotovoltaik tron ​​80 hari",
    "trontin_bnb_mining_in_65days": "Penambangan TRONTIN BNB dalam 65 hari",
    "view_more": "Lihat lebih banyak",
    "cycle": "Siklus",
    "day": "Hari",
    "instant_quotes": "Kutipan Instan",
    "profit_withdrawal": "Penarikan keuntungan",
    "repurchase": "Pembelian kembali",
    "latest_announcement": "Pengumuman terbaru",
    "registered_members_will_be_given": "Anggota terdaftar akan diberikan 56.000TRX sebagai ekuitas yang dijaminkan. Untuk mengaktifkan akun, diperlukan setoran minimum 10TRX dan penarikan minimum 5TRX. Pendapatan dapat ditarik atau diinvestasikan dalam penambangan.",
    "deposit_into_the_basic_account_and_automatically_join_the_contract": "[Investasi Dasar] Setor ke akun dasar dan otomatis bergabung dengan kontrak selama 180 hari [Periode kontrak berlaku sejak setoran pertama]. Akun dasar memiliki pendapatan penambangan setiap hari, dan dapat menerima 9%-38% dari jumlah investasi kumulatif setiap hari. Waktu penyelesaian sistem platform kami adalah: waktu pembelian pertama pengguna, 24 jam kemudian.",
    "the_income_will_not_be_automatically_deposited_into_the_account": "[Misalnya: waktu pembelian pertama adalah pukul 15:00, dan penghasilan akan diperoleh pada pukul 15:00 keesokan harinya] Pendapatan tidak akan secara otomatis disetorkan ke akun, dan Anda perlu mengklik pendapatan tersebut setiap hari; ketika penambangan masuk, klik aktif untuk menerima penghasilan.",
    "accumulated_deposits_of_10-2500_trx": "Akumulasi deposit 10-2500 trx, otomatis ditingkatkan ke VIP1, penarikan harian 9%",
    "accumulated_deposits_of_2501-10000_trx": "Akumulasi deposit 2501-10000 trx, otomatis ditingkatkan ke VIP2, penarikan harian 10%",
    "accumulated_deposits_of_10001-20000_trx": "Akumulasi deposit 10001-20000 trx, otomatis ditingkatkan ke VIP3, penarikan harian 11%",
    "accumulated_deposits_of_20001-50000_trx": "Akumulasi setoran 20001-50000 trx, secara otomatis ditingkatkan ke VIP4, penarikan harian 13%",
    "accumulated_deposits_of_50001-100000_trx": "Akumulasi deposit 50001-100000 trx, otomatis ditingkatkan ke VIP5, penarikan harian 15%",
    "accumulated_deposits_of_100001-200000_trx": "Akumulasi deposit 100001-200000 trx, otomatis ditingkatkan ke VIP6, penarikan harian 17%",
    "accumulated_deposits_of_200001-500000_trx": "Akumulasi deposit 200001-500000 trx, otomatis ditingkatkan ke VIP7, penarikan harian 23%",
    "accumulated_deposits_of_500001-1000000_trx": "Akumulasi deposit 500001-1000000 trx, otomatis ditingkatkan ke VIP8, penarikan harian 26%",
    "accumulated_deposits_of_1000001-1600000_trx": "Akumulasi deposit 1000001-1600000 trx, otomatis ditingkatkan ke VIP9, penarikan harian 32%",
    "accumulated_deposits_of_1600001-9999999_trx": "Akumulasi deposit 1600001-9999999 trx, otomatis ditingkatkan ke VIP10, dengan penarikan harian 38%",
    "automatically_upgrade_vip_level": "Tingkatkan secara otomatis ke level VIP",
    "the_system_will_determine_your_total_accumulated_deposit": "[Sistem akan menentukan total akumulasi deposit Anda dan secara otomatis meningkatkan Anda ke level yang sesuai] Misalnya: isi ulang pertama adalah 500TRX, isi ulang kedua adalah 2001TRX, [isi ulang kumulatif adalah 2501TRX] sistem akan secara otomatis ditingkatkan ke VIP2, dan Anda akan mendapatkan VIP2 Pendapatan harian level tersebut adalah 10% dan seterusnya.",
    "previous": "Sebelumnya",
    "next": "Berikutnya",
    "close": "Menutup",
    "current_yield": "Hasil Saat Ini",
    "miner_is_running": "Penambang sedang berjalan",
    "view_all": "Lihat Semua",
    "earning_times": "Waktu kuantifikasi",
    "singapore_time_after": "Waktu Singapura Setelahnya",
    "every_day": "setiap hari",
    "daily_rate": "Tarif harian",
    "receive": "Menerima",
    "basic_investment": "Investasi dasar",
    "record": "Catatan",
    "current_level": "Tingkat saat ini",
    "deposit_quantity": "Kuantitas setoran",
    "invitation_reward": "Hadiah undangan",
    "deposit_now": "Setor sekarang",
    "daily_income": "pendapatan harian",
    "daily_withdrawals": "Penarikan harian",
    "valid_period": "Masa berlaku",
    "remaining_days": "hari yang tersisa",
    "status": "Status",
    "running": "Berlari",
    "quantity": "Kuantitas",
    "amount": "Jumlah",
    "return": "kembali",
    "Return": "Kembali",
    "profit": "laba",
    "equity_pledge": "Janji ekuitas",
    "end": "Akhir",
    "invite_your_contacts": "Undang kontak Anda",
    "sign_up_and_recharge_to_get_great_rewards": "Daftar dan isi ulang untuk mendapatkan hadiah menarik",
    "invitation_codes": "Kode undangan",
    "share_invitation_links_to_social_platforms": "Bagikan tautan undangan ke platform sosial",
    "build_a_team_and_get_great_rewards": "Bangun tim dan dapatkan imbalan besar",
    "copy_successfully": "Salin berhasil",
    "copy_link": "Salin Tautan",
    "app_services": "Layanan Aplikasi",
    "wallet_funds_conversion": "Transfer",
    "change_password": "Pusat Keamanan",
    "notification": "Pemberitahuan",
    "logout": "Keluar",
    "my_promotion": "Tim",
    "bonus": "Bonusnya",
    "bonus_record": "Catatan Komisi",
    "number_of_teams": "Jumlah Orang",
    "valid_number_of_invites": "Undangan yang Sah",
    "team_cycle_investment_details": "Detail investasi siklus tim",
    "total_people": "Jumlah orang",
    "contribution": "Komisi",
    "invite_friends": "Undang teman",
    "go_now": "pergi sekarang",
    "in_progress": "Sedang berlangsung",
    "number_of_investments": "Jumlah investasi",
    "total_investment": "Jumlah investasi",
    "subordinate_investment_amount": "Jumlah investasi bawahan",
    "confirm": "Mengonfirmasi",
    "Confirm": "MENGONFIRMASI",
    "last_login_time": "Waktu masuk terakhir",
    "records": "Catatan",
    "transfer_to_smart_account": "Transfer ke Rekening {{type}}",
    "transfer_to_quantitative_account": "Transfer ke Rekening Kuantitatif",
    "transfer_to_smart_account_2": "Transfer ke Akun Pintar",
    "address": "Alamat",
    "copy": "Menyalin",
    "please_do_not_top_up_other_non_bnb_assets": "Harap jangan menambah aset non-{{method}} lainnya. Setelah diisi ulang, silakan klik",
    "submit_successfully": "Isi Ulang Selesai",
    "submit": "Kirim",
    "exchange_rate": "Kurs",
    "if_the_account_has_not_been_received_for_a_long_time": "Jika akun sudah lama tidak diterima, silakan klik",
    "again": "lagi",
    "recharge_record": "Catatan isi ulang",
    "successful": "Berhasil",
    "purchase": "pembelian",
    "Purchase": "Pembelian",
    "transaction_record": "Catatan transaksi",
    "all": "SEMUA",
    "recharge": "Isi ulang",
    "giveaway": "Memberi secara gratis",
    "withdrawal_failed": "Penarikan Gagal",
    "promotion_account": "akun dompet",
    "basic_account": "Akun fleksibel",
    "amount_to_be_converted": "Jumlah yang akan dikonversi",
    "withdrawable_balance": "Saldo yang dapat ditarik",
    "withdrawals_arebased_one_singapore_time_and_are_withdrawn_once_a_day": "Penarikan didasarkan pada waktu Singapura dan ditarik sekali sehari",
    "choose_withdrawal_account": "Pilih akun penarikan",
    "choose": "Memilih",
    "digital_currency_wallet": "Dompet mata uang digital",
    "cancel": "MEMBATALKAN",
    "password": "Kata sandi",
    "actual_withdrawal": "Penarikan sebenarnya",
    "withdrawal_record": "Catatan Penarikan",
    "fee": "Biaya",
    "to_account": "ke akun",
    "account_security": "Keamanan akun",
    "modify_login_password": "Ubah kata sandi masuk",
    "modify_payment_password": "Ubah kata sandi pembayaran",
    "transfer_to_basic_account": "Transfer ke akun dasar",
    "transfer_to_promotion_account": "Transfer ke akun promosi",
    "there_are_two_investment_models_please_choose_according_to_your_needs": "Ada dua model investasi, silakan pilih sesuai kebutuhan Anda",
    "deposit_into_this_account_for_pledge_mining": "Setor ke akun ini untuk penambangan gadai. Setelah 24 jam sejak waktu setoran pertama, Anda dapat menerima pendapatan secara manual dan mengembalikan pokok pinjaman ketika habis masa berlakunya",
    "recharge_to_the_promotion_account_to_purchase_periodic_mining_machines": "Isi ulang ke akun promosi untuk membeli mesin penambangan berkala, Anda dapat mengumpulkan pendapatan dalam siklus yang berbeda, dan mengembalikan pokok dan pendapatan ketika habis masa berlakunya",
    "add_digital_currency_wallet": "Tambahkan dompet mata uang digital",
    "address_type": "Jenis alamat",
    "wallet_address": "alamat dompet",
    "start_with": "Mulailah dengan",
    "digit_wallet_address": "alamat dompet digit",
    "set_payment_password": "Tetapkan kata sandi pembayaran",
    "continue": "Melanjutkan",
    "are_you_sure_sign_out": "Apakah Anda yakin keluar",
    "wallet_registration": "Pendaftaran dompet",
    "decentralized_wallet_download_address": "Alamat pengunduhan dompet terdesentralisasi",
    "tutorial": "Lihat Tutorial",
    "buy_currency": "membeli mata uang",
    "common_problem": "masalah umum",
    "how_to_become_a_partner_of_trontin_mining_company": "Bagaimana menjadi mitra perusahaan pertambangan TRONRICO",
    "to_become_our_partner": "Untuk menjadi mitra kami, Anda bisa mendapatkan 56.000TRX gratis hanya dengan mendaftar, dan Anda dapat menariknya dalam waktu 180 hari setelah aktivasi",
    "what_to_do_after_registration": "Apa yang harus dilakukan setelah pendaftaran",
    "you_need_to_log_in_to_your_account": "Anda harus masuk ke akun Anda dan fungsi penambangan akan diaktifkan secara otomatis. Untuk menambah penghasilan harian Anda, lakukan deposit",
    "what_are_the_minimum_deposit_and_withdrawal_amounts": "Berapa jumlah minimum deposit dan penarikan",
    "the_minimum_deposit_is_10trx": "Setoran minimum adalah 10TRX dan penarikan minimum adalah 5TRX.",
    "how_to_withdraw_money_what_should_i_do": "Bagaimana cara menarik uang, apa yang harus saya lakukan",
    "log_in_to_your_account": "Masuk ke akun Anda. Masuk ke halaman 'Penarikan'. Klik tombol 'Tarik'. Ikat alamat dompet TRX Anda dan atur kata sandi pembayaran untuk pertama kalinya, lalu tentukan jumlah penarikan dan pilih alamat dompet Anda, dan klik untuk menarik.",
    "what_is_level_and_how_do_i_increase_it": "Apa itu level dan bagaimana cara meningkatkannya",
    "tron_marketing_uses_level_design": "Pemasaran TRON menggunakan desain level. Semakin banyak listrik yang dibeli pengguna, semakin tinggi levelnya. Profitabilitas secara langsung tergantung pada tingkat perolehan. Jika pengguna awal VIP1 memperoleh 8% per hari, maka seiring dengan meningkatnya daya yang tersedia untuk menambang, profitabilitas tertinggi VIP10 dapat memperoleh 36% per hari",
    "i_made_a_withdrawal_request_but_it_hasnt_arrived_in_my_wallet_yet": "Saya membuat permintaan penarikan tetapi belum sampai ke dompet saya",
    "all_requests_are_handled_by_a_set_of_system_automatic_modes": "Semua permintaan ditangani oleh serangkaian mode otomatis sistem. Permintaan biasanya diproses dalam waktu 1 menit",
    "what_payment_systems_does_this_project_have_for_deposits": "Sistem pembayaran apa yang dimiliki proyek ini untuk deposito",
    "you_can_deposit_using_a_payment_system_like_this": "Anda bisa melakukan deposit menggunakan sistem pembayaran seperti ini",
    "what_payment_systems_does_this_project_have_for_withdrawals": "Sistem pembayaran apa yang dimiliki proyek ini untuk penarikan",
    "you_can_withdraw_money_using_this_payment_system": "Anda dapat menarik uang menggunakan sistem pembayaran ini",
    "how_to_change_account_password": "Cara mengubah kata sandi akun",
    "click_the_change_password_function_on_the_my_tab_on_the_lower_right": "Klik fungsi 'Ubah Kata Sandi' pada tab 'Saya' di sudut kanan bawah halaman. Masukkan kata sandi lama Anda dan kata sandi baru untuk mengubahnya",
    "what_if_i_forget_my_withdrawal_password": "Bagaimana jika saya lupa kata sandi penarikan saya",
    "please_use_the_email_address_you_reserved_when_registering_to_send_username": "Silakan gunakan alamat email yang Anda pesan saat mendaftar untuk mengirim (nama pengguna: .... 'lupa kata sandi penarikan') ke alamat email resmi kami: tronrico68@gmail.com",
    "what_should_i_do_if_i_need_to_change_my_wallet_address": "Apa yang harus saya lakukan jika saya perlu mengubah alamat dompet saya",
    "please_use_the_email_address_you_reserved_when_registering_to_send": "Silakan gunakan alamat email yang Anda pesan saat mendaftar untuk mengirim (nama pengguna dan alamat dompet baru) ke alamat email resmi kami: tronrico68@gmail.com",
    "how_to_top_up": "Bagaimana cara mengisi ulang",
    "to_make_a_deposit_you_need_to_log_into_your_account": "Untuk melakukan deposit, Anda harus masuk ke akun Anda dan pergi ke halaman penambangan. Di bagian atas, Anda akan melihat tombol 'Deposit'. Setelah berada di halaman deposit, pilih mata uang yang ingin Anda setor. Setelah itu, Anda akan diberikan alamat dompet untuk mengirim cryptocurrency Anda. Deposit akan dikreditkan dalam 1 menit.",
    "your_account_may_be_frozen_under_the_following_circumstances": "Akun Anda mungkin dibekukan dalam keadaan berikut",
    "trontin_takes_a_responsible_approach_to_protect_the_personal_data": "TRONTIN mengambil pendekatan yang bertanggung jawab untuk melindungi data pribadi penggunanya dan keamanan situs webnya. Segala upaya untuk mengumpulkan informasi pribadi pengguna, peretasan kode situs web, penggunaan program afiliasi yang tidak semestinya, akses ke akun pengguna melalui peretasan, penggunaan layanan pihak ketiga untuk meningkatkan jumlah mitra secara artifisial, dan administrasi apa pun yang menghina situs web atau penggunanya dapat menjadi dasar penangguhan akun pengguna.",
    "I_didnt_find_the_answer_to_my_question_what_should_I_do": "Saya tidak menemukan jawaban atas pertanyaan saya, apa yang harus saya lakukan",
    "contact_online_customer_service_or_telegram_customer_service": "Hubungi layanan pelanggan online atau layanan pelanggan Telegram",
    "how_to_deposit": "Cara menyetor",
    "click_deposit_on_the_platform_page": "Klik 'Setor' di halaman platform",
    "choose_to_transfer_to_the_basic_account_or_promotion_account": "Pilih untuk transfer ke akun dasar atau akun promosi. Setelah masuk, Anda dapat memilih mata uang yang akan disetor.",
    "select_a_top_up_enter_to_copy_the_deposit_address": "Pilih isi ulang. Enter untuk menyalin alamat deposit.",
    "open_your_crypto_wallet_select_the_corresponding_currency_and_transfer": "Buka dompet kripto Anda, pilih mata uang yang sesuai, dan transfer.",
    "paste_the_address_of_the_receiving_wallet": "Tempelkan alamat dompet penerima.",
    "enter_the_amount_you_plan_to_deposit_into_your_account": "Masukkan jumlah yang ingin Anda setorkan ke akun Anda.",
    "click_next_and_confirm_completion": "Klik 'Berikutnya' dan konfirmasi penyelesaian.",
    "return_to_the_platform_and_click_the_recharge_button_note_the_last_step": "Kembali ke platform dan klik tombol 'Isi Ulang'. Catatan: Langkah terakhir adalah kembali ke platform dan klik 'Isi Ulang Selesai'. Setelah pengisian ulang selesai, akun akan dikreditkan tepat waktu.",
    "how_to_withdraw_money": "Cara menarik uang",
    "select_the_exit_button_on_the_homepage_then_use_your_exchange_wallet": "Pilih tombol keluar di beranda, lalu gunakan bursa (dompet) Anda untuk menemukan alamat TRC20, salin dan ikat ke platform untuk keluar, dan platform menyelesaikan mata uang TRX. Setelah penarikan berhasil, akun akan dikreditkan dalam 1-3 menit.",
    "if_you_need_help_please_click_online_customer_service": "(Jika Anda memerlukan bantuan, silakan klik layanan pelanggan online)",
    "announcement": "Pengumuman",
    "my_message": "Pesan saya",
    "company_mining_and_revenue": "【Perusahaan Penambangan dan Pendapatan】",
    "registered_members_will_be_given_56000trx_as_pledged_equity": "Anggota terdaftar akan diberikan 56.000TRX sebagai ekuitas yang dijaminkan. Untuk mengaktifkan akun, diperlukan setoran minimum 10TRX dan penarikan minimum 5TRX. Pendapatan dapat ditarik atau diinvestasikan dalam penambangan.",
    "basic_investment_deposit_into_the_basic_account_and_automatically_join_the_contract_for_180_days": "[Investasi Dasar] Setor ke akun dasar dan otomatis bergabung dengan kontrak selama 180 hari [Periode kontrak berlaku sejak setoran pertama]. Akun dasar memiliki pendapatan penambangan setiap hari, dan dapat menerima 9%-38% dari jumlah investasi kumulatif setiap hari. Waktu penyelesaian sistem platform kami adalah: waktu pembelian pertama pengguna, 24 jam kemudian.",
    "for_example_the_first_purchase_time_is_1500_and_the_income_will_be_obtained_at_1500_the_next_day": "[Misalnya: waktu pembelian pertama adalah pukul 15:00, dan penghasilan akan diperoleh pada pukul 15:00 keesokan harinya] Pendapatan tidak akan secara otomatis disetorkan ke akun, dan Anda perlu mengklik pendapatan tersebut setiap hari; ketika penambangan masuk, klik aktif untuk menerima penghasilan.",
    "accumulated_deposits_of_10_2500_trx_automatically_upgraded_to_vip1_daily_withdrawal": "Akumulasi deposit 10-2500 trx, otomatis ditingkatkan ke VIP1, penarikan harian 9%.",
    "accumulated_deposits_of_2501_10000_trx_automatically_upgraded_to_vip2_10_daily_withdrawal": "Akumulasi deposit 2501-10000 trx, otomatis ditingkatkan ke VIP2, penarikan harian 10%.",
    "accumulated_deposits_of_10001_20000_trx_automatically_upgraded_to_vip3_daily_withdrawal": "Akumulasi deposit 10001-20000 trx, otomatis ditingkatkan ke VIP3, penarikan harian 11%.",
    "accumulated_deposits_of_20001_50000_trx_automatically_upgraded_to_vip4_daily_withdrawal": "Akumulasi deposit 20001-50000 trx, otomatis ditingkatkan ke VIP4, penarikan harian 13%.",
    "accumulated_deposits_of_50001_100000_trx_automatically_upgraded_to_vip5_daily_withdrawal": "Akumulasi deposit 50001-100000 trx, otomatis ditingkatkan ke VIP5, penarikan harian 15%.",
    "accumulated_deposits_of_100001_200000_trx_automatically_upgraded_to_vip6_daily_withdrawal": "Akumulasi deposit 100001-200000 trx, otomatis ditingkatkan ke VIP6, penarikan harian 17%.",
    "accumulated_deposits_of_200001_500000_trx_automatically_upgraded_to_vip7_daily_withdrawal": "Akumulasi deposit 200001-500000 trx, otomatis ditingkatkan ke VIP7, penarikan harian 23%.",
    "accumulated_deposits_of_500001_1000000_trx_automatically_upgraded_to_vip8_daily_withdrawal": "Akumulasi deposit 500001-1000000 trx, otomatis ditingkatkan ke VIP8, penarikan harian 26%.",
    "accumulated_deposits_of_1000001_1600000_trx_automatically_upgraded_to_vip9_daily_withdrawal": "Akumulasi deposit 1000001-1600000 trx, otomatis ditingkatkan ke VIP9, penarikan harian 32%.",
    "accumulated_deposits_of_1600001_9999999_trx_automatically_upgraded_to_vip10_daily_withdrawal": "Akumulasi deposit 1600001-9999999 trx, otomatis ditingkatkan ke VIP10, dengan penarikan harian 38%.",
    "automatically_upgrade_vip_level_instructions": "Tingkatkan level dan instruksi VIP secara otomatis.",
    "the_system_will-determine_your_total_accumulated_deposit": "Sistem akan menentukan total akumulasi deposit Anda dan secara otomatis meningkatkan Anda ke level yang sesuai. Misalnya: isi ulang pertama 500 TRX, isi ulang kedua 2001 TRX, [isi ulang kumulatif 2501 TRX] sistem akan otomatis ditingkatkan ke VIP2, dan Anda akan mendapatkan VIP2. Pendapatan harian level tersebut adalah 10% dan seterusnya.",
    "share_invitation_reward_description": "Bagikan deskripsi hadiah undangan",
    "invite_friends_description": "Undang teman dengan link promosi dan 13% pendapatan akan segera ditarik. Jika Anda merekomendasikan ratusan orang untuk bergabung dengan Trontin, Anda bisa menjadi jutawan. Maksimum 18% (level komisi 13% + level 2 2% + level 3 1%) 1: Misalnya: Anda mengundang pengguna A, pengguna A menyetor dan menginvestasikan 10.000TRX, Anda akan menerima 1.300TRX sebagai hadiah. Pengguna A mengundang pengguna B, pengguna B menyetor dan menginvestasikan 10.000TRX, dan Anda akan menerima 200TRX sebagai hadiah. Pengguna B sekali lagi menginspirasi Pengguna C. Pengguna C menyetor dan menginvestasikan 10.000TRX. Anda akan menerima 100TRX sebagai hadiah. Pendapatan promosi akan langsung ditransfer ke akun promosi Anda. Anda dapat langsung menarik uang atau membeli tautan platform promosi produk keuangan untuk memperoleh pendapatan promosi dan membina anggota tim sendiri, (promosi dapat memperoleh persentase tertentu dari pendapatan promosi). Promosikan tautan undangan Anda di keluarga dan teman, WhatsApp, grup Facebook, YouTube, Instagram, Twitter, grup Telegram, atau platform media sosial apa pun (Tautan undangan: Masuk ke platform dan klik tombol bagikan untuk menyalin tautan. Kirim tautan ke teman Anda atau platform sosial apa pun. Beri tahu mereka bahwa ini adalah platform penambangan investasi terbaik untuk menarik setidaknya 8%-36% dari jumlah investasi setiap hari)",
    "official_platform_description": "Platform resmi kumpulan penambangan TRONRICO",
    "the_official_platform_of_trontin_mining_pool": "Platform resmi kumpulan penambangan TRONRICO, disebut sebagai TRONRICO, telah disertifikasi oleh Pusat Keuangan TRON Blockchain. Kami adalah operator TRON yang resmi dan legal. Berikan pelanggan layanan paling stabil, aman, dan efisien! Sejak tahun 2020, kami dan kantor pusat TRON telah menindak lebih dari 3.000 platform palsu. Jika Anda menemukan platform palsu, Anda dapat menghubungi kami dan kami akan bekerja sama dengan kantor pusat TRON untuk menindak, platform sertifikasi resmi TRONRICO.",
    "trontin_msb_registration_certificate": "Sertifikat pendaftaran MSB TRONRICO",
    "tax_registration_certificate": "sertifikat pendaftaran pajak",
    "TRONTIN_White_Paper": "Buku Putih TRONRICO",
    "click_to_view_trontin_white_paper": "Klik untuk melihat kertas putih TRONRICO",
    "news_report": "Laporan berita",
    "trontin_launches_revolutionary_cloud_mining_platform": "TRONRICO meluncurkan platform penambangan awan yang revolusioner",
    "click_to_view": "Klik untuk melihat",
    "contact_us": "Hubungi kami",
    "company_website": "Situs web perusahaan",
    "company_telegram": "Telegram Perusahaan",
    "telegram_channel": "Saluran telegram",
    "email": "E-mail",
    "company_address": "8 Marina Blvd, Tower 1, Lantai 31 dan 32, Marina Bay Financial Centre Singapura",
    "invite_friends_to_recharge": "Undang teman untuk mengisi ulang untuk mendapatkan potongan harga yang sesuai",
    "level": "Tingkat",
    "rebate": "Potongan harga",
    "price": "Harga",
    "available_balance": "Saldo Tersedia",
    "limit_quantity": "Batasi kuantitas",
    "purchase_quantity": "Kuantitas pembelian",
    "daily_interest_rate": "Suku bunga harian",
    "real_time": "Waktu nyata",
    "participate_in_investment": "Berpartisipasi dalam investasi",
    "project_rules": "Aturan Proyek",
    "repayment_method": "Metode pembayaran",
    "repay_principal_and_interest_at_maturity": "Membayar pokok dan bunga pada saat jatuh tempo",
    "unit_price": "harga satuan",
    "daily_rate_of_return": "Tingkat pengembalian harian",
    "investment_cycle": "Siklus investasi",
    "expected_profit": "keuntungan yang diharapkan",
    "project_introduction": "Pengenalan Proyek",
    "tron_love_mining_machine": "Mesin penambangan TRON LOVE Siklus pendek dan pendapatan stabil adalah pilihan yang baik. Pendapatan harian 4,57%-4,7%, dan siklusnya 3 hari. Setelah siklus selesai, akan langsung didistribusikan ke [akun promosi] Anda bersama dengan pokok dan pendapatan yang diperoleh selama siklus tersebut. Anda dapat menarik uang secara langsung; platform ini mendukung penambangan investasi TRX, ETH, BNB, DOGE, USDT (ERC20 TRC20 BEP20).",
    "notice": "MELIHAT",
    "confirmation_transfer": "Apakah Anda yakin ingin mentransfer?",
    "home": "Rumah",
    "invest": "Menginvestasikan",
    "mine": "Aku",
    "Account_6_16_characters_no_spaces_allowed": "Akun, 6-16 karakter, tidak boleh ada spasi",
    "Area_code_plus_mobile_number": "Kode area + nomor ponsel",
    "recommendation_code": "Kode rekomendasi",
    "global_partners": "Mitra global",
    "email_verification_code": "Kode Verifikasi Email",
    "otp": "OTP",
    "enter_a_new_password": "Masukkan kata sandi baru",
    "wallet_found": "Dana Dompet",
    "need_traded": "Perlu diperdagangkan",
    "already_traded": "Sudah diperdagangkan",
    "number_of_withdrawals": "Jumlah penarikan",
    "allow_withdrawal": "Izinkan penarikan",
    "yes": "Ya",
    "minimum_withdrawal": "Penarikan minimal",
    "enter_withdrawal_amount": "Masukkan jumlah penarikan",
    "please_enter": "Silakan masuk",
    "loading": "Memuat",
    "confirm_password": "Konfirmasi Kata Sandi",
    "original_payment_password": "Kata sandi pembayaran asli",
    "invest_product": "Investasi Cerdas",
    "purchased": "dibeli",
    "total_income": "total pendapatan",
    "principal": "kepala sekolah",
    "total_principal_and_interest": "jumlah pokok dan bunga",
    "how_to_deposit_funds_on_the_ai_trading_platform": "1. Cara Menyetor Dana di Platform Perdagangan AI",
    "step_1_get_your_deposit_address": "Langkah 1: Dapatkan Alamat Deposit Anda",
    "log_into_your_ai_trading_account": "Masuk ke akun perdagangan AI Anda",
    "head_to_the_deposit_page": "Buka halaman \"Setoran\".",
    "choose_your_cryptocurrency": "Pilih mata uang kripto Anda (TRC20, BEP20, BNB, atau TRX)",
    "generate_the_deposit_address_and_copy_it_to_your_clipboard": "Hasilkan alamat deposit dan salin ke clipboard Anda",
    "step_2_send_funds_from_your_wallet": "Langkah 2: Kirim Dana dari Dompet Anda",
    "open_your_crypto_wallet_app": "Buka aplikasi dompet kripto Anda (mis., MetaMask, Trust Wallet)",
    "select_the_correct_network": "Pilih jaringan yang benar (TRC20 atau BEP20)",
    "paste_the_copied_deposit_address_as_the_recipient": "Tempelkan alamat setoran yang disalin sebagai penerima",
    "input_the_amount_you_want_to_deposit_and_confirm_the_send": "Masukkan jumlah yang ingin Anda setorkan dan konfirmasi pengiriman",
    "wait_for_confirmation_on_the_blockchain": "Tunggu konfirmasi di blockchain (biasanya beberapa menit)",
    "step_3_confirm_your_deposit": "Langkah 3: Konfirmasikan Deposit Anda",
    "go_to_transaction_history_to_track_progress": "Buka \"Riwayat Transaksi\" untuk melacak kemajuan",
    "click_complete_deposit_once_transaction_is_verified": "Klik \"Selesaikan Deposit\" setelah transaksi diverifikasi",
    "if_your_deposit_doesnt_reflect_within_30_minutes_reach_out_to_support": "Jika deposit Anda tidak muncul dalam waktu 30 menit, hubungi dukungan",
    "how_to_withdraw_funds_from_the_ai_trading_platform": "2. Cara Menarik Dana dari Platform Perdagangan AI",
    "step_1_choose_your_withdrawal_option": "Langkah 1: Pilih Opsi Penarikan Anda",
    "log_in_and_open_the_fund_management_tab": "Masuk dan buka tab \"Pengelolaan Dana\".",
    "click_withdraw_and_pick_your_preferred_network": "Klik \"Tarik\" dan pilih jaringan pilihan Anda (TRC20\/BEP20\/BNB\/TRX)",
    "step_2_fill_in_withdrawal_information": "Langkah 2: Isi Informasi Penarikan",
    "enter_the_amount_you_want_to_withdraw": "Masukkan jumlah yang ingin Anda tarik",
    "paste_your_wallet_address": "Tempel alamat dompet Anda (pastikan cocok dengan jaringan yang benar)",
    "complete_any_required_security_verification_steps": "Selesaikan semua langkah verifikasi keamanan yang diperlukan",
    "step_3_final_confirmation_and_submission": "Langkah 3: Konfirmasi dan Pengiriman Akhir",
    "double_check_all_the_details_before_submitting": "Periksa kembali semua detail sebelum mengirimkan",
    "withdrawals_usually_process_within_30_minutes": "Penarikan biasanya diproses dalam waktu 30 menit",
    "track_the_progress_under_withdrawal_records": "Lacak kemajuan di bawah \"Catatan Penarikan\"",
    "important_notes": "Catatan Penting:",
    "double_check_your_wallet_address_crypto_transfers_cant_be_undone": "❗️ Periksa kembali alamat dompet Anda – transfer kripto tidak dapat dibatalkan",
    "make_sure_to_meet_the_platforms_minimum_withdrawal_limit": "❗️ Pastikan untuk memenuhi batas penarikan minimum platform",
    "delays_can_occur_due_to_high_network_traffic": "❗️ Penundaan dapat terjadi karena lalu lintas jaringan yang tinggi",
    "contact_live_chat_support_anytime_if_you_face_any_issues": "❗️ Hubungi dukungan obrolan langsung kapan saja jika Anda menghadapi masalah apa pun",
    "if_you_need_more_help_our_customer_service_team_is_available_24_7_via_live_chat": "Jika Anda memerlukan bantuan lebih lanjut, tim layanan pelanggan kami tersedia 24\/7 melalui live chat",
    "what_is_chain_quant": "1. Apa itu Kuantitas Rantai?",
    "chain_quant_description": "Chain Quant adalah platform perdagangan kuantitatif bertenaga AI yang memadukan kecerdasan buatan dan teknologi blockchain untuk menganalisis tren pasar kripto dan mengeksekusi perdagangan otomatis—memberdayakan pengguna untuk mendapatkan keuntungan yang stabil dengan sedikit usaha.",
    "core_services_of_chain_quant": "2. Layanan Inti Chain Quant",
    "quantitative_arbitrage_trading": "Perdagangan Arbitrase Kuantitatif\n – Memanfaatkan perbedaan harga di berbagai bursa untuk menghasilkan keuntungan berisiko rendah\n – Sistem berbasis AI melacak pasar 24\/7 dan mengeksekusi perdagangan pada momen yang ideal",
    "ai_auto_trading": "Perdagangan Otomatis AI\n – Bot yang sepenuhnya otomatis menggunakan strategi yang telah dibuat sebelumnya seperti mengikuti tren dan sistem grid\n – Algoritme menyesuaikan secara real time untuk membatasi risiko dan meningkatkan keuntungan",
    "fund_security": "Keamanan Dana\n – Menerapkan enkripsi multi-lapis dengan pemisahan dompet dingin & panas\n – Audit kontrak pintar memberikan operasi yang transparan dan anti kerusakan",
    "instant_deposits_withdrawals": "Setoran\/Penarikan Instan\n – Deposit diproses dalam 1–3 menit (mendukung TRC20\/BEP20)\n – Penarikan cepat dan otomatis—tidak perlu peninjauan manual",
    "multiple_trading_modes": "Berbagai Mode Perdagangan\n – Mode Pemula: Perdagangan berisiko rendah dan sepenuhnya lepas tangan\n – Mode Pro: Alat canggih dan kontrol strategi untuk pengguna berpengalaman",
    "how_to_register_and_start_using_chain_quant": "3. Bagaimana Cara Mendaftar dan Mulai Menggunakan Chain Quant?",
    "sign_up": "Langkah 1: Mendaftar: \n Kunjungi situs web resmi Chain Quant, klik “Pendaftaran Gratis”, dan verifikasi melalui email atau telepon",
    "deposit_and_activate_ai_trading": "Langkah 2: Setor & Aktifkan Perdagangan AI:\n Danai akun Anda dengan USDT (TRC20 atau BEP20)\n Dana yang disimpan diubah menjadi saldo perdagangan Chain Quant Anda",
    "launch_ai_trading": "Langkah 3: Luncurkan Perdagangan AI:\n Klik “Perdagangan Kuantitatif” untuk mengaktifkan bot AI pribadi Anda\n Sistem memulai perdagangan otomatis yang bertujuan menghasilkan keuntungan harian",
    "how_to_earn_with_chain_quant": "Bagaimana Cara Menghasilkan Uang dengan Chain Quant?",
    "arbitrage_profits": "– Metode 1: Keuntungan Arbitrase:\n AI mendeteksi kesenjangan harga (misalnya, beli dengan harga rendah di satu bursa, jual dengan harga tinggi di bursa lain)",
    "ai_trading_returns": "– Metode 2: Pengembalian Perdagangan AI:\n Algoritma menggunakan data tren untuk membeli pada harga rendah dan menjual pada harga tinggi secara otomatis",
    "referral_rewards": "– Metode 3: Hadiah Referensi:\n Undang orang lain dan dapatkan komisi dari perdagangan mereka",
    "why_choose_chain_quant": "5. Mengapa Memilih Jumlah Rantai?",
    "ai_automation": "✓ Otomatisasi AI 24\/7 – Jangan pernah melewatkan peluang perdagangan",
    "military_grade_security": "✓ Keamanan Tingkat Militer – Dompet dingin dan enkripsi tingkat atas",
    "dual_trading_modes": "✓ Mode Perdagangan Ganda – Sempurna untuk pemula dan profesional",
    "reliable_returns": "✓ Pengembalian yang Andal – Didukung oleh analisis pasar waktu nyata",
    "free_daily_withdrawals": "✓ Penarikan Harian Gratis – Nikmati satu penarikan tanpa biaya setiap hari",
    "start_your_journey_with_chain_quant": "Mulailah perjalanan Anda dengan Chain Quant hari ini dan biarkan otomatisasi cerdas bekerja untuk masa depan kripto Anda!",
    "chain_quant_ltd": "RANTAI KUANT LTD",
    "driving_the_future_of_ai": "Mendorong Masa Depan AI, Big Data & Otomatisasi",
    "at_chain_quant_we_harness": "Di Chain Quant, kami memanfaatkan kekuatan kecerdasan buatan yang mutakhir, data besar, dan otomatisasi canggih untuk mempercepat transformasi digital global. Misi kami adalah memberdayakan organisasi dengan solusi cerdas dan terukur yang mendorong pertumbuhan bisnis dan membentuk masa depan yang lebih terhubung dan efisien.",
    "core_services": "Layanan Inti",
    "ai_solutions": "Solusi AI – Mengintegrasikan pembelajaran mesin dan pembelajaran mendalam untuk mengoptimalkan operasi dan memaksimalkan efisiensi.",
    "big_data_analytics": "Big Data Analytics – Memberikan infrastruktur data yang kuat dan wawasan yang dapat ditindaklanjuti untuk pengambilan keputusan yang cerdas dan pertumbuhan berkelanjutan.",
    "automation_integration": "Integrasi Otomasi – Merancang alur kerja otomatisasi khusus yang mengurangi biaya, menghilangkan redundansi, dan meningkatkan produktivitas.",
    "strategic_industry_consulting": "Konsultasi Industri Strategis – Memberikan intelijen pasar yang berpikiran maju dan berbasis teknologi untuk memandu strategi transformasi digital.",
    "our_core_values": "Nilai Inti Kami",
    "innovation_driven": "Berbasis Inovasi – Kami menantang status quo dan mendorong batas-batas apa yang mungkin dilakukan dengan teknologi.",
    "client_centric": "Berpusat pada Klien – Setiap solusi disesuaikan dengan kebutuhan unik klien kami dan tujuan yang terus berkembang.",
    "integrity_accountability": "Integritas & Akuntabilitas – Transparansi dan kepercayaan adalah fondasi dari setiap kemitraan yang kami bangun.",
    "vision": "Penglihatan",
    "to_lead_globally_in_ai": "Untuk memimpin secara global dalam AI dan inovasi berbasis data, memungkinkan UKM untuk berkembang dalam ekonomi digital sambil mendorong penggunaan teknologi yang bertanggung jawab dan transformasi etis.",
    "innovation_philosophy": "Filsafat Inovasi",
    "we_pioneer_the_smart_ecosystem": "Kami memelopori Ekosistem Cerdas—infrastruktur digital lintas industri yang aman dengan blockchain yang memungkinkan kolaborasi tanpa batas, transparansi, dan kecerdasan canggih di pasar global.",
    "corporate_information": "Informasi Perusahaan",
    "legal_name": "Nama Resmi",
    "company_number": "Nomor Perusahaan",
    "incorporation_date": "Tanggal Pendirian",
    "registered_address": "Alamat Terdaftar",
    "for_official_filings": "Untuk pengajuan dan verifikasi resmi, silakan merujuk ke registrasi Pemerintah Inggris:",
    "uk_government_registry": "Pendaftaran Pemerintah Inggris",
    "secure_and_fast_transactions": "Penarikan 24 Jam",
    "withdraw_account": "Rekening Penarikan",
    "withdrawal_method": "Metode Penarikan",
    "quota": "Kuota 1 - 650000",
    "enter_withal_address": "alamat penarikan",
    "enter_password": "Kata sandi",
    "handling_fees": "Biaya Penanganan",
    "actually_received": "Sebenarnya Menerima",
    "press_release": "Siaran Pers",
    "relese_date": "03 Februari 2024",
    "we_are_thrilled_to_announce": "Kami sangat senang mengumumkan secara resmi peluncuran Chain Quant pada tanggal 15 Agustus 2024!",
    "Chain_Quant_is_a_global_powerhouse": "Chain Quant adalah pusat kekuatan global dalam perdagangan kuantitatif dan arbitrase mata uang kripto yang digerakkan oleh AI, menawarkan solusi perdagangan yang sangat cepat dan cerdas yang memaksimalkan profitabilitas dan memberdayakan evolusi keuangan digital.",
    "platform_highlights": "Sorotan Platform",
    "seamless_multi_exchange_integration": "Integrasi Multi-Pertukaran yang Mulus – Mendukung Binance, Coinbase, Huobi, dan banyak lagi",
    "ultra_fast_arbitrage_execution": "Eksekusi Arbitrase Sangat Cepat – Peluang beli-rendah\/jual-tinggi dalam hitungan detik",
    "fully_autonomous_trading": "Perdagangan Sepenuhnya Otonom – 100% didukung AI, tidak memerlukan input manual",
    "be_among_the_first_to_experience": "Jadilah orang pertama yang merasakan perdagangan generasi berikutnya.",
    "register_now": "Daftar sekarang dan kendalikan masa depan dengan Chain Quant—tempat presisi bertemu dengan kinerja dalam keuangan cerdas.",
    "chain_quantity_quantitative_investment_program": "Program Investasi Kuantitatif Kuantitas Rantai. Sistem VIP Berjenjang untuk Penghasilan Pasif Otomatis",
    "vip_levels_rewards": "Level dan Hadiah VIP",
    "vip_level_deposit_range_daily_return": "Kisaran Setoran Tingkat VIP (USDT) Pengembalian Harian (%)",
    "vip_1_deposit_range_daily_return": "VIP 1 $10 – $199 2,46% – 2,52%",
    "vip_2_deposit_range_daily_return": "VIP 2 $200 – $999 2,71% – 2,72%",
    "vip_3_deposit_range_daily_return": "VIP 3 $1.000 – $4.999 2,92% – 2,98%",
    "vip_4_deposit_range_daily_return": "VIP 4 $5.000 – $9.999 3,15% – 3,19%",
    "vip_5_deposit_range_daily_return": "VIP 5 $10.000 – $14.999 3,36% – 3,40%",
    "vip_6_deposit_range_daily_return": "VIP 6 $15.000 – $29.999 3,69% – 3,73%",
    "vip_7_deposit_range_daily_return": "VIP 7 $30.000 – $59.999 3,92% – 3,97%",
    "vip_8_deposit_range_daily_return": "VIP 8 $60.000 – $99.999 4,25% – 4,27%",
    "vip_9_deposit_range_daily_return": "VIP 9 $100.000 – $149.999 4,54% – 4,58%",
    "vip_10_deposit_range_daily_return": "VIP 10 $150.000 – $200.000 5,01% – 5,10%",
    "chain_quantity_operates_on_progressive_model": "Chain Quantity beroperasi pada model investasi progresif yang dirancang untuk skalabilitas dan kesederhanaan.",
    "start_with_10_usdt_activate_quantity_1": "Mulailah hanya dengan 10 USDT untuk mengaktifkan Kuantitas 1",
    "upgrade_to_quantity_2_by_adding_989_usdt": "Tingkatkan ke Kuantitas 2 dengan menambahkan 989 USDT (Total: 999 USDT)",
    "minimum_deposit_10_usdt": "Setoran rendah: 10 USDT",
    "minimum_withdrawal_2_usdt": "Penarikan Minimum: 2 USDT",
    "example_investing_1000_usdt_unlocks_vip_3": "Menginvestasikan 1.000 USDT akan membuka VIP 3",
    "daily_earnings_example": "Penghasilan Harian = 1.000 × 2,92% = 29,2 USDT",
    "program_highlights": "Sorotan Program",
    "validity_per_vip_tier": "⏳ Validitas 180 Hari per tingkat VIP",
    "daily_system_reset": "🕛 Reset Sistem Harian pada pukul 00:00 SGT",
    "automatic_upgrades": "🔓 Peningkatan Otomatis setelah mencapai ambang batas berikutnya",
    "instant_withdrawals": "💸 Penarikan Instan dari saldo komisi",
    "why_choose_chain_quantity": "Mengapa Memilih Kuantitas Rantai?",
    "higher_tiers_offer_better_returns": "✅ Tingkat yang lebih tinggi menawarkan keuntungan yang jauh lebih baik",
    "no_lock_up_periods": "✅ Tidak ada periode penguncian – dana tetap dapat diakses",
    "real_time_profit_tracking": "✅ Pelacakan keuntungan real-time melalui dashboard",
    "transparent_automated_system": "✅ 100% transparan, sistem otomatis",
    "sustainable_passive_income_model": "Dapatkan penghasilan pasif yang berkelanjutan dengan model berjenjang cerdas kami — dibangun untuk pertumbuhan, dioptimalkan untuk imbalan.",
    "example": "Contoh",
    "chain_quantity_team_rewards_program": "Program Hadiah Tim Kuantitas Rantai",
    "unlock_powerful_earning_potential": "Buka potensi penghasilan yang kuat dengan sistem komisi multi-level terstruktur dan peluang agen eksklusif kami.",
    "multi_level_commission_structure": "Struktur Komisi Bertingkat",
    "maximize_rewards_tiered_referral_program": "Maksimalkan imbalan Anda melalui program rujukan berjenjang kami:",
    "level_1_direct_referrals_earn_15_percent": "Level 1 (Referensi Langsung): Dapatkan komisi 15%.",
    "level_2_indirect_referrals_earn_2_percent": "Level 2 (Referensi Tidak Langsung): Dapatkan komisi 2%.",
    "level_3_extended_network_earn_1_percent": "Level 3 (Jaringan Diperluas): Dapatkan komisi 1%.",
    "earn_every_time_referrals_deposit_funds": "Anda memperoleh penghasilan setiap kali referral Anda — dan referral mereka — menyetor dana.",
    "global_agent_recruitment": "Rekrutmen Agen Global",
    "expanding_reach_motivated_partners": "Kami memperluas jangkauan kami dan mencari mitra yang termotivasi:",
    "national_agents_earn_5_percent": "Agen Nasional: Dapatkan komisi 5%.",
    "city_agents_earn_4_percent": "Agen Kota: Dapatkan komisi 4%.",
    "regional_agents_earn_3_percent": "Agen Regional: Dapatkan komisi 3%.",
    "build_your_network": "Bangun Jaringan Anda:",
    "launch_telegram_whatsapp_community": "Luncurkan komunitas Telegram atau WhatsApp Anda sendiri",
    "invite_official_support_team": "Undang tim dukungan resmi kami untuk berpartisipasi",
    "grow_team_unlock_exponential_earning": "Kembangkan tim Anda dan buka peluang penghasilan eksponensial",
    "referral_bonus_example": "Contoh Bonus Referensi",
    "member_deposit_commission_rate_earnings": "Komisi Deposit Anggota Nilai Penghasilan Anda",
    "member_a_1000_usdt_15_percent_150_usdt": "Anggota A 1.000 USDT 15% 150 USDT",
    "member_b_1000_usdt_2_percent_20_usdt": "Anggota B 1.000 USDT 2% 20 USDT",
    "member_c_1000_usdt_1_percent_10_usdt": "Anggota C 1.000 USDT 1% 10 USDT",
    "earn_bonuses_team_members_deposit": "Anda mendapatkan bonus setiap kali anggota tim Anda menyetor.",
    "daily_agent_bonus_rewards": "Hadiah Bonus Agen Harian",
    "top_performing_agents_rewarded_daily": "Agen dengan kinerja terbaik diberi penghargaan secara otomatis, berdasarkan setoran tim harian:",
    "1000_usdt_60_usdt_bonus": "1.000 USDT → BONUS 60 USDT",
    "5000_usdt_188_usdt_bonus": "5.000 USDT → BONUS 188 USDT",
    "16000_usdt_388_usdt_bonus": "16.000 USDT → BONUS 388 USDT",
    "58000_usdt_1483_usdt_bonus": "58.000 USDT → BONUS 1.483 USDT",
    "100000_usdt_6450_usdt_bonus": "100.000 USDT → BONUS 6.450 USDT",
    "500000_usdt_99999_usdt_bonus": "500.000 USDT → BONUS 99.999 USDT",
    "bonuses_cumulative_instantly_withdrawable": "Semua bonus bersifat kumulatif dan dapat ditarik secara instan dalam USDT.",
    "join_today_grow_network_start_earning": "Bergabunglah sekarang, kembangkan jaringan Anda, dan mulailah menghasilkan penghasilan yang belum pernah ada sebelumnya.",
    "recharge_amount": "Jumlah Isi Ulang",
    "current_amount": "Jumlah yang tersedia saat ini",
    "todays_earning": "Penghasilan Hari Ini",
    "total_revenue": "Pendapatan Total",
    "invitation_rewareds": "Hadiah undangan",
    "more_level_comming": "Level lainnya segera hadir...",
    "per_day": "Waktu Kuantifikasi Per Hari",
    "agree_with_our": "Setuju dengan kami",
    "terms_of_use": "Ketentuan Penggunaan",
    "and": "Dan",
    "privacy_policy": "Kebijakan Privasi",
    "no_account": "Tidak Ada Akun?",
    "security_password": "Kata sandi keamanan",
    "processing": "Pengolahan…",
    "already_have_an_account": "Sudah punya akun?",
    "verify_email_title": "Verifikasi Email",
    "enter_your_verification_code": "Masukkan kode Verifikasi Anda",
    "verifying": "Memverifikasi...",
    "verify_email": "Verifikasi Email",
    "check_inbox_and_spam_html": "Silakan periksa kotak masuk dan folder Anda untuk email verifikasi.",
    "total_assets": "Jumlah Aset",
    "quantitative_account": "Akun Kuantitatif",
    "agent_corperation": "Kerjasama Agen",
    "activity": "Aktivitas Tim",
    "unread_messages_alert": "Anda mendapat pesan yang belum dibaca di situs ini, silakan buka dan periksa isi pesannya!",
    "vip": "VIP",
    "trial_fee": "Biaya Percobaan",
    "profit_assets": "Aset Keuntungan",
    "todays_earnings": "Penghasilan Hari Ini",
    "quantifiable_number_of_days": "Jumlah Hari yang Dapat Dihitung",
    "countdown_days": "Hari Hitung Mundur",
    "quantify_reset_time": "Hitung Waktu Reset",
    "start_quantify": "Mulai Mengukur",
    "quantification_process": "Proses Kuantifikasi",
    "start_quantification": "Mulai kuantifikasi...",
    "start_queuing": "Mulai mengantri...",
    "start_executing_buy_order": "Mulai mengeksekusi pesanan beli...",
    "start_executing_sell_order": "Mulai mengeksekusi pesanan jual...",
    "start_capturing_market_prices": "Mulai menangkap harga pasar perdagangan...",
    "start_distributing_commissions": "Mulai membagikan komisi...",
    "operation_complete": "Operasi selesai dan berakhir.",
    "current_vip": "VIP saat ini",
    "click_to_unlock": "Klik Untuk Membuka Kunci",
    "quantification_times_per_day": "Waktu Kuantifikasi Per Hari",
    "profit_ratio": "Rasio Keuntungan",
    "minimum_unlock_amount": "Jumlah Buka Kunci Minimum",
    "recharge_unlock_message": "Isi ulang secara otomatis membuka kunci Isi Ulang {{minUnclock}}USDT",
    "quantitative_benefits": "Manfaat kuantitatif",
    "deposit_into_basic_wallet": "Setor ke dompet dasar",
    "invest_record": "Catatan Investasi",
    "build_team_rewards": "Bangun tim dan dapatkan hadiah besar",
    "my_invitation_code": "Kode Undangan Saya",
    "invite_link": "Tautan Undangan",
    "view_the_team": "Lihat Tim",
    "daily_commissions": "Komisi Harian",
    "invited_friends_recharge_rebates": "Undang teman untuk mendapatkan rabat yang sesuai saat mereka mengisi ulang:",
    "recharge_rebate": "Isi ulang rabat",
    "quantify_rebate": "Hitung rabat",
    "copy_success": "Salin Sukses",
    "withdraw": "Menarik",
    "sign_out": "Keluar",
    "hello_username": "Halo, {{nama pengguna}}",
    "welcome_back": "Selamat Datang kembali",
    "investment_accounts": "Akun Investasi",
    "commission_today": "Komisi Hari Ini",
    "yesterdays_earnings": "Pendapatan Kemarin",
    "detail": "Detil",
    "transfer": "Transfer",
    "news": "Berita",
    "security_center": "Pusat Keamanan",
    "company_profile": "Profil Perusahaan",
    "about_us": "Tentang Kami",
    "twenty_four_hour_withdrawal": "Penarikan 48 jam",
    "withdrawable": "Dapat ditarik",
    "amount_to_be_processed": "Jumlah yang akan diproses",
    "payment_method": "Metode pembayaran",
    "withdrawal_limit_range": "Batas penarikan berkisar 7.00 - 99999999.00",
    "withdrawal_address": "Alamat Penarikan",
    "handling_fee": "Biaya Penanganan",
    "receipt": "Kuitansi",
    "withdrawal_note": "Catatan Penarikan",
    "withdrawal_policy_title": "Kebijakan Penarikan (ToobitQuant)",
    "minimum_withdrawal_amount": "Jumlah Penarikan Minimum",
    "withdrawal_fee": "Biaya Penarikan",
    "withdrawal_frequency": "Frekuensi Penarikan",
    "withdrawal_frequency_desc": "Sekali setiap hari, tersedia Senin hingga Minggu (Waktu Singapura)",
    "processing_time": "Waktu pengerjaan",
    "processing_time_desc": "Penarikan biasanya diproses dalam waktu 0-48 jam setelah permintaan diajukan dan akan ditransfer langsung ke dompet Anda.",
    "mining_machine_energy_failure": "Kegagalan energi mesin penambangan, harap isi ulang {{amount}} USDT",
    "financial": "Finansial",
    "usdt": "USDT",
    "failed_to_fetch_data": "Gagal mengambil data.",
    "note_before_switching_accounts": "Catatan: Sebelum berpindah akun isi ulang, harap konfirmasi bahwa isi ulang sebelumnya telah diterima!",
    "quant_account_desc": "Setor ke akun ini untuk pengembalian terukur yang cerdas",
    "investment_account_desc": "Setoran ke akun ini dapat digunakan untuk berinvestasi dalam proyek crowdfunding",
    "recharge_address": "Alamat Isi Ulang",
    "recharge_complete": "Isi Ulang Selesai",
    "deposit_instruction_1": "1. Salin alamat di atas atau pindai kode QR, lalu pilih",
    "network_deposit": "jaringan untuk menyetor Aset.",
    "invite_top_up_rewards": "Undang teman untuk melakukan top up pertama kali dan Anda bisa mendapatkan hadiah berikut",
    "number_of_invited_people": "Jumlah orang yang diundang",
    "invitation_rewards_label": "Hadiah undangan：",
    "usdt_automatic_distribution": "Distribusi Otomatis USDT",
    "invitee_first_recharge_needs_to_be_in": "Pengisian ulang pertama orang yang diundang harus dilakukan",
    "above": "di atas",
    "tiered_rewards_intro": "Undang sejumlah orang tertentu dan dapatkan hadiah berjenjang:",
    "count": "Menghitung",
    "award": "Menghadiahkan",
    "unlimited": "Tak terbatas",
    "auto": "Mobil",
    "claimed": "Diklaim",
    "remaining": "Tersisa",
    "failed_to_load_invite_rewards": "Gagal memuat hadiah undangan.",
    "reward_claimed_successfully": "Hadiah berhasil diklaim.",
    "unable_to_claim_reward": "Tidak dapat mengklaim hadiah. Silakan coba lagi.",
    "agent_cooperation": "Kerjasama Agen",
    "global_recruitment_title": "Informasi Pekerjaan Rekrutmen Global untuk Karyawan Penuh Waktu:",
    "positions_available_subtitle": "6 Posisi Tersedia di Departemen Pemasaran",
    "job_description_promotion_title": "Deskripsi Pekerjaan dan Kriteria Promosi:",
    "job_description_promotion_body": "Departemen Pemasaran menawarkan 6 posisi berikut berdasarkan jumlah total pengguna yang berhasil mengisi ulang level di Level 1 dan Level 2. Posisinya adalah sebagai berikut:",
    "salary_tiers_intro": "Setiap posisi memiliki tingkatan gaji yang berbeda. Semakin tinggi jabatannya, semakin tinggi pula gajinya. Dengan rincian sebagai berikut:",
    "position": "Posisi",
    "level_1": "tingkat 1",
    "level_1_plus": "Tingkat 1+",
    "level_2": "tingkat 2",
    "weekly": "Mingguan",
    "salary": "Gaji",
    "growth_catalyst": "Katalis Pertumbuhan",
    "brand_architect": "Arsitek Merek",
    "engagement_guru": "Keterlibatan guru",
    "visionary_strategist": "Ahli Strategi Visioner",
    "innovation_leader": "Pemimpin Inovasi",
    "territory_commander": "Komandan Wilayah",
    "meet_requirements_contact_manager": "Bagi pengguna yang memenuhi persyaratan posisi, silakan menghubungi manajer proyek untuk verifikasi.",
    "salary_payment_method_timing": "Metode dan Waktu Pembayaran Gaji:",
    "salary_distribution_detail": "Gaji akan didistribusikan ke akun dompet ToobitQuant setiap hari Senin setelah jam 6 sore.",
    "additional_rewards_title": "Imbalan Tambahan untuk Karyawan Penuh Waktu:",
    "additional_rewards_body": "Setelah seorang karyawan menjadi anggota tetap, mereka juga akan menerima persentase dari total setoran mingguan timnya sebagai hadiah tambahan. Struktur imbalannya adalah sebagai berikut:",
    "total_weekly_deposits_usdt": "Total setoran mingguan (USDT)",
    "reward_percentage": "Persentase Hadiah",
    "commission": "Komisi",
    "commission_records": "Catatan Komisi",
    "valid_invitation_people_number": "Nomor orang undangan yang valid",
    "team_report": "Laporan Tim",
    "team_total_recharge": "Isi ulang total tim：",
    "team_total_withdrawal": "Total penarikan tim：",
    "level_3": "tingkat 3",
    "total_valid_label": "Jumlah\/Sah:",
    "get_commission_label": "Dapatkan Komisi:",
    "now_go": "Sekarang Pergi",
    "brand_name": "TERLALU",
    "press_release_date": "25 Juni 2025",
    "launch_announcement_prefix": "Kami sangat gembira mengumumkan peluncuran",
    "launch_announcement_suffix": ", platform revolusioner bertenaga AI yang kini aktif mulai 5 September 2025.",
    "platform_description": "TOOBIT dirancang untuk meningkatkan masa depan perdagangan aset digital, menggabungkan kekuatan kecerdasan buatan dengan eksekusi secepat kilat. Dibuat untuk investor generasi berikutnya, platform kami menawarkan alat yang digerakkan secara presisi untuk mengoptimalkan arbitrase kripto dan strategi perdagangan kuantitatif, memastikan portofolio Anda berkembang di pasar yang sangat kompetitif saat ini.",
    "key_features_title": "Fitur Utama Toobit:",
    "feature_multi_exchange_title": "• Integrasi Multi-Pertukaran yang Mulus",
    "feature_multi_exchange_desc": "Terhubung dengan mudah dengan platform terkemuka seperti Binance, Coinbase, Kraken, dan lainnya, memungkinkan perdagangan yang efisien di seluruh bursa.",
    "feature_realtime_arbitrage_title": "• Deteksi Arbitrase Real-Time",
    "feature_realtime_arbitrage_desc": "Dengan responsivitas tingkat milidetik, Toobit mengidentifikasi dan memanfaatkan peluang menguntungkan yang muncul, memastikan Anda tetap menjadi yang terdepan.",
    "feature_ai_autonomous_title": "• Dioptimalkan AI, Sepenuhnya Otonom",
    "feature_ai_autonomous_desc": "Platform kami didukung oleh AI mutakhir, memungkinkan strategi otomatis berbasis data tanpa memerlukan masukan manual, sehingga Anda dapat bersantai dan menyaksikan portofolio Anda berkembang.",
    "platform_mission": "Toobit hadir untuk membentuk kembali lanskap aset digital, memberdayakan Anda untuk berdagang dengan lebih cerdas, lebih cepat, dan lebih efisien. Baik Anda seorang trader berpengalaman atau baru memulai, Toobit membuka kemungkinan baru untuk memaksimalkan keuntungan.",
    "platform_future_line": "Masuki masa depan perdagangan—tempat inovasi bertemu dengan presisi.",
    "agent_program_heading": "Program Kemitraan Agen QUANT",
    "agent_program_headline_prefix": "Melangkah Menuju Masa Depan Keuangan Berbasis AI dengan",
    "agent_program_headline_suffix": "Program Agen Global",
    "agent_program_welcome": "Selamat datang di era penciptaan kekayaan cerdas berikutnya. TOOBIT dengan bangga meluncurkan Program Agen Globalnya - sebuah peluang unik untuk memperoleh penghasilan pasif jangka panjang dengan memanfaatkan kekuatan perdagangan kuantitatif yang didukung AI.",
    "agent_program_revolution": "Ketika revolusi keuangan digital mendapatkan momentumnya, Toobit mengundang para pemasar, tokoh masyarakat, dan investor untuk mengambil bagian dalam membentuk masa depan keuangan terdesentralisasi. Jaringan agen kami dibangun untuk skalabilitas, fleksibilitas, dan profitabilitas, menawarkan cara menarik untuk meningkatkan pendapatan Anda sambil membantu orang lain berkembang dalam ekonomi digital.",
    "agent_program_highlights": "Sorotan Program:",
    "agent_program_income": "• Potensi Pendapatan Bertingkat - Dapatkan rabat berdasarkan aktivitas jaringan Anda, sehingga menciptakan aliran pendapatan berulang seiring berkembangnya komunitas Anda. Tautan rujukan Anda memudahkan promosi, tanpa memerlukan pengalaman.",
    "agent_program_tools": "• Dukungan & Alat Komprehensif - Akses fitur platform mutakhir, rabat real-time, dan otomatisasi perdagangan berbasis AI untuk menjadikan promosi lancar dan bermanfaat.",
    "agent_program_growth": "• Peluang yang Didorong oleh Pertumbuhan - Kemajuan melalui tingkatan (Kota, Nasional, Mitra Global) dan dapatkan hadiah eksklusif, termasuk pembagian keuntungan seumur hidup sebesar 20%+ dan hak istimewa regional khusus untuk agen top.",
    "agent_program_closing": "Baik Anda terlibat melalui media sosial, jaringan investor, atau komunitas lokal, Toobit memastikan upaya Anda membuahkan hasil. Mulailah membangun masa depan Anda hari ini, dan bergabunglah dengan kami saat kami memimpin dunia keuangan cerdas. Masa depan perdagangan ada di sini. Toobit mengundang Anda untuk menjadi bagian darinya.",
    "company_name_legal": "TOOBIT AI TERBATAS",
    "cp_p1_rest": "didirikan di London, Inggris pada tahun 2025 dan berkomitmen untuk menjadi perusahaan terkemuka di bidang perdagangan cerdas berbasis blockchain.",
    "cp_p2_rest": "adalah sistem perdagangan kuantitatif canggih yang didukung oleh teknologi kecerdasan buatan. Kemampuan intinya terletak pada eksekusi otomatis strategi perdagangan untuk memaksimalkan hasil investasi sekaligus meminimalkan risiko. Secara khusus, TOOBIT mengubah keputusan investasi menjadi algoritma komputer yang dapat dieksekusi, memungkinkan operasi perdagangan yang transparan, efisien, dan cepat yang beradaptasi secara mulus terhadap fluktuasi pasar waktu nyata.",
    "cp_p3_suffix": "Strategi perdagangan didasarkan pada matematika modern, statistik, pembelajaran mesin, dan analisis berkelanjutan terhadap tren pasar dan harga aset digital untuk menentukan tindakan perdagangan yang paling efektif. Melalui algoritme dan pemodelan yang kompleks, sistem ini mengevaluasi risiko pasar dan peluang investasi, secara otomatis mengoptimalkan alokasi portofolio sebagai respons terhadap perubahan ekspektasi risiko dan keuntungan.",
    "cp_p4": "Pendekatan yang sepenuhnya otomatis ini menghilangkan kesalahan manusia, meningkatkan akurasi transaksi, dan memastikan adaptasi yang konsisten terhadap kondisi pasar yang bergejolak dan tidak pasti.",
    "cp_p5_prefix": "Intinya,",
    "cp_p5_suffix": "adalah sistem perdagangan kuantitatif generasi berikutnya yang menggabungkan kecerdasan buatan dengan teori keuangan modern untuk secara otomatis menerapkan strategi yang bertujuan memaksimalkan keuntungan dan meminimalkan risiko.",
    "label_company_name": "Nama perusahaan",
    "label_company_number": "Nomor Perusahaan",
    "label_incorporation_date": "Tanggal Pendirian",
    "label_registered_capital": "Modal Terdaftar",
    "label_email": "E-mail",
    "label_phone": "Telepon",
    "label_registered_office": "Kantor Terdaftar",
    "company_number_value": "16289541",
    "incorporation_date_value": "04 Maret 2025",
    "registered_capital_value": "Rp100.000.000",
    "email_value": "TOOBITquant.ai@gmail.com",
    "phone_value": "+44 7742 043280",
    "registered_office_value": "32 London Bridge St, London, Inggris Raya SE1 9SG",
    "platform_bonus": "Bonus Platform",
    "failed_to_load_notices": "Gagal memuat pemberitahuan",
    "welcome_title": "Selamat datang di TOOBIT: Bersama-sama Membuka Masa Depan yang Cerdas",
    "withdraw_success": "Penarikan Sukses",
    "deposit_success": "Setoran Berhasil",
    "income_received": "Pendapatan Diterima",
    "product": "Produk",
    "project_rule": "Aturan Proyek",
    "repayment": "Pembayaran kembali",
    "maturity_principal_interest": "Jatuh Tempo Pokok Dan Bunga",
    "daily_return": "Pengembalian Harian",
    "invest_cycle": "Siklus Investasi",
    "estimated_revenue": "Perkiraan Pendapatan",
    "balance_not_enough_recharge": "Saldo tidak cukup, Harap Isi Ulang {{amount}} USDT",
    "ok": "Oke",
    "transfer_amount": "Jumlah Transfer",
    "old_login_password": "Kata Sandi Masuk Lama",
    "new_login_password": "Kata Sandi Masuk Baru",
    "old_payment_password": "Kata Sandi Pembayaran Lama",
    "new_payment_password": "Kata Sandi Pembayaran Baru",
    "about_p1_tail": "adalah sistem perdagangan kuantitatif mutakhir yang didukung oleh kecerdasan buatan. Fitur intinya adalah eksekusi otomatis strategi perdagangan yang dirancang untuk memaksimalkan hasil investasi sekaligus meminimalkan risiko. Dengan mengubah keputusan perdagangan menjadi algoritma komputer, ini mengotomatiskan strategi yang telah ditentukan sebelumnya, menjadikan proses perdagangan lebih transparan, efisien, dan sangat responsif terhadap perubahan pasar.",
    "about_p2_a": "Strategi kuantitatif yang digunakan oleh",
    "about_p2_b": "memanfaatkan matematika modern, statistik, pembelajaran mesin, dan analisis tren pasar dan harga mata uang kripto secara real-time. Teknologi canggih ini memungkinkan platform untuk merumuskan rencana perdagangan yang sangat optimal.",
    "about_p2_c": "Pada saat yang sama,",
    "about_p2_d": "menggunakan model kompleks untuk mengevaluasi risiko pasar dan mengidentifikasi peluang investasi, secara otomatis menyeimbangkan kembali portofolio berdasarkan rasio risiko-pengembalian yang diharapkan. Pendekatan yang sepenuhnya otomatis ini menghilangkan kesalahan manusia, meningkatkan akurasi, dan memastikan sistem dapat dengan cepat beradaptasi dengan kondisi pasar yang bergejolak.",
    "about_p3_a": "Intinya,",
    "about_p3_b": "mengintegrasikan kecerdasan buatan dengan teori keuangan modern untuk menjalankan strategi investasi secara mandiri—mengejar dua tujuan yaitu memaksimalkan keuntungan dan mengurangi risiko.",
    "about_p4_heading_tail": "Sumber Pendapatan dan Keamanan Finansial",
    "about_p5_tail": "beroperasi pada model bisnis yang saling menguntungkan bersama penggunanya. Semua keuntungan dihasilkan melalui fluktuasi harga di pasar mata uang kripto global. Sifat teknologi blockchain yang terdesentralisasi dan tahan terhadap gangguan memastikan lingkungan investasi yang terbuka dan transparan, menawarkan lapisan perlindungan finansial yang lebih kuat kepada pengguna.",
    "about_p6_a": "Singkatnya,",
    "about_p6_b": "memberdayakan pengguna dengan sistem perdagangan cerdas yang dirancang untuk mendukung pertumbuhan kekayaan yang konsisten dan berkelanjutan. Setiap transaksi tidak hanya memberikan keuntungan bagi pengguna tetapi juga menghasilkan pendapatan platform—membentuk struktur win-win yang mendukung stabilitas keuangan jangka panjang bagi kedua belah pihak.",
    "about_p7_a": "Mari bekerja sama untuk mendorong perkembangan industri blockchain yang sehat. Dengan",
    "about_p7_b": "semakin banyak individu yang dapat dengan percaya diri dan efisien menguasai prinsip membeli dengan harga murah dan menjual dengan harga tinggi melalui sistem perdagangan yang cerdas dan didukung AI.",
    "about_p8_a": "Sekarang di generasi keempat,",
    "about_p8_b": "telah berevolusi menjadi lebih canggih—menawarkan fitur yang disempurnakan sekaligus menyederhanakan pengalaman pengguna. Dengan satu klik untuk “Mulai Kuantifikasi,” pengguna dapat mulai menghasilkan keuntungan hanya dalam satu menit. Inilah masa depan investasi cerdas.",
    "open_support_drawer": "Buka laci penyangga",
    "online_service": "Layanan daring",
    "choose_support_method": "Pilih metode kontak layanan pelanggan online pilihan Anda",
    "customer_support": "Dukungan Pelanggan",
    "community_group": "Kelompok Komunitas",
    "verify_code": "Verifikasi Kode",
    "click_to_refresh": "Klik untuk menyegarkan",
    "request_already_processing": "Permintaan Anda sudah diproses",
    "credential_not_match": "Kredensial ini tidak cocok dengan catatan kami",
    "generic_error": "Ada yang tidak beres. Silakan coba lagi.",
    "system_notice": "Pemberitahuan Sistem",
    "failed_to_load_notice": "Gagal memuat pemberitahuan",
    "no_data": "Tidak ada data",
    "welcome_heading": "Selamat datang di TOOBIT!",
    "welcome_p1": "Kami senang Anda menjadi bagian dari komunitas TOOBIT. Sebagai perusahaan teknologi yang berpikiran maju dan terdepan dalam inovasi, kami siap membantu Anda mengeksplorasi potensi kecerdasan buatan yang tak terbatas.",
    "welcome_p2": "Terima kasih telah memilih TOOBIT, mari kita menuju masa depan yang lebih cerdas dan terhubung. Jika Anda memiliki pertanyaan, tim dukungan kami selalu siap membantu Anda.",
    "email_verification": "Verifikasi email",
    "pending": "Tertunda",
    "withdraw_asset": "Penarikan Aset",
    "withdraw_deduction": "Pengurangan penarikan",
    "quantitative_earning": "Penghasilan kuantitatif",
    "invited_friends_daily_commissions": "Undang teman untuk mendapatkan komisi harian yang sesuai saat mereka mengisi ulang:",
    "rejected": "Ditolak",
    "consent_intro": "Dengan melanjutkan dengan akun yang berada di",
    "country_name": "Inggris Raya",
    "consent_agreement": "Anda setuju dengan kami",
    "terms_of_service": "Ketentuan Layanan",
    "view_daily_check_in": "Lihat Check-In Harian",
    "last_price_binance_spot": "Harga Terakhir • Binance Spot",
    "high": "Tinggi",
    "low": "Rendah",
    "volume": "Volume",
    "trades": "Perdagangan",
    "core_cooperative_financial_institutions": "Lembaga Keuangan Koperasi Inti",
    "reward_page_title": "Hadiah Undangan",
    "tab_direct": "Langsung",
    "tab_missions": "Misi",
    "reward_task_prefix": "Selesaikan tugas dengan",
    "reward_task_middle": "anggota aktif di tingkat",
    "mission_invite_prefix": "Mengundang",
    "mission_invite_unit": "teman-teman",
    "mission_invite_suffix": "untuk mendaftar",
    "mission_deposit_prefix": "Mendapatkan",
    "mission_deposit_middle": "jumlah simpanan",
    "mission_deposit_suffix": "dari tim Anda",
    "unit_usdt": "USDT",
    "progress_label": "Kemajuan",
    "refresh_label": "Menyegarkan",
    "streak_title": "Rentetan Saat Ini: {{current}} \/ {{goal}} Hari",
    "streak_info": "Klaim setiap hari untuk mempertahankan rekor Anda dan mendapatkan bonus. Melewatkan satu hari akan mengatur ulang kemajuan Anda.",
    "reward_small": "0,01 USDT",
    "reward_big": "1 USDT",
    "claim_button": "Klaim Hadiah Harian",
    "company_profile_title": "Profil Perusahaan",
    "company_intro_1": "TOOBIT FOR TOOBIT LTD didirikan di London, Inggris pada tahun 2004 dan berkomitmen untuk menjadi perusahaan terkemuka di bidang perdagangan cerdas berbasis blockchain.",
    "company_intro_2": "TOOBIT adalah sistem perdagangan kuantitatif canggih yang didukung oleh teknologi kecerdasan buatan. Kemampuan intinya terletak pada eksekusi otomatis strategi perdagangan untuk memaksimalkan hasil investasi sekaligus meminimalkan risiko.",
    "company_intro_3": "Strategi perdagangan TOOBIT didasarkan pada matematika modern, statistik, pembelajaran mesin, dan analisis berkelanjutan terhadap tren pasar dan harga aset digital untuk menentukan tindakan perdagangan yang paling efektif.",
    "company_intro_4": "Pendekatan yang sepenuhnya otomatis ini menghilangkan kesalahan manusia, meningkatkan akurasi transaksi, dan memastikan adaptasi yang konsisten terhadap kondisi pasar yang bergejolak dan tidak pasti.",
    "company_intro_5": "Intinya, TOOBIT adalah sistem perdagangan kuantitatif generasi berikutnya yang menggabungkan kecerdasan buatan dengan teori keuangan modern untuk secara otomatis menerapkan strategi yang bertujuan memaksimalkan keuntungan dan meminimalkan risiko.",
    "company_name_label": "Nama perusahaan:",
    "company_number_label": "Nomor Perusahaan:",
    "date_of_incorporation_label": "Tanggal Pendirian:",
    "registered_office_label": "Kantor Terdaftar:",
    "notice_title": "Rahasia Pertumbuhan Kekayaan",
    "notice_paragraph1": "Jangan lupa untuk menginvestasikan kembali penghasilan Anda dan meningkatkan kekayaan Anda setiap hari!",
    "notice_paragraph2": "Melalui bunga majemuk, uang Anda bekerja untuk Anda—mendapatkan keuntungan tidak hanya dari investasi awal Anda tetapi juga dari keuntungan Anda.",
    "notice_paragraph3": "Maksimalkan potensi Anda dan gandakan penghasilan Anda.",
    "notice_paragraph4": "Jangan lewatkan kesempatan ini—mari kita bersatu dan tumbuh bersama!",
    "notice_paragraph5": "Bergabunglah dengan program investasi Toobit sekarang dan biarkan USDT secara otomatis menghasilkan keuntungan untuk Anda! Bergabunglah bersama kami dan raih kekayaan baru bersama-sama!",
    "notice_closeButton": "Menutup"
}