{
    "account": "사용자 이름",
    "quantify_records": "기록을 수량화하다",
    "finish": "마치다",
    "buy_platform": "플랫폼 구매",
    "purchase_price": "구매 가격",
    "sales_platform": "판매 플랫폼",
    "selling_price": "판매가격",
    "service_charge": "서비스 요금",
    "model": "모델",
    "vip_model": "VIP 모델",
    "quantitative_strategy": "정량적 전략",
    "popular": "인기 있는",
    "cryptocurrency_trading": "암호화폐 거래",
    "no_more_data": "더 이상 데이터가 없습니다",
    "check": "확인하다",
    "execute_position": "포지션 실행",
    "wallet_account_balance": "지갑 계정 잔액",
    "not_limited": "제한되지 않음",
    "daily_interest_payment": "일별이자지급, 만기원금상환",
    "share_rules": "공유 규칙",
    "hello": "안녕하세요",
    "register_an_account": "계정 등록",
    "flexible_account": "양적 계정",
    "wallet_account": "스마트 어카운트",
    "wave_field": "도움말 센터",
    "chain_quant": "Chain Quant: 지능형 퀀트 거래 플랫폼 소개 및 사용자 가이드",
    "how_to_get_benefits": "자금 입금 및 출금 방법",
    "bandwidth": "회사소개 : 체인퀀트",
    "energy": "힘",
    "welcome_to": "에 오신 것을 환영합니다",
    "official_telegram_channel": "공식 텔레그램 채널",
    "cloud_mining_hosting": "TRONOKX는 안정적인 클라우드 마이닝 및 스테이킹 서비스를 제공하여 12일 이내에 원금 수익을 보장합니다. 우리 플랫폼은 다양한 투자 요구에 맞게 입금액과 일일 인출률이 다양한 여러 VIP 레벨을 제공합니다.",
    "cloud_mining_hosting_2": "안전하고 안정적이며 수익성 있는 수익을 제공하는 혁신적인 클라우드 마이닝 및 스테이킹 서비스를 제공하는 데 전념하는 최첨단 플랫폼인 TRONOKX를 소개하게 된 것을 기쁘게 생각합니다. 우리 시스템은 12일 이내에 원금 수익을 보장하며 흥미롭고 지속 가능한 금융 생태계의 일부가 되는 동시에 투자를 빠르게 늘릴 수 있는 기회를 제공합니다.",
    "cloud_mining_hosting_3": "TRONOKX에서는 다양한 투자 역량을 충족하도록 설계된 다양한 VIP 레벨을 제공합니다. 각 레벨에는 특정 예금 범위와 일일 인출율이 있어 투자에서 일일 수익을 얻으려는 사용자에게 유연한 옵션을 제공합니다. 다양한 VIP 등급에 대한 개요는 다음과 같습니다.",
    "the_amount_of_vip1": "VIP 1: 입금 범위 10-1,000 TRX, 매일 9% 인출",
    "the_amount_of_vip2": "VIP 2: 입금 범위 1,001-2,000 TRX, 매일 10% 인출",
    "the_amount_of_vip3": "VIP 3: 입금 범위 2,001-10,000 TRX, 매일 13% 인출",
    "the_amount_of_vip4": "VIP 4: 입금 범위 10,001-50,000 TRX, 매일 15% 인출",
    "the_amount_of_vip5": "VIP 5: 입금 범위 50,001-200,000 TRX, 매일 17% 인출",
    "the_amount_of_vip6": "VIP 6: 입금 범위 200,001-300,000 TRX, 매일 20% 인출",
    "the_amount_of_vip7": "VIP 7: 입금 범위 300,001-500,000 TRX, 매일 23% 인출",
    "the_amount_of_vip8": "VIP 8: 입금 범위 500,001-800,000 TRX, 매일 28% 인출",
    "the_amount_of_vip9": "VIP 9: 입금 범위 800,001-1,500,000 TRX, 매일 35% 인출",
    "the_amount_of_vip10": "VIP 10: 입금 범위 1,500,001+ TRX, 매일 42% 인출",
    "the_amount_of_vip1_ann": "VIP 1: 10~1,000 TRX 범위의 예금에 대해 일일 수익률 9%를 얻으세요.",
    "the_amount_of_vip2_ann": "VIP 2: 1,001~2,000 TRX 사이의 예금에 대해 매일 10% 인출 혜택을 누려보세요.",
    "the_amount_of_vip3_ann": "VIP 3: 2,001부터 10,000 TRX까지 예금하면 일일 13% 인출이 가능합니다.",
    "the_amount_of_vip4_ann": "VIP 4: 10,001~50,000 TRX 사이의 투자에 대해 매일 15%를 받으세요.",
    "the_amount_of_vip5_ann": "VIP 5: 50,001~200,000 TRX 사이에 입금하면 일일 17% 수익을 얻을 수 있습니다.",
    "the_amount_of_vip6_ann": "VIP 6: 200,001 ~ 300,000 TRX의 예금은 매일 20%를 얻습니다.",
    "the_amount_of_vip7_ann": "VIP 6: 200,001 ~ 300,000 TRX의 예금은 매일 20%를 얻습니다.",
    "the_amount_of_vip8_ann": "VIP 8: 500,001부터 800,000 TRX까지 예금하면 매일 28%의 수익을 얻을 수 있습니다.",
    "the_amount_of_vip9_ann": "VIP 9: 800,001~1,500,000 TRX의 더 큰 예금의 경우 매일 35% 인출 혜택을 누려보세요.",
    "the_amount_of_vip10_ann": "VIP 10: 1,500,001 TRX 이상의 예금에 대해 가장 높은 등급은 매일 42%의 인상적인 수익을 제공합니다.",
    "financial_turnaround": "또한 원금을 단 3일 이내에 돌려받는 등 빠른 수익을 원하는 사람들을 위한 단기 재정 계획도 제공합니다. 이 계획은 보다 즉각적인 재정적 전환을 원하는 사용자에게 이상적입니다.",
    "periodic_financial_management": "또한, 단 3일 이내에 원금 투자금을 회수할 수 있는 단기 재무 계획을 제공합니다. 또한 친구를 우리 플랫폼에 초대하여 추가 보상을 받을 수도 있습니다. 추천 프로그램은 세 가지 수준으로 구성됩니다.",
    "periodic_financial_management_ann": "이러한 뛰어난 투자 기회 외에도 우리는 커뮤니티의 힘을 믿습니다. 우리의 초대 보상 프로그램을 사용하면 친구 및 가족과 플랫폼을 공유하여 더 많은 수익을 얻을 수 있습니다. 단계별 추천 시스템의 작동 방식은 다음과 같습니다.",
    "the_unit_price_of_tron": "레벨 1: 직접 추천에 대한 13% 보상",
    "the_unit_price_of_tron2": "레벨 2: 2단계 추천에 대한 2% 보상",
    "the_unit_price_of_tron3": "레벨 3: 세 번째 레벨 추천에 대해 1% 보상",
    "the_unit_price_of_tron4": "TRONOKX는 장기적인 지속 가능성을 위해 설계되었으며 암호화폐가 존재하는 한 계속해서 번창할 플랫폼을 제공합니다. 지금 우리와 함께 수익을 창출하고 자신있게 투자를 늘리십시오!",
    "the_unit_price_of_tron_ann": "레벨 1: 직접 추천을 통해 해당 활동에 대해 13%의 보상을 받을 수 있습니다.",
    "the_unit_price_of_tron2_ann": "레벨 2: 2단계 추천의 경우 해당 활동의 2%를 받게 됩니다.",
    "the_unit_price_of_tron3_ann": "레벨 3: 세 번째 레벨의 추천은 해당 활동의 1%를 보상으로 제공합니다.",
    "the_unit_price_of_tron4_ann": "이 다단계 보상 시스템은 네트워크 성장이 성공에 직접적으로 기여하여 잠재력을 얻는 눈덩이 효과를 생성하도록 보장합니다.",
    "the_unit_price_of_tron5_ann": "TRONOKX의 기반은 장기적인 성장을 기반으로 구축되었으며, 우리 플랫폼은 암호화폐가 계속 번창하는 한 운영을 유지하도록 설계되었습니다. 우리 모델은 귀하가 오늘 투자한 가치가 앞으로도 계속해서 수익을 창출할 수 있도록 보장합니다. TRONOKX에 가입함으로써 귀하는 진화하는 디지털 자산 세계에 맞춰 지속적인 금융 기회를 창출하기 위해 노력하는 커뮤니티의 일원이 됩니다.",
    "the_unit_price_of_tron6_ann": "지금 시작하여 현명하게 투자하고 TRONOKX가 제공하는 수많은 기회를 최대한 활용하시기 바랍니다. 클라우드 마이닝, 스테이킹 및 추천 프로그램을 통해 귀하는 부를 확대하고 암호화폐 세계의 핵심 참가자가 될 수 있는 기회를 갖게 됩니다.",
    "join_now_ann": "지금 가입하고 오늘부터 수익을 창출해 보세요. 디지털 금융의 미래가 여기에 있습니다!",
    "received": "받았다",
    "minimum_yeild_requires": "최소 수량화에는 최소한 예치금이 필요합니다.",
    "share_to": "공유 대상",
    "transiction_records": "거래 기록",
    "transfer_to_flexible_account": "수량 계정으로 이체",
    "transfer_into_flexible_account": "1. 본 계좌로의 이체를 통해 예금하여 이자를 받을 수 있으며, 첫 투자 시점부터 24시간 이후 수동으로 수익금을 받을 수 있으며, 만료 시 원금을 돌려받을 수 있습니다.",
    "transfer_to_wallet_account": "스마트 어카운트로 이체",
    "transfer_into_wallet_account": "2. 본 계좌로의 이체를 통해 일반상품 구매가 가능합니다. 제품마다 주기와 생산량이 다릅니다. 자세한 내용은 제품 소개를 참조하세요.",
    "no_records": "기록 없음",
    "energy_bandwidth": "체인 수량 공식 출시",
    "you_send_virtual_currency_to_the_platform": "디지털 지갑을 사용하여 지정된 구매 주소로 가상 화폐를 보내면 TRONOKX가 자동 리소스 분배를 관리합니다. 우리 플랫폼은 TRON 네트워크 내에 자산을 스테이크하여 대역폭과 에너지를 생성합니다. 그런 다음 이러한 리소스는 파트너 지갑에 임대되고 임대 수익은 TRONOKX로 다시 흘러 사용자에게 재분배됩니다!",
    "income_has_arrived": "수입이 도착했습니다",
    "profit_received": "받은 이익",
    "invitation_rewards": "체인 수량 에이전트 파트너십 프로그램",
    "by_sharing_the_agent": "지능형 양적 거래를 통해 장기 소극적 소득을 얻을 수 있는 관문인 Chain Quant의 글로벌 에이전트 프로그램을 통해 AI 기반 금융의 미래를 경험해 보세요. AI 거래 시장이 가속화됨에 따라 Chain Quant는 마케팅 담당자, 커뮤니티 리더 및 미래 지향적인 투자자를 에이전트 네트워크의 일부로 초대하여 전 세계적으로 입지를 확장하고 있습니다. 15%-2%-1% 커미션으로 강력한 다단계 보상 시스템을 즐기며 거래 이익과 추천 증가를 통해 반복적으로 수입을 얻으세요. 모든 회원에게는 개인 추천 링크가 제공되므로 경험이 없어도 누구나 원활하게 프로모션에 액세스할 수 있습니다. 소셜 미디어, 개인 투자자 그룹, 지역 커뮤니티 등 무엇을 활용하든 고성능 플랫폼과 실시간 자동 리베이트의 지원을 받을 수 있습니다. 팀이 확장됨에 따라 최고의 성과를 낸 직원이 도시, 국가 또는 글로벌 파트너 자격으로 승격하고 20% 이상의 평생 이익 공유 및 독점적인 지역 특전을 잠금 해제하는 등 혜택도 커집니다. 오늘 Chain Quant에 가입하여 지능형 부 창출의 새로운 시대에 유산을 구축하십시오.",
    "sharing_is_polite": "나눔은 예의다",
    "when_the_cumulative_recharge_reaches": "총 재충전이 10 TRX 이상에 도달하면 소셜 플랫폼에 등록 링크를 공유하여 0.01 TRX에서 18.88 TRX 사이의 무작위 보상을 받으세요. 각 사용자는 하루에 한 번 참여할 수 있습니다!",
    "time": "시간",
    "tron_is_a_distributed_operating_system": "TRON은 기본 암호화폐인 TRX를 갖춘 분산형 블록체인 기반 운영 체제입니다. 2017년 중국 기업가 Justin Sun이 시작한 이 회사는 분산형 디지털 경제를 육성하는 것을 목표로 합니다.",
    "architecture_in_the_torn": "아키텍처: TRON 네트워크 프로토콜 내에서 TRX 보유자는 대역폭 및 에너지와 같은 리소스에 대한 동등한 액세스를 누릴 수 있습니다. 네트워크는 전 세계 공용 노드를 활용하여 스마트 계약을 실행하는 분산형 가상 머신으로 구동됩니다. 거래 수수료가 없고 초당 약 2000건의 거래를 처리할 수 있는 용량으로 신속하고 효율적인 네트워크 경험을 보장합니다.",
    "goverance_tron_online_community": "거버넌스: TRON 커뮤니티는 온라인 투표를 통해 27명의 슈퍼 대표를 선출합니다. 이들 대표자들은 평균 3초마다 블록 생성 및 검증을 담당하며 분산형 자율 조직을 구성합니다. 이들은 6시간마다 재선되며 네트워크 제안을 관리하고 TIP(Tron Improvement Proposals)에 투표하는 데 중요한 역할을 합니다.",
    "advantages_usdt_has_always": "장점: USDT는 가장 널리 알려진 스테이블 코인이며 Tether는 13개 블록체인 네트워크에서 이를 발행했으며 TRON이 전체 공급량의 54% 이상을 차지하며 선두를 달리고 있습니다. 이더리움이 44%, 솔라나가 2.7%를 차지하며 TRON을 USDT 발행의 주요 네트워크로 굳건히 자리 잡았습니다.",
    "bandwith_all_types": "대역폭: TRON 네트워크의 모든 거래에는 대역폭 포인트가 필요합니다. 트랜잭션은 바이트 배열로 저장 및 전송되며 각 바이트는 하나의 대역폭 포인트를 사용합니다. 트랜잭션의 총 대역폭 비용은 바이트 크기에 따라 결정됩니다. 사용자에게 충분한 대역폭이 부족한 경우 필요한 대역폭 포인트를 처리하기 위해 TRX를 태워야 합니다.",
    "the_unit_price_of_the_targe": "대역폭 소비에 대한 공식적인 연소율은 단위당 1,000 SUN으로 설정됩니다.",
    "energy_each_instruction": "에너지: 모든 스마트 계약 실행은 복잡성에 따라 특정 양의 에너지를 소비합니다. 더 복잡한 계약에는 더 많은 에너지가 필요합니다. 계약이 실행됨에 따라 에너지가 계산되어 명령별로 차감됩니다. 계정에 충분한 에너지가 부족한 경우 필요한 에너지 비용을 충당하기 위해 TRX를 소각해야 합니다.",
    "the_current_offical_unit_price": "에너지 소비에 대한 공식 연소율은 현재 단위당 420SUN으로 설정되어 있습니다.",
    "smart_investment": "현명한 투자",
    "international_lines": "국제선",
    "basic_investment_plan": "기본 투자 계획",
    "invest_in_our_basic": "기본 계정에 투자하고 매일 채굴 수입을 얻으세요! 첫 입금 시 자동으로 180일 계약이 체결됩니다. 첫 번째 입금이 이루어지자마자 계약이 시작됩니다.",
    "key_features": "주요 특징",
    "earn_daily_between": "누적 투자액의 8%-36% 사이에서 매일 수익을 얻으세요.",
    "incomoe_is_settled": "첫 입금 후 24시간이 지나면 수입이 정산됩니다. (예: 오후 3시 입금, 다음날 오후 3시부터 수입 가능)",
    "you_must_manually": "일일 수입을 모으려면 수동으로 클릭해야 합니다.",
    "vip_levels_benefits": "VIP 레벨 및 혜택",
    "daily_withdrawal": "일일 인출",
    "how_it_works": "작동 방식",
    "deposit_funds": "자금 예치: 초기 예금을 통해 투자를 시작하세요.",
    "earn_daily_income": "일일 수익 창출: 24시간마다 채굴 수익을 누려보세요.",
    "collect_income": "수입 수집: 매일 로그인하여 수동으로 수입을 수집하세요.",
    "start_today_and_enjoy": "오늘부터 기본 투자 플랜으로 높은 수익률을 누리세요!",
    "our_system_will_automatically": "우리 시스템은 자동으로 귀하의 총 누적 입금액을 결정하고 귀하를 적절한 VIP 레벨로 업그레이드합니다. 예를 들어:",
    "first_deposit": "첫 입금",
    "second_deposit": "두 번째 입금",
    "total_deposit": "총 입금액",
    "the_system_will_automatically_upgrade": "시스템은 자동으로 VIP2로 업그레이드하며, 이 레벨에서 일일 수입의 10%를 누리게 됩니다.",
    "referral_system": "추천 시스템",
    "earn_rewards_by_reffering": "다른 사람들에게 가입을 추천하여 보상을 받으세요! 우리의 3단계 추천 시스템은 큰 혜택을 제공합니다",
    "refer_level_1": "레벨 1: 추천인 일일 수입의 13%",
    "refer_level_2": "레벨 2: 추천인 일일 수입의 2%",
    "refer_level_3": "레벨 3: 추천인 일일 수입의 1%",
    "start_referring_today": "오늘부터 추천을 시작하여 수입을 늘리세요!",
    "account_is_required": "계정이 필요합니다",
    "login_password": "로그인 비밀번호",
    "password_is_required": "비밀번호가 필요합니다",
    "verification_code": "인증코드",
    "vcode_is_required": "V코드가 필요합니다",
    "vcode": "V코드",
    "forgot_password": "비밀번호를 잊으셨나요?",
    "login": "로그인",
    "register": "등록하다",
    "go_to_homepage": "홈페이지로 이동",
    "total_balance": "양적 계정",
    "home_notice": "스마트 캐피탈과 지능형 알고리즘이 만나는 Toobit에 오신 것을 환영합니다. 최첨단 양적 수익을 위한 새로운 공간인 Toobit에 오신 것을 환영합니다. 노련한 투자자이든, 이제 막 알고리즘 수익의 세계로의 여정을 시작하든 상관없이 귀하는 명확성, 성능 및 신뢰를 위해 구축된 플랫폼에 합류하셨습니다. Toobit에서는 단순히 수익을 얻는 것이 아니라 지능적으로 수익을 얻는 것도 믿습니다. 우리의 독점 전략은 데이터 과학자와 금융 전문가가 알고리즘 정밀도의 힘을 활용하여 실시간 시장 기회를 통해 자본을 늘릴 수 있도록 설계되었습니다. 모든 결정, 모든 전략, 모든 수익은 데이터를 기반으로 하며 모든 사람이 고급 수익 창출 도구에 액세스할 수 있도록 한다는 우리의 확고한 사명에 따라 이루어집니다.",
    "go_to_recharge": "재충전하러 가기",
    "telegram_customer_service": "텔레그램 고객센터",
    "dear_user": "친애하는 사용자: 귀하의 채굴기의 컴퓨팅 성능\/에너지가 곧 소진될 예정이므로 귀하의 계정 자금에 필요한 에너지 가치에 따라 TRX를 신속하게 {amount} 보충해 주시기 바랍니다. 귀하의 채굴기는 현재 채굴 통제 및 수익\/출금을 중단했습니다.",
    "note_to_avoid": "[참고: 수익 손실을 방지하려면 텔레그램 지원팀에 문의하세요.]",
    "deposit": "재충전",
    "withdrawal": "철수",
    "share_friends": "친구 초대",
    "team": "팀",
    "app": "앱",
    "information": "소식",
    "wallet": "지갑",
    "promotion": "홍보",
    "join_to_be_a_sitename_millionaire": "TRONRICO 백만장자가 되려면 가입하세요",
    "use_the_latest_mining_machines": "최신 채굴기와 Defi 기술을 사용하여 모든 사용자가 가장 많은 TRX 수익을 얻을 수 있도록 하세요.",
    "details": "세부",
    "platform_data_display": "플랫폼 데이터 표시",
    "income": "소득",
    "Income": "정량화하다",
    "cyclical_investing": "사이클 투자",
    "trontin_3day_mining_machine": "TRONTIN 3일 채굴기",
    "trontin_9day_mining_machine": "TRON 9일 트래픽 마이닝 머신",
    "trontin_16day_traffic_mining_machine": "RONTIN 16일 트래픽 마이닝 머신",
    "trontin_45day_miner_energy": "TRONTIN 45일 채굴기 에너지",
    "trontin_18day_miner_energy": "TRON 18일 채굴 에너지",
    "trontin_trxMining_in_46days": "46일 만에 TRON trxMining 완료",
    "tron_eth_digi_2_mining": "트론 ETH DIGI 2.0 채굴",
    "torn_80days_photolvatic_mine": "트론 80일 태양광 광산",
    "trontin_bnb_mining_in_65days": "65일 만에 TRONTIN BNB 채굴",
    "view_more": "더 보기",
    "cycle": "주기",
    "day": "낮",
    "instant_quotes": "즉석 견적",
    "profit_withdrawal": "이익인출",
    "repurchase": "환매",
    "latest_announcement": "최신 발표",
    "registered_members_will_be_given": "등록된 회원에게는 56,000TRX가 담보로 제공됩니다. 계정을 활성화하려면 최소 10TRX의 입금액과 최소 5TRX의 출금이 필요합니다. 수입은 인출되거나 채굴에 투자될 수 있습니다.",
    "deposit_into_the_basic_account_and_automatically_join_the_contract": "[기본투자] 기본계좌에 입금하시면 자동으로 180일간 계약에 가입됩니다. [계약기간은 첫 입금시부터 적용됩니다.] 기본 계정은 매일 채굴 수익이 발생하며, 매일 누적 투자 금액의 9%~38%를 받을 수 있습니다. 당사 플랫폼 시스템의 결제 시간은 사용자의 첫 구매 시점을 기준으로 24시간 이후입니다.",
    "the_income_will_not_be_automatically_deposited_into_the_account": "[예: 첫 번째 구매 시간은 15:00이고 다음 날 15:00에 수입이 발생합니다.] 수입은 자동으로 계좌에 입금되지 않으며 매일 수입을 클릭해야 합니다. 채굴이 들어가면 적극적으로 클릭해서 수입을 받아보세요.",
    "accumulated_deposits_of_10-2500_trx": "10-2500 trx 누적 입금액, VIP1로 자동 업그레이드, 일일 출금율 9%",
    "accumulated_deposits_of_2501-10000_trx": "2501-10000 trx 누적 입금액, VIP2로 자동 업그레이드, 일일 인출 10%",
    "accumulated_deposits_of_10001-20000_trx": "10001-20000 trx의 누적 입금액, VIP3로 자동 업그레이드, 일일 출금율 11%",
    "accumulated_deposits_of_20001-50000_trx": "20001-50000 trx의 누적 예금, VIP4로 자동 업그레이드, 일일 인출 13%",
    "accumulated_deposits_of_50001-100000_trx": "누적 입금액 50001-100000 trx, VIP5로 자동 업그레이드, 일일 인출 15%",
    "accumulated_deposits_of_100001-200000_trx": "누적 입금액 100001-200000 trx, VIP6으로 자동 업그레이드, 일일 인출 17%",
    "accumulated_deposits_of_200001-500000_trx": "누적 입금액 200001-500000 trx, 자동으로 VIP7로 업그레이드, 일일 인출 23%",
    "accumulated_deposits_of_500001-1000000_trx": "누적 입금액 500001-1000000 trx, VIP8로 자동 업그레이드, 일일 인출 26%",
    "accumulated_deposits_of_1000001-1600000_trx": "누적 입금액 1000001-1600000 trx, 자동으로 VIP9로 업그레이드, 일일 인출 32%",
    "accumulated_deposits_of_1600001-9999999_trx": "누적 입금액은 1600001-9999999 trx이며 자동으로 VIP10으로 업그레이드되며 일일 출금율은 38%입니다.",
    "automatically_upgrade_vip_level": "VIP 레벨로 자동 업그레이드",
    "the_system_will_determine_your_total_accumulated_deposit": "[시스템이 총 누적 입금액을 결정하고 자동으로 적절한 레벨로 업그레이드합니다.] 예: 첫 번째 충전은 500TRX, 두 번째 충전은 2001TRX, [누적 충전은 2501TRX] 시스템이 자동으로 VIP2로 업그레이드되고 VIP2가 됩니다. 레벨의 일일 수입은 10% 등입니다.",
    "previous": "이전의",
    "next": "다음",
    "close": "닫다",
    "current_yield": "현재 수익률",
    "miner_is_running": "광부가 실행 중입니다.",
    "view_all": "모두 보기",
    "earning_times": "정량화 시간",
    "singapore_time_after": "싱가포르 시간 이후",
    "every_day": "매일",
    "daily_rate": "일일 요금",
    "receive": "받다",
    "basic_investment": "기본 투자",
    "record": "기록",
    "current_level": "현재 레벨",
    "deposit_quantity": "입금액",
    "invitation_reward": "초대 보상",
    "deposit_now": "지금 입금하세요",
    "daily_income": "일일 수입",
    "daily_withdrawals": "일일 인출",
    "valid_period": "유효기간",
    "remaining_days": "남은 일수",
    "status": "상태",
    "running": "달리기",
    "quantity": "수량",
    "amount": "양",
    "return": "반품",
    "Return": "반품",
    "profit": "이익",
    "equity_pledge": "지분담보",
    "end": "끝",
    "invite_your_contacts": "연락처 초대",
    "sign_up_and_recharge_to_get_great_rewards": "가입하고 충전하여 큰 보상을 받으세요",
    "invitation_codes": "초대 코드",
    "share_invitation_links_to_social_platforms": "소셜 플랫폼에 초대 링크 공유",
    "build_a_team_and_get_great_rewards": "팀을 구성하고 큰 보상을 받으세요",
    "copy_successfully": "성공적으로 복사되었습니다.",
    "copy_link": "링크 복사",
    "app_services": "앱 서비스",
    "wallet_funds_conversion": "옮기다",
    "change_password": "보안센터",
    "notification": "공고",
    "logout": "로그아웃",
    "my_promotion": "팀",
    "bonus": "보너스",
    "bonus_record": "커미션 기록",
    "number_of_teams": "총 인원",
    "valid_number_of_invites": "유효한 초대",
    "team_cycle_investment_details": "팀사이클 투자내역",
    "total_people": "총 인원",
    "contribution": "수수료",
    "invite_friends": "친구 초대",
    "go_now": "지금 가세요",
    "in_progress": "진행 중",
    "number_of_investments": "투자 건수",
    "total_investment": "총 투자액",
    "subordinate_investment_amount": "하위투자금액",
    "confirm": "확인하다",
    "Confirm": "확인하다",
    "last_login_time": "마지막 로그인 시간",
    "records": "기록",
    "transfer_to_smart_account": "{{type}} 계정으로 이체",
    "transfer_to_quantitative_account": "수량 계정으로 이체",
    "transfer_to_smart_account_2": "스마트 어카운트로 이체",
    "address": "주소",
    "copy": "복사",
    "please_do_not_top_up_other_non_bnb_assets": "{{method}} 이외의 다른 자산을 충전하지 마세요. 충전 후 클릭해주세요.",
    "submit_successfully": "충전 완료",
    "submit": "제출하다",
    "exchange_rate": "환율",
    "if_the_account_has_not_been_received_for_a_long_time": "오랫동안 계좌를 받지 못한 경우, 다음을 클릭해주세요.",
    "again": "다시",
    "recharge_record": "충전기록",
    "successful": "성공적인",
    "purchase": "구입",
    "Purchase": "구입",
    "transaction_record": "거래기록",
    "all": "모두",
    "recharge": "재충전",
    "giveaway": "경품",
    "withdrawal_failed": "출금 실패",
    "promotion_account": "지갑 계정",
    "basic_account": "유연한 계정",
    "amount_to_be_converted": "변환할 금액",
    "withdrawable_balance": "인출 가능 잔액",
    "withdrawals_arebased_one_singapore_time_and_are_withdrawn_once_a_day": "출금은 싱가포르 시간 기준으로 하루에 한 번 출금됩니다.",
    "choose_withdrawal_account": "출금계좌 선택",
    "choose": "선택하다",
    "digital_currency_wallet": "디지털 화폐 지갑",
    "cancel": "취소",
    "password": "비밀번호",
    "actual_withdrawal": "실제 출금",
    "withdrawal_record": "출금기록",
    "fee": "요금",
    "to_account": "계정에",
    "account_security": "계정 보안",
    "modify_login_password": "로그인 비밀번호 수정",
    "modify_payment_password": "결제 비밀번호 수정",
    "transfer_to_basic_account": "기본계좌로 이체",
    "transfer_to_promotion_account": "프로모션 계좌로 이체",
    "there_are_two_investment_models_please_choose_according_to_your_needs": "두 가지 투자 모델이 있습니다. 필요에 따라 선택하세요.",
    "deposit_into_this_account_for_pledge_mining": "서약 채굴을 위해 이 계좌에 입금하세요. 첫 입금 시간부터 24시간 이후 수동으로 수입을 받을 수 있으며, 만료 시 원금을 돌려받을 수 있습니다.",
    "recharge_to_the_promotion_account_to_purchase_periodic_mining_machines": "정기적인 마이닝 머신을 구매하기 위해 프로모션 계정으로 재충전하면 다양한 주기로 수입을 수집하고 만료 시 원금과 수입을 반환할 수 있습니다.",
    "add_digital_currency_wallet": "디지털 화폐 지갑 추가",
    "address_type": "주소 유형",
    "wallet_address": "지갑 주소",
    "start_with": "다음으로 시작",
    "digit_wallet_address": "숫자 지갑 주소",
    "set_payment_password": "결제 비밀번호 설정",
    "continue": "계속하다",
    "are_you_sure_sign_out": "확실히 로그아웃하시겠습니까?",
    "wallet_registration": "지갑 등록",
    "decentralized_wallet_download_address": "탈중앙화 지갑 다운로드 주소",
    "tutorial": "튜토리얼 보기",
    "buy_currency": "통화 구매",
    "common_problem": "일반적인 문제",
    "how_to_become_a_partner_of_trontin_mining_company": "TRONRICO 광산 회사의 파트너가 되는 방법",
    "to_become_our_partner": "파트너가 되려면 등록만 하면 56,000TRX를 무료로 얻을 수 있으며 활성화 후 180일 이내에 인출할 수 있습니다.",
    "what_to_do_after_registration": "등록 후 해야 할 일",
    "you_need_to_log_in_to_your_account": "귀하의 계정에 로그인해야 하며 마이닝 기능이 자동으로 활성화됩니다. 일일 수입을 늘리려면 예금을 하세요",
    "what_are_the_minimum_deposit_and_withdrawal_amounts": "최소 입출금 금액은 얼마입니까?",
    "the_minimum_deposit_is_10trx": "최소 입금액은 10TRX, 최소 출금 금액은 5TRX입니다.",
    "how_to_withdraw_money_what_should_i_do": "돈을 인출하는 방법, 어떻게 해야 하나요?",
    "log_in_to_your_account": "귀하의 계정에 로그인하십시오. '출금' 페이지로 들어갑니다. '출금' 버튼을 클릭하세요. TRX 지갑 주소를 바인딩하고 최초 결제 비밀번호를 설정한 후 출금 금액을 지정하고 지갑 주소를 선택한 후 출금을 클릭하세요.",
    "what_is_level_and_how_do_i_increase_it": "레벨이란 무엇이고 어떻게 높이나요?",
    "tron_marketing_uses_level_design": "TRON 마케팅은 레벨 디자인을 사용합니다. 사용자가 더 많은 전기를 구매할수록 레벨이 높아집니다. 수익성은 인수 수준에 직접적으로 좌우됩니다. VIP1의 초기 사용자가 하루에 8%를 벌면, 채굴 가능한 전력이 증가함에 따라 가장 수익성이 높은 VIP10은 하루에 36%를 벌 수 있습니다.",
    "i_made_a_withdrawal_request_but_it_hasnt_arrived_in_my_wallet_yet": "출금을 요청했는데 아직 지갑에 들어오지 않았습니다",
    "all_requests_are_handled_by_a_set_of_system_automatic_modes": "모든 요청은 일련의 시스템 자동 모드에 의해 처리됩니다. 요청은 일반적으로 1분 이내에 처리됩니다.",
    "what_payment_systems_does_this_project_have_for_deposits": "이 프로젝트에는 예금에 대한 어떤 지불 시스템이 있습니까?",
    "you_can_deposit_using_a_payment_system_like_this": "이와 같은 결제 시스템을 사용하여 입금할 수 있습니다.",
    "what_payment_systems_does_this_project_have_for_withdrawals": "이 프로젝트에는 출금을 위한 어떤 결제 시스템이 있나요?",
    "you_can_withdraw_money_using_this_payment_system": "이 결제 시스템을 사용하여 돈을 인출할 수 있습니다.",
    "how_to_change_account_password": "계정 비밀번호를 변경하는 방법",
    "click_the_change_password_function_on_the_my_tab_on_the_lower_right": "페이지 오른쪽 하단 '내' 탭에서 '비밀번호 변경' 기능을 클릭하세요. 변경하려면 이전 비밀번호와 새 비밀번호를 입력하세요.",
    "what_if_i_forget_my_withdrawal_password": "출금 비밀번호를 잊어버린 경우 어떻게 하나요?",
    "please_use_the_email_address_you_reserved_when_registering_to_send_username": "등록 시 예약한 이메일 주소(사용자 이름: .... '출금 비밀번호 찾기')를 공식 이메일 주소: tronrico68@gmail.com으로 보내주세요.",
    "what_should_i_do_if_i_need_to_change_my_wallet_address": "지갑 주소를 변경해야 할 경우 어떻게 해야 하나요?",
    "please_use_the_email_address_you_reserved_when_registering_to_send": "등록 시 예약한 이메일 주소(사용자 이름 및 새 지갑 주소)를 공식 이메일 주소(tronrico68@gmail.com)로 보내주세요.",
    "how_to_top_up": "충전 방법",
    "to_make_a_deposit_you_need_to_log_into_your_account": "입금을 하려면 계정에 로그인하고 채굴 페이지로 이동해야 합니다. 상단에 '입금' 버튼이 보입니다. 입금 페이지에서 입금하려는 통화를 선택하세요. 그 후에는 암호화폐를 보내야 하는 지갑 주소가 제공됩니다. 입금은 1분 이내에 적립됩니다.",
    "your_account_may_be_frozen_under_the_following_circumstances": "다음과 같은 상황에서는 귀하의 계정이 동결될 수 있습니다",
    "trontin_takes_a_responsible_approach_to_protect_the_personal_data": "TRONTIN은 사용자의 개인 데이터와 웹사이트의 보안을 보호하기 위해 책임감 있는 접근 방식을 취합니다. 사용자 개인정보 수집 시도, 웹사이트 코드 해킹, 제휴 프로그램의 부적절한 사용, 해킹을 통한 사용자 계정 접근, 파트너 수를 인위적으로 늘리기 위한 제3자 서비스 이용, 웹사이트 또는 사용자를 모욕하는 행정 행위 등은 사용자 계정 정지의 사유가 될 수 있습니다.",
    "I_didnt_find_the_answer_to_my_question_what_should_I_do": "질문에 대한 답을 찾지 못했습니다. 어떻게 해야 하나요?",
    "contact_online_customer_service_or_telegram_customer_service": "온라인 고객센터나 텔레그램 고객센터에 문의하세요.",
    "how_to_deposit": "입금방법",
    "click_deposit_on_the_platform_page": "플랫폼 페이지에서 '입금'을 클릭하세요.",
    "choose_to_transfer_to_the_basic_account_or_promotion_account": "기본 계정 또는 프로모션 계정으로 이체하도록 선택하세요. 입력 후 입금할 통화를 선택할 수 있습니다.",
    "select_a_top_up_enter_to_copy_the_deposit_address": "충전을 선택하세요. 입금주소를 복사하려면 입력하세요.",
    "open_your_crypto_wallet_select_the_corresponding_currency_and_transfer": "암호화폐 지갑을 열고 해당 통화를 선택한 후 전송하세요.",
    "paste_the_address_of_the_receiving_wallet": "받는 지갑 주소를 붙여넣으세요.",
    "enter_the_amount_you_plan_to_deposit_into_your_account": "귀하의 계좌에 입금할 금액을 입력하세요.",
    "click_next_and_confirm_completion": "'다음'을 클릭하고 완료를 확인하세요.",
    "return_to_the_platform_and_click_the_recharge_button_note_the_last_step": "플랫폼으로 돌아가서 '충전' 버튼을 클릭하세요. 참고: 마지막 단계는 플랫폼으로 돌아가 '충전 완료'를 클릭하는 것입니다. 재충전이 완료되면 시간 내에 계정에 적립됩니다.",
    "how_to_withdraw_money": "돈을 인출하는 방법",
    "select_the_exit_button_on_the_homepage_then_use_your_exchange_wallet": "홈페이지에서 나가기 버튼을 선택한 후 거래소(지갑)를 이용하여 TRC20 주소를 찾아 복사하여 플랫폼에 바인딩하여 나가면 플랫폼에서 TRX 통화를 정산합니다. 출금이 성공하면 1~3분 안에 계좌에 적립됩니다.",
    "if_you_need_help_please_click_online_customer_service": "(도움이 필요하시면 온라인 고객센터를 클릭해주세요)",
    "announcement": "발표",
    "my_message": "내 메시지",
    "company_mining_and_revenue": "【회사 채굴 및 수익】",
    "registered_members_will_be_given_56000trx_as_pledged_equity": "등록된 회원에게는 56,000TRX가 담보로 제공됩니다. 계정을 활성화하려면 최소 10TRX의 입금액과 최소 5TRX의 출금이 필요합니다. 수입은 인출되거나 채굴에 투자될 수 있습니다.",
    "basic_investment_deposit_into_the_basic_account_and_automatically_join_the_contract_for_180_days": "[기본투자] 기본계좌에 입금하시면 자동으로 180일간 계약에 가입됩니다. [계약기간은 첫 입금시부터 적용됩니다.] 기본 계정은 매일 채굴 수익이 발생하며, 매일 누적 투자 금액의 9%~38%를 받을 수 있습니다. 당사 플랫폼 시스템의 결제 시간은 사용자의 첫 구매 시점을 기준으로 24시간 이후입니다.",
    "for_example_the_first_purchase_time_is_1500_and_the_income_will_be_obtained_at_1500_the_next_day": "[예: 첫 번째 구매 시간은 15:00이고 다음 날 15:00에 수입이 발생합니다.] 수입은 자동으로 계좌에 입금되지 않으며 매일 수입을 클릭해야 합니다. 채굴이 들어가면 적극적으로 클릭해서 수입을 받아보세요.",
    "accumulated_deposits_of_10_2500_trx_automatically_upgraded_to_vip1_daily_withdrawal": "10-2500 trx의 누적 입금액, VIP1로 자동 업그레이드, 일일 출금율 9%.",
    "accumulated_deposits_of_2501_10000_trx_automatically_upgraded_to_vip2_10_daily_withdrawal": "2501-10000 trx의 누적 입금액, VIP2로 자동 업그레이드, 일일 인출 10%.",
    "accumulated_deposits_of_10001_20000_trx_automatically_upgraded_to_vip3_daily_withdrawal": "10001-20000 trx의 누적 입금액, 자동으로 VIP3로 업그레이드, 일일 출금율 11%.",
    "accumulated_deposits_of_20001_50000_trx_automatically_upgraded_to_vip4_daily_withdrawal": "20001-50000 trx의 누적 예금, VIP4로 자동 업그레이드, 일일 인출 13%.",
    "accumulated_deposits_of_50001_100000_trx_automatically_upgraded_to_vip5_daily_withdrawal": "50001-100000 trx의 누적 입금액, VIP5로 자동 업그레이드, 일일 인출 15%.",
    "accumulated_deposits_of_100001_200000_trx_automatically_upgraded_to_vip6_daily_withdrawal": "100001-200000 trx의 누적 입금액, VIP6으로 자동 업그레이드, 일일 인출율 17%.",
    "accumulated_deposits_of_200001_500000_trx_automatically_upgraded_to_vip7_daily_withdrawal": "200001-500000 trx의 누적 입금액, 자동으로 VIP7로 업그레이드, 일일 출금율 23%.",
    "accumulated_deposits_of_500001_1000000_trx_automatically_upgraded_to_vip8_daily_withdrawal": "500001-1000000 trx의 누적 입금액, VIP8로 자동 업그레이드, 일일 출금율 26%.",
    "accumulated_deposits_of_1000001_1600000_trx_automatically_upgraded_to_vip9_daily_withdrawal": "1000001-1600000 trx의 누적 입금액, 자동으로 VIP9로 업그레이드, 일일 출금율 32%.",
    "accumulated_deposits_of_1600001_9999999_trx_automatically_upgraded_to_vip10_daily_withdrawal": "누적 입금액은 1600001-9999999 trx이며 자동으로 VIP10으로 업그레이드되며 일일 출금율은 38%입니다.",
    "automatically_upgrade_vip_level_instructions": "VIP 레벨과 지침을 자동으로 업그레이드합니다.",
    "the_system_will-determine_your_total_accumulated_deposit": "시스템은 귀하의 총 누적 입금액을 결정하고 자동으로 적절한 레벨로 업그레이드합니다. 예를 들어 첫 번째 재충전은 500 TRX이고 두 번째 재충전은 2001 TRX이며 [누적 재충전은 2501 TRX] 시스템이 자동으로 VIP2로 업그레이드되며 VIP2를 갖게 됩니다. 해당 레벨의 일일 수입은 10% 등입니다.",
    "share_invitation_reward_description": "초대 보상 설명 공유",
    "invite_friends_description": "프로모션 링크로 친구를 초대하면 수입의 13%가 즉시 인출됩니다. 수백 명의 사람들에게 Trontin에 가입하도록 추천하면 백만장자가 될 수 있습니다. 최대 18% (커미션 레벨 13% + 레벨 2 2% + 레벨 3 1%) 1: 예: 사용자 A를 초대하고 사용자 A가 10,000TRX를 입금하고 투자하면 보상으로 1,300TRX를 받게 됩니다. 사용자 A가 사용자 B를 초대하고, 사용자 B가 10,000TRX를 입금하고 투자하면 보상으로 200TRX를 받게 됩니다. 사용자 B는 다시 한번 사용자 C에게 영감을 줍니다. 사용자 C는 10,000TRX를 예치하고 투자합니다. 보상으로 100TRX를 받게 됩니다. 프로모션 수입은 귀하의 프로모션 계정으로 직접 이체됩니다. 직접 돈을 인출하거나 금융상품 판촉 플랫폼 링크를 구매하여 판촉 수입을 얻고 자체 팀원을 육성할 수 있습니다. (판촉은 판촉 수익의 일정 비율을 얻을 수 있습니다.) 가족과 친구, WhatsApp, Facebook 그룹, YouTube, Instagram, Twitter, Telegram 그룹 또는 모든 소셜 미디어 플랫폼에서 초대 링크를 홍보하세요. (초대 링크: 플랫폼에 로그인하고 공유 버튼을 클릭하여 링크를 복사하세요. 링크를 친구나 소셜 플랫폼에 보내세요. 매일 투자 금액의 최소 8%-36%를 인출할 수 있는 최고의 투자 마이닝 플랫폼이라고 알려 주세요.)",
    "official_platform_description": "TRONRICO 채굴 풀의 공식 플랫폼",
    "the_official_platform_of_trontin_mining_pool": "TRONRICO라고 불리는 TRONRICO 채굴 풀의 공식 플랫폼은 TRON 블록체인 금융 센터의 인증을 받았습니다. 우리는 공식적이고 합법적인 TRON 운영자입니다. 고객에게 가장 안정적이고 안전하며 효율적인 서비스를 제공하세요! 2020년부터 당사와 TRON 본사는 3,000개 이상의 위조 플랫폼을 단속했습니다. 가짜 플랫폼을 발견한 경우 당사에 연락하시면 공식 인증 플랫폼인 TRONRICO를 단속하기 위해 TRON 본사와 협력할 것입니다.",
    "trontin_msb_registration_certificate": "TRONRICO MSB 등록증",
    "tax_registration_certificate": "세금 등록 증명서",
    "TRONTIN_White_Paper": "TRONRICO 백서",
    "click_to_view_trontin_white_paper": "TRONRICO 백서를 보려면 클릭하세요.",
    "news_report": "뉴스 보도",
    "trontin_launches_revolutionary_cloud_mining_platform": "TRONRICO, 혁신적인 클라우드 마이닝 플랫폼 출시",
    "click_to_view": "보려면 클릭하세요",
    "contact_us": "저희에게 연락주세요",
    "company_website": "회사 웹사이트",
    "company_telegram": "회사 전보",
    "telegram_channel": "텔레그램 채널",
    "email": "이메일",
    "company_address": "8 Marina Blvd, Tower 1, Floor 31st and 32nd, 마리나 베이 파이낸셜 센터 싱가포르",
    "invite_friends_to_recharge": "해당 리베이트를 받으려면 재충전하도록 친구를 초대하세요.",
    "level": "수준",
    "rebate": "할인",
    "price": "가격",
    "available_balance": "사용 가능한 잔액",
    "limit_quantity": "수량 제한",
    "purchase_quantity": "구매 수량",
    "daily_interest_rate": "일일 이자율",
    "real_time": "실시간",
    "participate_in_investment": "투자에 참여하세요",
    "project_rules": "프로젝트 규칙",
    "repayment_method": "상환방법",
    "repay_principal_and_interest_at_maturity": "만기시 원리금 상환",
    "unit_price": "단가",
    "daily_rate_of_return": "일일 수익률",
    "investment_cycle": "투자주기",
    "expected_profit": "기대 이익",
    "project_introduction": "프로젝트 소개",
    "tron_love_mining_machine": "TRON LOVE 채굴기 짧은 주기와 안정적인 수입이 좋은 선택입니다. 일일 소득은 4.57%-4.7%이고, 주기는 3일이다. 주기가 끝나면 원금 및 주기 동안 얻은 수입과 함께 [프로모션 계정]으로 직접 분배됩니다. 직접 돈을 인출할 수 있습니다. 이 플랫폼은 TRX, ETH, BNB, DOGE, USDT(ERC20 TRC20 BEP20) 투자 채굴을 지원합니다.",
    "notice": "알아채다",
    "confirmation_transfer": "정말로 이전하시겠습니까?",
    "home": "집",
    "invest": "투자하다",
    "mine": "나",
    "Account_6_16_characters_no_spaces_allowed": "계정, 6~16자, 공백은 허용되지 않습니다.",
    "Area_code_plus_mobile_number": "지역번호 + 휴대폰번호",
    "recommendation_code": "추천코드",
    "global_partners": "글로벌 파트너",
    "email_verification_code": "이메일 인증 코드",
    "otp": "OTP",
    "enter_a_new_password": "새 비밀번호를 입력하세요",
    "wallet_found": "지갑 자금",
    "need_traded": "거래 필요",
    "already_traded": "이미 거래됨",
    "number_of_withdrawals": "인출 횟수",
    "allow_withdrawal": "출금 허용",
    "yes": "예",
    "minimum_withdrawal": "최소 인출",
    "enter_withdrawal_amount": "출금금액을 입력하세요",
    "please_enter": "입력해주세요",
    "loading": "로드 중",
    "confirm_password": "비밀번호 확인",
    "original_payment_password": "기존 결제 비밀번호",
    "invest_product": "현명한 투자",
    "purchased": "구입한",
    "total_income": "총수입",
    "principal": "주요한",
    "total_principal_and_interest": "원금과 이자 총액",
    "how_to_deposit_funds_on_the_ai_trading_platform": "1. AI 트레이딩 플랫폼에 자금을 입금하는 방법",
    "step_1_get_your_deposit_address": "1단계: 입금 주소 받기",
    "log_into_your_ai_trading_account": "AI 거래 계좌에 로그인하세요",
    "head_to_the_deposit_page": "\"입금\" 페이지로 이동하세요",
    "choose_your_cryptocurrency": "암호화폐(TRC20, BEP20, BNB 또는 TRX)를 선택하세요.",
    "generate_the_deposit_address_and_copy_it_to_your_clipboard": "입금 주소를 생성하고 클립보드에 복사하세요.",
    "step_2_send_funds_from_your_wallet": "2단계: 지갑에서 자금 보내기",
    "open_your_crypto_wallet_app": "암호화폐 지갑 앱(예: MetaMask, Trust Wallet)을 엽니다.",
    "select_the_correct_network": "올바른 네트워크(TRC20 또는 BEP20)를 선택하세요.",
    "paste_the_copied_deposit_address_as_the_recipient": "복사한 입금주소를 수취인으로 붙여넣기",
    "input_the_amount_you_want_to_deposit_and_confirm_the_send": "입금하고 싶은 금액을 입력하고 송금을 확인하세요",
    "wait_for_confirmation_on_the_blockchain": "블록체인에서 확인을 기다립니다(보통 몇 분).",
    "step_3_confirm_your_deposit": "3단계: 입금 확인",
    "go_to_transaction_history_to_track_progress": "진행 상황을 추적하려면 \"거래 내역\"으로 이동하세요.",
    "click_complete_deposit_once_transaction_is_verified": "거래가 확인되면 \"입금 완료\"를 클릭하세요.",
    "if_your_deposit_doesnt_reflect_within_30_minutes_reach_out_to_support": "30분 이내에 입금액이 반영되지 않으면 지원팀에 문의하세요.",
    "how_to_withdraw_funds_from_the_ai_trading_platform": "2. AI 트레이딩 플랫폼에서 자금을 인출하는 방법",
    "step_1_choose_your_withdrawal_option": "1단계: 출금 옵션을 선택하세요",
    "log_in_and_open_the_fund_management_tab": "로그인하고 \"자금 관리\" 탭을 엽니다.",
    "click_withdraw_and_pick_your_preferred_network": "\"철회\"를 클릭하고 선호하는 네트워크(TRC20\/BEP20\/BNB\/TRX)를 선택하세요.",
    "step_2_fill_in_withdrawal_information": "2단계: 출금 정보 입력",
    "enter_the_amount_you_want_to_withdraw": "인출하려는 금액을 입력하세요.",
    "paste_your_wallet_address": "지갑 주소를 붙여넣으세요(올바른 네트워크와 일치하는지 확인하세요)",
    "complete_any_required_security_verification_steps": "필요한 보안 확인 단계를 완료하세요.",
    "step_3_final_confirmation_and_submission": "3단계: 최종 확인 및 제출",
    "double_check_all_the_details_before_submitting": "제출하기 전에 모든 세부정보를 다시 확인하세요.",
    "withdrawals_usually_process_within_30_minutes": "출금은 일반적으로 30분 이내에 처리됩니다.",
    "track_the_progress_under_withdrawal_records": "\"철회 기록\"에서 진행 상황을 추적하세요.",
    "important_notes": "중요 사항:",
    "double_check_your_wallet_address_crypto_transfers_cant_be_undone": "❗️ 지갑 주소를 다시 확인하세요. 암호화폐 전송은 취소할 수 없습니다.",
    "make_sure_to_meet_the_platforms_minimum_withdrawal_limit": "❗️ 플랫폼의 최소 출금 한도를 반드시 준수하세요.",
    "delays_can_occur_due_to_high_network_traffic": "❗️ 네트워크 트래픽이 많아 지연이 발생할 수 있습니다.",
    "contact_live_chat_support_anytime_if_you_face_any_issues": "❗️ 문제가 발생하면 언제든지 실시간 채팅 지원에 문의하세요.",
    "if_you_need_more_help_our_customer_service_team_is_available_24_7_via_live_chat": "도움이 더 필요하시면 실시간 채팅을 통해 연중무휴 24시간 고객 서비스 팀에 문의하세요.",
    "what_is_chain_quant": "1. 체인퀀트란 무엇인가요?",
    "chain_quant_description": "Chain Quant는 인공 지능과 블록체인 기술을 결합하여 암호화폐 시장 동향을 분석하고 자동화된 거래를 실행하는 AI 기반 정량 거래 플랫폼입니다. 이를 통해 사용자는 최소한의 노력으로 안정적인 수익을 얻을 수 있습니다.",
    "core_services_of_chain_quant": "2. 체인퀀트의 핵심 서비스",
    "quantitative_arbitrage_trading": "정량 차익 거래\n – 여러 거래소 간의 가격 차이를 활용하여 위험도가 낮은 수익을 창출합니다.\n – AI 기반 시스템은 연중무휴 24시간 시장을 추적하고 이상적인 순간에 거래를 실행합니다.",
    "ai_auto_trading": "AI 자동 거래\n – 추세 추종 및 그리드 시스템과 같은 사전 구축된 전략을 사용하는 완전 자동화된 봇\n – 알고리즘은 위험을 제한하고 수익을 향상시키기 위해 실시간으로 조정됩니다.",
    "fund_security": "자금 보안\n – 콜드월렛과 핫월렛 분리로 다계층 암호화 구현\n – 스마트 계약 감사는 투명하고 변조 방지된 운영을 제공합니다.",
    "instant_deposits_withdrawals": "즉시 입출금\n – 1~3분 이내 입금 처리 (TRC20\/BEP20 지원)\n – 출금은 빠르고 자동화되어 수동 검토가 필요하지 않습니다.",
    "multiple_trading_modes": "다양한 거래 모드\n – 초보자 모드: 위험도가 낮고 완전 무간섭 거래\n – Pro 모드: 숙련된 사용자를 위한 고급 도구 및 전략 제어",
    "how_to_register_and_start_using_chain_quant": "3. Chain Quant를 사용하여 등록하고 시작하는 방법은 무엇입니까?",
    "sign_up": "1단계: 가입: \n Chain Quant 공식 홈페이지에 접속하여 '무료 등록'을 클릭한 후 이메일이나 전화로 인증하세요.",
    "deposit_and_activate_ai_trading": "2단계: 입금 및 AI 거래 활성화:\n USDT(TRC20 또는 BEP20)로 계정에 자금을 조달하세요.\n 예치된 자금은 Chain Quant 거래 잔액으로 전환됩니다.",
    "launch_ai_trading": "3단계: AI 거래 시작:\n 개인 AI 봇을 활성화하려면 “Quantitative Trading”을 클릭하세요.\n 시스템은 일일 수익 창출을 목표로 자동 거래를 시작합니다.",
    "how_to_earn_with_chain_quant": "Chain Quant로 수익을 창출하는 방법은 무엇입니까?",
    "arbitrage_profits": "– 방법 1: 차익거래 이익:\n AI는 가격 격차를 발견합니다(예: 한 거래소에서는 낮은 가격에 구매하고 다른 거래소에서는 높은 가격에 판매)",
    "ai_trading_returns": "– 방법 2: AI 거래 수익:\n 알고리즘은 추세 데이터를 사용하여 자동으로 낮은 가격에 구매하고 높은 가격에 판매합니다.",
    "referral_rewards": "– 방법 3: 추천 보상:\n 다른 사람을 초대하고 거래에서 커미션을 받으세요",
    "why_choose_chain_quant": "5. Chain Quant를 선택하는 이유는 무엇입니까?",
    "ai_automation": "✓ 24\/7 AI 자동화 – 거래 기회를 절대 놓치지 마세요",
    "military_grade_security": "✓ 군사급 보안 – 콜드 지갑 및 최상위 암호화",
    "dual_trading_modes": "✓ 듀얼 트레이딩 모드 – 초보자와 전문가 모두에게 적합",
    "reliable_returns": "✓ 안정적인 수익 – 실시간 시장 분석을 바탕으로",
    "free_daily_withdrawals": "✓ 무료 일일 인출 – 매일 한 번 수수료 없이 인출할 수 있습니다.",
    "start_your_journey_with_chain_quant": "오늘 Chain Quant와 함께 여행을 시작하고 지능형 자동화가 암호화폐의 미래를 위해 작동하도록 하세요!",
    "chain_quant_ltd": "체인퀀트(주)",
    "driving_the_future_of_ai": "AI, 빅데이터 및 자동화의 미래를 주도하다",
    "at_chain_quant_we_harness": "Chain Quant에서는 최첨단 인공 지능, 빅 데이터 및 고급 자동화의 힘을 활용하여 글로벌 디지털 혁신을 가속화합니다. 우리의 임무는 비즈니스 성장을 촉진하고 더욱 연결되고 효율적인 미래를 형성하는 지능적이고 확장 가능한 솔루션으로 조직에 역량을 부여하는 것입니다.",
    "core_services": "핵심 서비스",
    "ai_solutions": "AI 솔루션 – 머신 러닝과 딥 러닝을 통합하여 운영을 최적화하고 효율성을 극대화합니다.",
    "big_data_analytics": "빅 데이터 분석 – 현명한 의사 결정과 지속 가능한 성장을 위한 강력한 데이터 인프라와 실행 가능한 통찰력을 제공합니다.",
    "automation_integration": "자동화 통합 – 비용을 절감하고 중복을 제거하며 생산성을 높이는 맞춤형 자동화 워크플로우를 설계합니다.",
    "strategic_industry_consulting": "전략적 산업 컨설팅 – 미래 지향적인 기술 중심의 시장 정보를 제공하여 디지털 혁신 전략을 안내합니다.",
    "our_core_values": "우리의 핵심 가치",
    "innovation_driven": "혁신 중심 – 우리는 현 상태에 도전하고 기술로 가능한 것의 경계를 넓힙니다.",
    "client_centric": "고객 중심 – 모든 솔루션은 고객의 고유한 요구 사항과 진화하는 목표에 맞게 조정됩니다.",
    "integrity_accountability": "정직성 및 책임 – 투명성과 신뢰는 우리가 구축하는 모든 파트너십의 기초입니다.",
    "vision": "비전",
    "to_lead_globally_in_ai": "AI 및 데이터 중심 혁신을 전 세계적으로 선도하여 중소기업이 디지털 경제에서 성공할 수 있도록 지원하는 동시에 책임감 있는 기술 사용과 윤리적 변혁을 촉진합니다.",
    "innovation_philosophy": "혁신 철학",
    "we_pioneer_the_smart_ecosystem": "우리는 글로벌 시장 전반에 걸쳐 원활한 협업, 투명성 및 고급 인텔리전스를 가능하게 하는 블록체인으로 보호되는 산업 간 디지털 인프라인 스마트 생태계를 개척합니다.",
    "corporate_information": "기업정보",
    "legal_name": "법적 이름",
    "company_number": "회사번호",
    "incorporation_date": "설립일",
    "registered_address": "등록된 주소",
    "for_official_filings": "공식 제출 및 검증에 대해서는 영국 정부 등록 기관을 참조하십시오.",
    "uk_government_registry": "영국 정부 등록부",
    "secure_and_fast_transactions": "24시간 출금",
    "withdraw_account": "출금계좌",
    "withdrawal_method": "출금방법",
    "quota": "할당량 1 - 650000",
    "enter_withal_address": "출금주소",
    "enter_password": "비밀번호",
    "handling_fees": "수수료 처리",
    "actually_received": "실제로 수신",
    "press_release": "보도 자료",
    "relese_date": "2024년 2월 3일",
    "we_are_thrilled_to_announce": "2024년 평균 15일에 Chain Quant의 출시를 공식적으로 발표하게 되어 기쁩니다!",
    "Chain_Quant_is_a_global_powerhouse": "Chain Quant는 AI 기반 정량 거래 및 암호화폐 차익거래 분야의 글로벌 강자로서 수익성을 극대화하고 디지털 금융의 발전을 지원하는 초고속 지능형 거래 솔루션을 제공합니다.",
    "platform_highlights": "플랫폼 하이라이트",
    "seamless_multi_exchange_integration": "원활한 다중 교환 통합 – Binance, Coinbase, Huobi 등 지원",
    "ultra_fast_arbitrage_execution": "초고속 차익거래 실행 – 1초 미만의 매수\/최저가 매도 기회",
    "fully_autonomous_trading": "완전 자율 거래 – 100% AI 기반, 수동 입력 불필요",
    "be_among_the_first_to_experience": "차세대 거래를 가장 먼저 경험해보세요.",
    "register_now": "지금 등록하고 스마트 금융에서 정확성과 성과가 만나는 Chain Quant로 미래를 지배하세요.",
    "chain_quantity_quantitative_investment_program": "체인 수량 정량 투자 프로그램. 자동화된 수동 소득을 위한 계층형 VIP 시스템",
    "vip_levels_rewards": "VIP 레벨 및 보상",
    "vip_level_deposit_range_daily_return": "VIP 레벨 예금 범위 (USDT) 일일 수익률 (%)",
    "vip_1_deposit_range_daily_return": "VIP 1 $10 – $199 2.46% – 2.52%",
    "vip_2_deposit_range_daily_return": "VIP 2 $200 – $999 2.71% – 2.72%",
    "vip_3_deposit_range_daily_return": "VIP 3 $1,000 – $4,999 2.92% – 2.98%",
    "vip_4_deposit_range_daily_return": "VIP 4 $5,000 – $9,999 3.15% – 3.19%",
    "vip_5_deposit_range_daily_return": "VIP 5 $10,000 – $14,999 3.36% – 3.40%",
    "vip_6_deposit_range_daily_return": "VIP 6 $15,000 – $29,999 3.69% – 3.73%",
    "vip_7_deposit_range_daily_return": "VIP 7 $30,000 – $59,999 3.92% – 3.97%",
    "vip_8_deposit_range_daily_return": "VIP 8 $60,000 – $99,999 4.25% – 4.27%",
    "vip_9_deposit_range_daily_return": "VIP 9 $100,000 – $149,999 4.54% – 4.58%",
    "vip_10_deposit_range_daily_return": "VIP 10 $150,000 – $200,000 5.01% – 5.10%",
    "chain_quantity_operates_on_progressive_model": "Chain Quantity는 확장성과 단순성을 위해 설계된 진보적인 투자 모델을 기반으로 운영됩니다.",
    "start_with_10_usdt_activate_quantity_1": "수량 1을 활성화하려면 단 10 USDT로 시작하세요.",
    "upgrade_to_quantity_2_by_adding_989_usdt": "989 USDT를 추가하여 수량 2로 업그레이드하세요. (총계: 999 USDT)",
    "minimum_deposit_10_usdt": "낮은 예치금: 10 USDT",
    "minimum_withdrawal_2_usdt": "최소 출금: 2 USDT",
    "example_investing_1000_usdt_unlocks_vip_3": "1,000 USDT를 투자하면 VIP 3이 잠금 해제됩니다.",
    "daily_earnings_example": "일일 수익 = 1,000 × 2.92% = 29.2 USDT",
    "program_highlights": "프로그램 하이라이트",
    "validity_per_vip_tier": "⏳ VIP 등급당 180일 유효기간",
    "daily_system_reset": "🕛 매일 00:00(SGT)에 시스템 재설정",
    "automatic_upgrades": "🔓 다음 임계값에 도달하면 자동 업그레이드",
    "instant_withdrawals": "💸 커미션 잔액에서 즉시 인출",
    "why_choose_chain_quantity": "체인 수량을 선택하는 이유는 무엇입니까?",
    "higher_tiers_offer_better_returns": "✅ 등급이 높을수록 훨씬 더 나은 수익을 제공합니다",
    "no_lock_up_periods": "✅ 락업 기간 없음 – 자금은 계속 접근 가능",
    "real_time_profit_tracking": "✅ 대시보드를 통한 실시간 수익 추적",
    "transparent_automated_system": "✅ 100% 투명하고 자동화된 시스템",
    "sustainable_passive_income_model": "성장을 위해 구축되고 보상에 최적화된 지능형 계층 모델을 통해 지속 가능하고 소극적인 소득을 얻으세요.",
    "example": "예",
    "chain_quantity_team_rewards_program": "체인 수량 팀 보상 프로그램",
    "unlock_powerful_earning_potential": "구조화된 다단계 커미션 시스템과 독점 에이전트 기회를 통해 강력한 수익 잠재력을 발휘하세요.",
    "multi_level_commission_structure": "다단계 커미션 구조",
    "maximize_rewards_tiered_referral_program": "단계별 추천 프로그램을 통해 보상을 극대화하세요.",
    "level_1_direct_referrals_earn_15_percent": "레벨 1(직접 추천): 15% 커미션을 받으세요",
    "level_2_indirect_referrals_earn_2_percent": "레벨 2(간접 추천): 2% 커미션을 받으세요",
    "level_3_extended_network_earn_1_percent": "레벨 3(확장 네트워크): 1% 커미션 획득",
    "earn_every_time_referrals_deposit_funds": "귀하의 추천과 그들의 추천이 입금될 때마다 귀하는 수익을 얻습니다.",
    "global_agent_recruitment": "글로벌 에이전트 모집",
    "expanding_reach_motivated_partners": "우리는 범위를 확대하고 동기가 부여된 파트너를 찾고 있습니다.",
    "national_agents_earn_5_percent": "내셔널 에이전트: 5% 커미션을 받으세요",
    "city_agents_earn_4_percent": "도시 에이전트: 4% 커미션을 받으세요",
    "regional_agents_earn_3_percent": "지역 에이전트: 3% 커미션을 받으세요",
    "build_your_network": "네트워크 구축:",
    "launch_telegram_whatsapp_community": "나만의 Telegram 또는 WhatsApp 커뮤니티를 시작하세요",
    "invite_official_support_team": "공식 지원팀을 초대하여 참여하세요",
    "grow_team_unlock_exponential_earning": "팀을 성장시키고 기하급수적인 수익 기회를 얻으세요",
    "referral_bonus_example": "추천 보너스 예시",
    "member_deposit_commission_rate_earnings": "회원 예금 수수료 귀하의 수입을 평가하세요",
    "member_a_1000_usdt_15_percent_150_usdt": "회원 A 1,000 USDT 15% 150 USDT",
    "member_b_1000_usdt_2_percent_20_usdt": "회원B 1,000 USDT 2% 20 USDT",
    "member_c_1000_usdt_1_percent_10_usdt": "회원C 1,000 USDT 1% 10 USDT",
    "earn_bonuses_team_members_deposit": "팀원이 입금할 때마다 보너스를 받습니다.",
    "daily_agent_bonus_rewards": "일일 에이전트 보너스 보상",
    "top_performing_agents_rewarded_daily": "최고의 성과를 낸 상담원은 일일 팀 예치금을 기준으로 자동으로 보상을 받습니다.",
    "1000_usdt_60_usdt_bonus": "1,000 USDT → 60 USDT 보너스",
    "5000_usdt_188_usdt_bonus": "5,000 USDT → 188 USDT 보너스",
    "16000_usdt_388_usdt_bonus": "16,000 USDT → 388 USDT 보너스",
    "58000_usdt_1483_usdt_bonus": "58,000 USDT → 1,483 USDT 보너스",
    "100000_usdt_6450_usdt_bonus": "100,000 USDT → 6,450 USDT 보너스",
    "500000_usdt_99999_usdt_bonus": "500,000 USDT → 99,999 USDT 보너스",
    "bonuses_cumulative_instantly_withdrawable": "모든 보너스는 누적되며 USDT로 즉시 인출 가능합니다.",
    "join_today_grow_network_start_earning": "지금 가입하여 네트워크를 성장시키고 이전과는 전혀 다른 수익을 창출해 보세요.",
    "recharge_amount": "충전금액",
    "current_amount": "현재 사용 가능한 금액",
    "todays_earning": "오늘의 수익",
    "total_revenue": "총수익",
    "invitation_rewareds": "초대 보상",
    "more_level_comming": "더 많은 레벨이 곧 제공될 예정입니다...",
    "per_day": "일일 정량화 횟수",
    "agree_with_our": "우리의 의견에 동의",
    "terms_of_use": "이용기간",
    "and": "그리고",
    "privacy_policy": "개인 정보 보호 정책",
    "no_account": "계정이 없나요?",
    "security_password": "보안 비밀번호",
    "processing": "처리 중…",
    "already_have_an_account": "이미 계정이 있나요?",
    "verify_email_title": "이메일 확인",
    "enter_your_verification_code": "인증 코드를 입력하세요",
    "verifying": "확인 중...",
    "verify_email": "이메일 확인",
    "check_inbox_and_spam_html": "받은 편지함과 폴더에서 확인 이메일을 확인하세요.",
    "total_assets": "총자산",
    "quantitative_account": "양적 계정",
    "agent_corperation": "에이전트 협력",
    "activity": "팀 활동",
    "unread_messages_alert": "사이트에 읽지 않은 메시지가 있습니다. 가서 메시지 내용을 확인하세요!",
    "vip": "요일",
    "trial_fee": "평가판 비용",
    "profit_assets": "이익자산",
    "todays_earnings": "오늘의 수익",
    "quantifiable_number_of_days": "수량화 가능한 일수",
    "countdown_days": "카운트다운 일수",
    "quantify_reset_time": "재설정 시간 정량화",
    "start_quantify": "정량화 시작",
    "quantification_process": "정량화 과정",
    "start_quantification": "수량화 시작...",
    "start_queuing": "줄을 서기 시작...",
    "start_executing_buy_order": "매수 주문 실행 시작...",
    "start_executing_sell_order": "매도 주문 실행 시작...",
    "start_capturing_market_prices": "거래 시장 가격 캡처를 시작합니다...",
    "start_distributing_commissions": "커미션 배포 시작...",
    "operation_complete": "작업이 완료되어 종료됩니다.",
    "current_vip": "현재 VIP",
    "click_to_unlock": "잠금을 해제하려면 클릭하세요.",
    "quantification_times_per_day": "일일 정량화 횟수",
    "profit_ratio": "이익률",
    "minimum_unlock_amount": "최소 잠금 해제 금액",
    "recharge_unlock_message": "재충전은 자동으로 재충전 {{minUnclock}}USDT 잠금을 해제합니다.",
    "quantitative_benefits": "정량적 이점",
    "deposit_into_basic_wallet": "기본지갑에 입금",
    "invest_record": "투자 기록",
    "build_team_rewards": "팀을 구성하고 푸짐한 보상을 받으세요",
    "my_invitation_code": "내 초대 코드",
    "invite_link": "초대 링크",
    "view_the_team": "팀 보기",
    "daily_commissions": "일일 커미션",
    "invited_friends_recharge_rebates": "재충전할 때 해당 리베이트를 받도록 친구를 초대하십시오.",
    "recharge_rebate": "재충전 리베이트",
    "quantify_rebate": "리베이트 수량화",
    "copy_success": "복사 성공",
    "withdraw": "철회하다",
    "sign_out": "로그아웃",
    "hello_username": "안녕하세요, {{사용자 이름}}님",
    "welcome_back": "돌아온 것을 환영합니다",
    "investment_accounts": "투자 계좌",
    "commission_today": "오늘 커미션",
    "yesterdays_earnings": "어제 수익",
    "detail": "세부 사항",
    "transfer": "옮기다",
    "news": "소식",
    "security_center": "보안센터",
    "company_profile": "회사 프로필",
    "about_us": "회사 소개",
    "twenty_four_hour_withdrawal": "48시간 출금",
    "withdrawable": "인출 가능",
    "amount_to_be_processed": "처리할 금액",
    "payment_method": "결제수단",
    "withdrawal_limit_range": "출금한도 범위 7.00 - 99999999.00",
    "withdrawal_address": "출금주소",
    "handling_fee": "수수료",
    "receipt": "영수증",
    "withdrawal_note": "출금 메모",
    "withdrawal_policy_title": "출금 정책(ToobitQuant)",
    "minimum_withdrawal_amount": "최소 출금 금액",
    "withdrawal_fee": "출금 수수료",
    "withdrawal_frequency": "인출 빈도",
    "withdrawal_frequency_desc": "하루에 한 번, 월요일부터 일요일까지 이용 가능(싱가포르 시간)",
    "processing_time": "처리 시간",
    "processing_time_desc": "인출은 일반적으로 요청이 제출된 후 0~48시간 이내에 처리되며 지갑으로 직접 이체됩니다.",
    "mining_machine_energy_failure": "채굴기 에너지 오류입니다. {{amount}} USDT를 충전해 주세요.",
    "financial": "재정적인",
    "usdt": "USDT",
    "failed_to_fetch_data": "데이터를 가져오지 못했습니다.",
    "note_before_switching_accounts": "참고: 충전 계정을 전환하기 전에 이전 충전이 접수되었는지 확인하세요!",
    "quant_account_desc": "지능적으로 정량화된 수익을 얻으려면 이 계좌에 입금하세요.",
    "investment_account_desc": "이 계좌에 예금한 금액은 크라우드 펀딩 프로젝트에 투자하는 데 사용될 수 있습니다.",
    "recharge_address": "충전 주소",
    "recharge_complete": "충전 완료",
    "deposit_instruction_1": "1. 위의 주소를 복사하거나 QR코드를 스캔하여 선택하세요.",
    "network_deposit": "자산을 예치하는 네트워크.",
    "invite_top_up_rewards": "처음으로 친구를 초대하여 충전하면 다음 보상을 받을 수 있습니다.",
    "number_of_invited_people": "초대된 인원",
    "invitation_rewards_label": "초대 보상:",
    "usdt_automatic_distribution": "USDT 자동분배",
    "invitee_first_recharge_needs_to_be_in": "초대받은 사람의 첫 번째 재충전은 다음과 같아야 합니다.",
    "above": "~ 위에",
    "tiered_rewards_intro": "특정 수의 사람들을 초대하고 등급별 보상을 받으세요:",
    "count": "세다",
    "award": "상",
    "unlimited": "제한 없는",
    "auto": "자동",
    "claimed": "청구됨",
    "remaining": "남은",
    "failed_to_load_invite_rewards": "초대 보상을 로드하지 못했습니다.",
    "reward_claimed_successfully": "보상이 성공적으로 청구되었습니다.",
    "unable_to_claim_reward": "보상을 청구할 수 없습니다. 다시 시도해 주세요.",
    "agent_cooperation": "에이전트 협력",
    "global_recruitment_title": "글로벌 정규직 채용 채용 정보:",
    "positions_available_subtitle": "마케팅 부서에서 가능한 6개의 직위",
    "job_description_promotion_title": "직무 설명 및 승진 기준:",
    "job_description_promotion_body": "마케팅 부서에서는 레벨 1과 레벨 2에서 충전에 성공한 총 사용자 수를 기준으로 다음과 같은 6가지 직위를 제공합니다. 직위는 다음과 같습니다.",
    "salary_tiers_intro": "각 직위마다 급여 수준이 다릅니다. 직위가 높을수록 급여도 높아집니다. 세부사항은 다음과 같습니다:",
    "position": "위치",
    "level_1": "레벨 1",
    "level_1_plus": "레벨 1+",
    "level_2": "레벨 2",
    "weekly": "주간",
    "salary": "샐러리",
    "growth_catalyst": "성장촉매",
    "brand_architect": "브랜드 설계자",
    "engagement_guru": "교사 참여",
    "visionary_strategist": "비전 있는 전략가",
    "innovation_leader": "혁신 리더",
    "territory_commander": "영토 사령관",
    "meet_requirements_contact_manager": "직위 요구 사항을 충족하는 사용자의 경우 확인을 위해 프로젝트 관리자에게 문의하세요.",
    "salary_payment_method_timing": "급여 지급 방법 및 시기:",
    "salary_distribution_detail": "급여는 매주 월요일 오후 6시 이후 ToobitQuant 지갑 계정으로 지급됩니다.",
    "additional_rewards_title": "정규 직원에 대한 추가 보상:",
    "additional_rewards_body": "직원이 영구 회원이 되면 팀의 주간 총 입금액의 일정 비율을 추가 보상으로 받게 됩니다. 보상 구조는 다음과 같습니다.",
    "total_weekly_deposits_usdt": "총 주간 예금(USDT)",
    "reward_percentage": "보상 비율",
    "commission": "수수료",
    "commission_records": "커미션 기록",
    "valid_invitation_people_number": "유효한 초대자 번호",
    "team_report": "팀 보고서",
    "team_total_recharge": "팀 총 재충전:",
    "team_total_withdrawal": "팀 총 탈퇴：",
    "level_3": "레벨 3",
    "total_valid_label": "합계\/유효:",
    "get_commission_label": "커미션 받기:",
    "now_go": "이제 가세요",
    "brand_name": "투비트",
    "press_release_date": "2025년 6월 25일",
    "launch_announcement_prefix": "우리는 의 출시를 발표하게 되어 기쁘게 생각합니다.",
    "launch_announcement_suffix": ", 2025년 9월 5일 현재 출시된 혁신적인 AI 기반 플랫폼입니다.",
    "platform_description": "TOOBIT은 인공 지능의 힘과 초고속 실행을 결합하여 디지털 자산 거래의 미래를 향상시키기 위해 설계되었습니다. 차세대 투자자를 위해 제작된 당사의 플랫폼은 암호화폐 차익거래 및 정량 거래 전략을 최적화하는 정밀 중심 도구를 제공하여 오늘날 경쟁이 치열한 시장에서 귀하의 포트폴리오가 성공할 수 있도록 보장합니다.",
    "key_features_title": "투비트의 주요 기능:",
    "feature_multi_exchange_title": "• 원활한 다중 교환 통합",
    "feature_multi_exchange_desc": "Binance, Coinbase, Kraken 등과 같은 주요 플랫폼과 쉽게 연결하여 거래소 간 효율적인 거래를 가능하게 합니다.",
    "feature_realtime_arbitrage_title": "• 실시간 차익거래 감지",
    "feature_realtime_arbitrage_desc": "밀리초 수준의 응답성을 갖춘 Toobit은 수익성 있는 기회가 발생할 때 이를 식별하고 활용하여 앞서 나갈 수 있도록 보장합니다.",
    "feature_ai_autonomous_title": "• AI 최적화, 완전 자율성",
    "feature_ai_autonomous_desc": "당사의 플랫폼은 최첨단 AI를 기반으로 하며 수동 입력이 필요 없는 자동화된 데이터 기반 전략을 지원하므로 편안하게 앉아서 포트폴리오가 성장하는 것을 지켜볼 수 있습니다.",
    "platform_mission": "Toobit은 디지털 자산 환경을 재편하여 귀하가 더욱 스마트하고, 빠르고, 효율적으로 거래할 수 있도록 지원합니다. 노련한 트레이더이든 이제 막 시작하든, Toobit은 수익 극대화를 위한 새로운 가능성의 영역을 열어줍니다.",
    "platform_future_line": "혁신과 정확성이 만나는 트레이딩의 미래를 경험해 보십시오.",
    "agent_program_heading": "QUANT 에이전트 파트너십 프로그램",
    "agent_program_headline_prefix": "AI 기반 금융의 미래를 경험해 보세요.",
    "agent_program_headline_suffix": "글로벌 에이전트 프로그램",
    "agent_program_welcome": "스마트한 부 창출의 다음 시대에 오신 것을 환영합니다. TOOBIT은 AI 기반 양적 거래의 힘을 활용하여 장기적이고 수동적인 소득을 얻을 수 있는 독특한 기회인 글로벌 에이전트 프로그램을 출시하게 된 것을 자랑스럽게 생각합니다.",
    "agent_program_revolution": "디지털 금융 혁명이 추진력을 얻음에 따라 Toobit은 마케팅 담당자, 커뮤니티 리더 및 투자자를 분산형 금융의 미래 형성에 참여하도록 초대합니다. 우리의 에이전트 네트워크는 확장성, 유연성 및 수익성을 위해 구축되어 귀하의 수입을 늘리는 동시에 다른 사람들이 디지털 경제에서 성공할 수 있도록 돕는 흥미로운 방법을 제공합니다.",
    "agent_program_highlights": "프로그램 하이라이트:",
    "agent_program_income": "• 다단계 소득 잠재력 - 네트워크 활동을 기반으로 리베이트를 획득하여 커뮤니티가 확장됨에 따라 반복적인 소득 흐름을 창출합니다. 추천 링크를 사용하면 경험이 없어도 쉽게 홍보할 수 있습니다.",
    "agent_program_tools": "• 포괄적인 지원 및 도구 - 최첨단 플랫폼 기능, 실시간 리베이트, AI 기반 거래 자동화에 액세스하여 원활하고 보람 있는 프로모션을 만드세요.",
    "agent_program_growth": "• 성장 주도 기회 - 계층(도시, 국가, 글로벌 파트너)을 통해 진행하고 20% 이상의 평생 이익 공유 및 최고 에이전트를 위한 특별 지역 특권을 포함한 독점 보상을 잠금 해제하세요.",
    "agent_program_closing": "소셜 미디어, 투자자 네트워크 또는 지역 커뮤니티를 통해 참여하든 Toobit는 귀하의 노력에 대한 보상을 보장합니다. 오늘부터 미래를 건설해 보세요. 지능형 금융 세계를 주도하는 데 동참하세요. 거래의 미래가 여기에 있습니다. Toobit이 여러분을 그 일원으로 초대합니다.",
    "company_name_legal": "투빗 AI 리미티드",
    "cp_p1_rest": "2025년 영국 런던에서 설립되었으며 블록체인 기반 지능형 거래 분야의 선두 기업이 되기 위해 최선을 다하고 있습니다.",
    "cp_p2_rest": "인공지능 기술을 활용한 첨단 퀀트 트레이딩 시스템입니다. 핵심 기능은 위험을 최소화하면서 투자 수익을 극대화하기 위한 거래 전략의 자동 실행에 있습니다. 특히 TOOBIT은 투자 결정을 실행 가능한 컴퓨터 알고리즘으로 변환하여 실시간 시장 변동에 원활하게 적응하는 투명하고 효율적이며 신속한 거래 운영을 가능하게 합니다.",
    "cp_p3_suffix": "의 거래 전략은 현대 수학, 통계, 기계 학습, 시장 동향 및 디지털 자산 가격에 대한 지속적인 분석을 기반으로 가장 효과적인 거래 조치를 결정합니다. 복잡한 알고리즘과 모델링을 통해 시스템은 시장 위험과 투자 기회를 평가하고 위험 및 수익에 대한 기대 변화에 대응하여 포트폴리오 할당을 자동으로 최적화합니다.",
    "cp_p4": "이 완전 자동화된 접근 방식은 인적 오류를 제거하고 거래 정확성을 높이며 변동성이 크고 불확실한 시장 상황에 대한 일관된 적응을 보장합니다.",
    "cp_p5_prefix": "본질적으로,",
    "cp_p5_suffix": "인공지능과 현대 금융이론을 융합해 수익은 극대화하고 리스크는 최소화하는 전략을 자동으로 구현하는 차세대 퀀트 트레이딩 시스템입니다.",
    "label_company_name": "회사명",
    "label_company_number": "회사번호",
    "label_incorporation_date": "설립일",
    "label_registered_capital": "등록 자본금",
    "label_email": "이메일",
    "label_phone": "핸드폰",
    "label_registered_office": "등록된 사무실",
    "company_number_value": "16289541",
    "incorporation_date_value": "2025년 3월 4일",
    "registered_capital_value": "GBP 100,000,000",
    "email_value": "TOOBITQuantum.ai@gmail.com",
    "phone_value": "+44 7742 043280",
    "registered_office_value": "32 런던 브리지 스트리트, 런던, 영국 SE1 9SG",
    "platform_bonus": "플랫폼 보너스",
    "failed_to_load_notices": "공지를 로드하지 못했습니다.",
    "welcome_title": "TOOBIT에 오신 것을 환영합니다: 함께 스마트한 미래를 열어가세요",
    "withdraw_success": "출금 성공",
    "deposit_success": "입금 성공",
    "income_received": "받은 소득",
    "product": "제품",
    "project_rule": "프로젝트 규칙",
    "repayment": "반환",
    "maturity_principal_interest": "만기원금과 이자",
    "daily_return": "일일 반품",
    "invest_cycle": "투자주기",
    "estimated_revenue": "예상 수익",
    "balance_not_enough_recharge": "잔액이 부족합니다. {{amount}} USDT를 충전해 주세요.",
    "ok": "좋아요",
    "transfer_amount": "이체금액",
    "old_login_password": "이전 로그인 비밀번호",
    "new_login_password": "새 로그인 비밀번호",
    "old_payment_password": "기존 결제 비밀번호",
    "new_payment_password": "새 결제 비밀번호",
    "about_p1_tail": "인공지능을 활용한 최첨단 퀀트 트레이딩 시스템입니다. 핵심 기능은 위험을 최소화하면서 투자 수익을 극대화하도록 설계된 거래 전략의 자동 실행입니다. 거래 결정을 컴퓨터 알고리즘으로 변환함으로써 사전 정의된 전략을 자동화하여 거래 프로세스를 더욱 투명하고 효율적이며 시장 변화에 빠르게 대응할 수 있습니다.",
    "about_p2_a": "에서 사용하는 정량적 전략",
    "about_p2_b": "현대 수학, 통계, 기계 학습, 시장 동향 및 암호화폐 가격에 대한 실시간 분석을 활용합니다. 이러한 고급 기술을 통해 플랫폼은 고도로 최적화된 거래 계획을 수립할 수 있습니다.",
    "about_p2_c": "동시에,",
    "about_p2_d": "복잡한 모델을 활용하여 시장 위험을 평가하고 투자 기회를 식별하며 예상되는 위험-수익 비율에 따라 포트폴리오를 자동으로 재조정합니다. 이 완전 자동화된 접근 방식은 인적 오류를 제거하고 정확성을 높이며 시스템이 변동이 심한 시장 상황에 신속하게 적응할 수 있도록 보장합니다.",
    "about_p3_a": "본질적으로,",
    "about_p3_b": "인공 지능과 현대 금융 이론을 통합하여 투자 전략을 자율적으로 실행하여 수익 극대화와 위험 감소라는 두 가지 목표를 추구합니다.",
    "about_p4_heading_tail": "소득원과 금융안정",
    "about_p5_tail": "사용자와 함께 상호 이익이 되는 비즈니스 모델을 운영합니다. 모든 수익은 글로벌 암호화폐 시장의 가격 변동을 통해 생성됩니다. 블록체인 기술의 분산형 및 변조 방지 특성은 개방적이고 투명한 투자 환경을 보장하여 사용자에게 보다 강력한 금융 보호 계층을 제공합니다.",
    "about_p6_a": "요약하자면,",
    "about_p6_b": "일관되고 지속 가능한 부의 성장을 지원하도록 설계된 스마트 거래 시스템을 사용자에게 제공합니다. 모든 거래는 사용자에게 수익을 제공할 뿐만 아니라 플랫폼 수익도 창출하여 양측 모두에게 장기적인 재정적 안정성을 지원하는 상생 구조를 형성합니다.",
    "about_p7_a": "블록체인 산업의 건전한 발전을 위해 함께 노력합시다. 와 함께",
    "about_p7_b": "더 많은 개인이 지능형 AI 기반 거래 시스템을 통해 낮은 가격에 구매하고 높은 가격에 판매하는 원칙을 자신 있고 효율적으로 익힐 수 있습니다.",
    "about_p8_a": "이제 4세대째,",
    "about_p8_b": "사용자 경험을 간소화하는 동시에 향상된 기능을 제공하여 더욱 강력해졌습니다. \"정량 시작\"을 한 번만 클릭하면 사용자는 단 1분 만에 반품 생성을 시작할 수 있습니다. 이것이 현명한 투자의 미래입니다.",
    "open_support_drawer": "지원 서랍 열기",
    "online_service": "온라인 서비스",
    "choose_support_method": "선호하는 온라인 고객 서비스 연락 방법을 선택하세요.",
    "customer_support": "고객 지원",
    "community_group": "커뮤니티 그룹",
    "verify_code": "코드 확인",
    "click_to_refresh": "새로고침하려면 클릭하세요.",
    "request_already_processing": "귀하의 요청은 이미 처리 중입니다.",
    "credential_not_match": "이 자격 증명은 우리의 기록과 일치하지 않습니다",
    "generic_error": "문제가 발생했습니다. 다시 시도해 주세요.",
    "system_notice": "시스템 공지사항",
    "failed_to_load_notice": "공지를 로드하지 못했습니다.",
    "no_data": "데이터 없음",
    "welcome_heading": "투빗에 오신 것을 환영합니다!",
    "welcome_p1": "귀하를 TOOBIT 커뮤니티의 일원으로 모시게 되어 기쁘게 생각합니다. 혁신의 최전선에서 미래 지향적인 기술 회사로서 우리는 인공 지능의 무한한 잠재력을 탐구하도록 돕기 위해 왔습니다.",
    "welcome_p2": "TOOBIT을 선택해 주셔서 감사합니다. 더 스마트하고 연결된 미래를 열어보세요. 질문이 있는 경우 당사 지원팀이 항상 도움을 드릴 준비가 되어 있습니다.",
    "email_verification": "이메일 인증",
    "pending": "보류 중",
    "withdraw_asset": "자산 인출",
    "withdraw_deduction": "인출공제",
    "quantitative_earning": "양적 수익",
    "invited_friends_daily_commissions": "친구들이 충전할 때 해당 일일 커미션을 받도록 초대하세요:",
    "rejected": "거부됨",
    "consent_intro": "다음에 위치한 계정을 계속 사용하면",
    "country_name": "영국",
    "consent_agreement": "당신은 우리의",
    "terms_of_service": "서비스 약관",
    "view_daily_check_in": "일일 체크인 보기",
    "last_price_binance_spot": "최종 가격 • 바이낸스 현물",
    "high": "높은",
    "low": "낮은",
    "volume": "용량",
    "trades": "거래",
    "core_cooperative_financial_institutions": "핵심 협력금융기관",
    "reward_page_title": "초대 보상",
    "tab_direct": "직접",
    "tab_missions": "임무",
    "reward_task_prefix": "다음으로 작업을 완료하세요.",
    "reward_task_middle": "레벨의 활성 회원",
    "mission_invite_prefix": "초대하다",
    "mission_invite_unit": "친구",
    "mission_invite_suffix": "등록하다",
    "mission_deposit_prefix": "얻다",
    "mission_deposit_middle": "총 예금",
    "mission_deposit_suffix": "당신의 팀에서",
    "unit_usdt": "USDT",
    "progress_label": "진전",
    "refresh_label": "새로 고치다",
    "streak_title": "현재 연속 기록: {{current}} \/ {{goal}}일",
    "streak_info": "연속 기록을 유지하고 보너스를 얻으려면 매일 청구하세요. 하루를 놓치면 진행 상황이 재설정됩니다.",
    "reward_small": "0.01USDT",
    "reward_big": "1USDT",
    "claim_button": "일일 보상 받기",
    "company_profile_title": "회사 프로필",
    "company_intro_1": "TOOBIT FOR TOOBIT LTD는 2004년 영국 런던에서 설립되었으며 블록체인 기반 지능형 거래 분야의 선두 기업이 되기 위해 최선을 다하고 있습니다.",
    "company_intro_2": "투빗(TOOBIT)은 인공지능 기술을 활용한 첨단 퀀트 트레이딩 시스템입니다. 핵심 기능은 위험을 최소화하면서 투자 수익을 극대화하기 위한 거래 전략의 자동 실행에 있습니다.",
    "company_intro_3": "TOOBIT의 거래 전략은 현대 수학, 통계, 기계 학습, 시장 동향 및 디지털 자산 가격에 대한 지속적인 분석을 기반으로 가장 효과적인 거래 조치를 결정합니다.",
    "company_intro_4": "이 완전 자동화된 접근 방식은 인적 오류를 제거하고 거래 정확성을 높이며 변동성이 크고 불확실한 시장 상황에 대한 일관된 적응을 보장합니다.",
    "company_intro_5": "본질적으로 TOOBIT은 인공지능과 현대 금융 이론을 결합하여 수익을 극대화하고 위험을 최소화하는 전략을 자동으로 구현하는 차세대 양적 거래 시스템입니다.",
    "company_name_label": "회사명:",
    "company_number_label": "회사 번호:",
    "date_of_incorporation_label": "설립일:",
    "registered_office_label": "등록된 사무실:",
    "notice_title": "부 성장의 비결",
    "notice_paragraph1": "수입을 재투자하고 매일 부를 늘리는 것을 잊지 마세요!",
    "notice_paragraph2": "복리를 통해 귀하의 돈은 초기 투자뿐만 아니라 이익에서도 이익을 얻습니다.",
    "notice_paragraph3": "잠재력을 극대화하고 수입을 늘리십시오.",
    "notice_paragraph4": "이 기회를 놓치지 마세요. 함께 복리화하고 성장해 나갑시다!",
    "notice_paragraph5": "지금 Toobit 투자 프로그램에 참여하여 USDT가 자동으로 수익을 창출하도록 하세요! 우리와 함께 새로운 차원의 부를 함께 달성해 보세요!",
    "notice_closeButton": "닫다"
}