{
    "account": "Nome utente",
    "quantify_records": "Quantificare i record",
    "finish": "Fine",
    "buy_platform": "Acquista la piattaforma",
    "purchase_price": "Prezzo d'acquisto",
    "sales_platform": "Piattaforma di vendita",
    "selling_price": "Prezzo di vendita",
    "service_charge": "Servizio",
    "model": "Modello",
    "vip_model": "MODELLO VIP",
    "quantitative_strategy": "Strategia quantitativa",
    "popular": "Popolare",
    "cryptocurrency_trading": "commercio di criptovalute",
    "no_more_data": "Niente più dati",
    "check": "Controllo",
    "execute_position": "Esegui posizione",
    "wallet_account_balance": "Saldo del conto del portafoglio",
    "not_limited": "Non limitato",
    "daily_interest_payment": "Pagamento giornaliero degli interessi, rimborso del capitale alla scadenza",
    "share_rules": "Condividi regole",
    "hello": "Ciao",
    "register_an_account": "Registra un account",
    "flexible_account": "Conto quantitativo",
    "wallet_account": "Conto intelligente",
    "wave_field": "Centro assistenza",
    "chain_quant": "Chain Quant: Introduzione e guida per l'utente per la piattaforma di trading quantitativo intelligente",
    "how_to_get_benefits": "Come depositare e prelevare fondi",
    "bandwidth": "Introduzione all'azienda: catena Quant",
    "energy": "Energia",
    "welcome_to": "Benvenuto a",
    "official_telegram_channel": "Canale Telegram ufficiale",
    "cloud_mining_hosting": "TRONOKX offre servizi affidabili di cloud mining e staking, garantendo rendimenti del capitale entro 12 giorni. La nostra piattaforma offre più livelli VIP con importi di deposito variabili e tassi di prelievo giornalieri per soddisfare le diverse esigenze di investimento:",
    "cloud_mining_hosting_2": "Siamo lieti di presentarti TRONOKX, una piattaforma all'avanguardia dedicata a fornire servizi innovativi di cloud mining e staking che offrono rendimenti sicuri, affidabili e redditizi. Il nostro sistema garantisce un rendimento del capitale entro 12 giorni, offrendoti l'opportunità di far crescere rapidamente il tuo investimento pur essendo parte di un ecosistema finanziario entusiasmante e sostenibile.",
    "cloud_mining_hosting_3": "In TRONOKX offriamo una gamma di livelli VIP progettati per soddisfare diverse capacità di investimento. Ogni livello ha intervalli di deposito e tassi di prelievo giornalieri specifici, offrendo opzioni flessibili per gli utenti che desiderano guadagnare rendimenti giornalieri dai propri investimenti. Ecco una panoramica dei vari livelli VIP:",
    "the_amount_of_vip1": "VIP 1: intervallo di deposito 10-1.000 TRX, prelievo giornaliero del 9%.",
    "the_amount_of_vip2": "VIP 2: Intervallo di deposito 1.001-2.000 TRX, prelievo giornaliero del 10%.",
    "the_amount_of_vip3": "VIP 3: intervallo di deposito 2.001-10.000 TRX, prelievo giornaliero del 13%",
    "the_amount_of_vip4": "VIP 4: intervallo di deposito 10.001-50.000 TRX, prelievo giornaliero del 15%",
    "the_amount_of_vip5": "VIP 5: intervallo di deposito 50.001-200.000 TRX, prelievo giornaliero del 17%",
    "the_amount_of_vip6": "VIP 6: intervallo di deposito 200.001-300.000 TRX, prelievo giornaliero del 20%",
    "the_amount_of_vip7": "VIP 7: intervallo di deposito 300.001-500.000 TRX, prelievo giornaliero del 23%",
    "the_amount_of_vip8": "VIP 8: intervallo di deposito 500.001-800.000 TRX, prelievo giornaliero del 28%",
    "the_amount_of_vip9": "VIP 9: intervallo di deposito 800.001-1.500.000 TRX, prelievo giornaliero del 35%",
    "the_amount_of_vip10": "VIP 10: intervallo di deposito 1.500.001+ TRX, prelievo giornaliero del 42%.",
    "the_amount_of_vip1_ann": "VIP 1: per depositi compresi tra 10 e 1.000 TRX, guadagna un rendimento giornaliero del 9%.",
    "the_amount_of_vip2_ann": "VIP 2: per depositi compresi tra 1.001 e 2.000 TRX, goditi un prelievo giornaliero del 10%.",
    "the_amount_of_vip3_ann": "VIP 3: i depositi da 2.001 a 10.000 TRX si qualificano per un prelievo giornaliero del 13%.",
    "the_amount_of_vip4_ann": "VIP 4: per investimenti compresi tra 10.001 e 50.000 TRX, ricevi il 15% al ​​giorno.",
    "the_amount_of_vip5_ann": "VIP 5: Se depositi tra 50.001 e 200.000 TRX, avrai diritto a un rendimento giornaliero del 17%.",
    "the_amount_of_vip6_ann": "VIP 6: Depositi da 200.001 a 300.000 TRX guadagneranno il 20% ogni giorno.",
    "the_amount_of_vip7_ann": "VIP 6: Depositi da 200.001 a 300.000 TRX guadagneranno il 20% ogni giorno.",
    "the_amount_of_vip8_ann": "VIP 8: i depositi da 500.001 a 800.000 TRX ricevono un rendimento giornaliero del 28%.",
    "the_amount_of_vip9_ann": "VIP 9: per depositi maggiori da 800.001 a 1.500.000 TRX, goditi un prelievo giornaliero del 35%.",
    "the_amount_of_vip10_ann": "VIP 10: il livello più alto, per depositi superiori a 1.500.001 TRX, offre un impressionante rendimento giornaliero del 42%.",
    "financial_turnaround": "Offriamo anche un piano finanziario a breve termine per coloro che desiderano vedere rapidamente i rendimenti, con la restituzione del capitale entro soli 3 giorni. Questo piano è ideale per gli utenti che cercano una svolta finanziaria più immediata.",
    "periodic_financial_management": "Inoltre, offriamo un piano finanziario a breve termine che garantisce il ritorno del tuo investimento principale entro soli 3 giorni. Puoi anche guadagnare premi aggiuntivi invitando gli amici a unirsi alla nostra piattaforma. Il programma di riferimento è strutturato su tre livelli:",
    "periodic_financial_management_ann": "Oltre a queste eccezionali opportunità di investimento, crediamo nel potere della comunità. Il nostro programma di premi su invito ti consente di guadagnare ancora di più condividendo la piattaforma con amici e familiari. Ecco come funziona il nostro sistema di riferimento a più livelli:",
    "the_unit_price_of_tron": "Livello 1: ricompensa del 13% per i referral diretti",
    "the_unit_price_of_tron2": "Livello 2: ricompensa del 2% per i referral di secondo livello",
    "the_unit_price_of_tron3": "Livello 3: ricompensa dell'1% per i referral di terzo livello",
    "the_unit_price_of_tron4": "TRONOKX è progettato per la sostenibilità a lungo termine, offrendo una piattaforma che continuerà a prosperare finché esisterà la criptovaluta. Unisciti a noi oggi per iniziare a guadagnare e far crescere il tuo investimento in tutta sicurezza!",
    "the_unit_price_of_tron_ann": "Livello 1: i referral diretti ti faranno guadagnare una ricompensa del 13% dalle loro attività.",
    "the_unit_price_of_tron2_ann": "Livello 2: per i referral di secondo livello, riceverai il 2% delle loro attività.",
    "the_unit_price_of_tron3_ann": "Livello 3: i referral del terzo livello ti ricompenseranno con l'1% delle loro attività.",
    "the_unit_price_of_tron4_ann": "Questo sistema di ricompensa multi-livello garantisce che la crescita della tua rete contribuisca direttamente al tuo successo, creando un effetto valanga di potenziale di guadagno.",
    "the_unit_price_of_tron5_ann": "Le fondamenta di TRONOKX sono costruite sulla crescita a lungo termine e la nostra piattaforma è progettata per sostenere le sue operazioni finché la criptovaluta continua a prosperare. Il nostro modello garantisce che il valore che investi oggi continuerà a produrre rendimenti negli anni a venire. Unendoti a TRONOKX, diventerai parte di una comunità impegnata a creare opportunità finanziarie durature in linea con il mondo in evoluzione delle risorse digitali.",
    "the_unit_price_of_tron6_ann": "Ti invitiamo a iniziare ora, investire saggiamente e sfruttare appieno le numerose opportunità offerte da TRONOKX. Attraverso programmi di cloud mining, staking e referral, hai la possibilità di amplificare la tua ricchezza e diventare un partecipante chiave nel mondo delle criptovalute.",
    "join_now_ann": "Unisciti a noi adesso e inizia a guadagnare oggi: il futuro della finanza digitale è qui!",
    "received": "Ricevuto",
    "minimum_yeild_requires": "La quantità minima richiede almeno un deposito",
    "share_to": "Condividi su",
    "transiction_records": "Record di transizione",
    "transfer_to_flexible_account": "Trasferimento al conto quantitativo",
    "transfer_into_flexible_account": "1. Il trasferimento su questo conto può essere utilizzato per depositare denaro per guadagnare interessi e puoi ricevere manualmente il reddito 24 ore dopo il primo periodo di investimento e restituire il capitale alla scadenza.",
    "transfer_to_wallet_account": "Trasferimento all'account intelligente",
    "transfer_into_wallet_account": "2. Il trasferimento su questo conto può essere utilizzato per acquistare prodotti normali. Prodotti diversi hanno cicli e rese diverse. Per i dettagli, fare riferimento all'introduzione del prodotto.",
    "no_records": "Nessun record",
    "energy_bandwidth": "Lancio ufficiale della quantità di catena",
    "you_send_virtual_currency_to_the_platform": "Utilizzando il tuo portafoglio digitale, invii valuta virtuale all'indirizzo di acquisto specificato e TRONOKX si occupa della distribuzione automatica delle risorse. La nostra piattaforma investe risorse all'interno della rete TRON per generare larghezza di banda ed energia. Queste risorse vengono quindi affittate ai portafogli dei partner e i guadagni derivanti dall'affitto ritornano a TRONOKX, che le ridistribuisce agli utenti!",
    "income_has_arrived": "il reddito è arrivato",
    "profit_received": "profitto ricevuto",
    "invitation_rewards": "Programma di partnership con agenti di quantità di catena",
    "by_sharing_the_agent": "Entra nel futuro della finanza basata sull'intelligenza artificiale con il programma Global Agent di Chain Quant: la tua porta d'accesso al reddito passivo a lungo termine attraverso il trading quantitativo intelligente. Con l'accelerazione del mercato del trading basato sull'intelligenza artificiale, Chain Quant sta espandendo la sua presenza mondiale invitando esperti di marketing, leader della comunità e investitori lungimiranti a diventare parte della nostra rete di agenti. Goditi un potente sistema di premi multi-livello con commissioni del 15%-2%-1%, guadagnando entrate ricorrenti sia dai profitti di trading che dalla crescita dei referral. Ogni membro riceve un link di riferimento personale, rendendo la promozione fluida e accessibile a chiunque, senza che sia necessaria alcuna esperienza. Che tu stia sfruttando i social media, i gruppi di investitori privati ​​o le comunità locali, sarai supportato da una piattaforma ad alte prestazioni e da sconti automatici in tempo reale. Man mano che il tuo team cresce, crescono anche i tuoi vantaggi, con i top performer che avanzano allo status di partner cittadino, nazionale o globale, sbloccando quote di profitto a vita pari o superiori al 20% e vantaggi regionali esclusivi. Unisciti a Chain Quant oggi stesso e costruisci la tua eredità nella nuova era della creazione di ricchezza intelligente.",
    "sharing_is_polite": "La condivisione è educata",
    "when_the_cumulative_recharge_reaches": "Quando la tua ricarica totale raggiunge 10 TRX o più, condividi il tuo link di registrazione sulle piattaforme social per ricevere un premio casuale compreso tra 0,01 TRX e 18,88 TRX. Ogni utente può partecipare una volta al giorno!",
    "time": "tempo",
    "tron_is_a_distributed_operating_system": "TRON è un sistema operativo decentralizzato basato su blockchain con la sua criptovaluta nativa, TRX. Lanciato nel 2017 dall’imprenditore cinese Justin Sun, mira a promuovere un’economia digitale decentralizzata.",
    "architecture_in_the_torn": "Architettura: all'interno del protocollo di rete TRON, i possessori di TRX godono di pari accesso a risorse come larghezza di banda ed energia. La rete è alimentata da una macchina virtuale decentralizzata che sfrutta i nodi pubblici in tutto il mondo per eseguire contratti intelligenti. Senza commissioni di transazione e con la capacità di gestire circa 2000 transazioni al secondo, garantisce un'esperienza di rete rapida ed efficiente.",
    "goverance_tron_online_community": "Governance: la comunità TRON elegge 27 Super Rappresentanti attraverso il voto online. Questi rappresentanti sono responsabili della generazione e della verifica dei blocchi in media ogni 3 secondi, formando un'organizzazione autonoma decentralizzata. Vengono rieletti ogni 6 ore e svolgono un ruolo cruciale nella gestione delle proposte di rete e nella votazione delle proposte di miglioramento TRON (TIP).",
    "advantages_usdt_has_always": "Vantaggi: USDT è la stablecoin più ampiamente riconosciuta e Tether l'ha emessa su 13 reti blockchain, con TRON in testa, che rappresenta oltre il 54% dell'offerta totale. Segue Ethereum con il 44% e Solana con il 2,7%, consolidando TRON come rete primaria per l'emissione di USDT.",
    "bandwith_all_types": "Larghezza di banda: ogni transazione sulla rete TRON richiede punti di larghezza di banda. Le transazioni vengono archiviate e trasmesse come array di byte, ciascun byte consuma un punto di larghezza di banda. Il costo totale della larghezza di banda di una transazione è determinato dalla dimensione in byte. Se un utente non dispone di larghezza di banda sufficiente, TRX deve essere masterizzato per coprire i punti di larghezza di banda richiesti.",
    "the_unit_price_of_the_targe": "Il tasso di consumo ufficiale per il consumo di larghezza di banda è fissato a 1.000 SUN per unità.",
    "energy_each_instruction": "Energia: ogni esecuzione di un contratto intelligente consuma una quantità specifica di energia, a seconda della sua complessità. Contratti più complessi richiedono più energia. Durante la durata del contratto, l'energia viene calcolata e detratta per istruzione. Se un account non dispone di energia sufficiente, TRX deve essere bruciato per coprire i costi energetici richiesti.",
    "the_current_offical_unit_price": "Il tasso di combustione ufficiale per il consumo di energia è attualmente fissato a 420 SUN per unità.",
    "smart_investment": "Investimento intelligente",
    "international_lines": "Linee Internazionali",
    "basic_investment_plan": "Piano di investimenti di base",
    "invest_in_our_basic": "Investi nel nostro Conto Base e inizia a guadagnare entrate minerarie giornaliere! Al momento del tuo primo deposito, stipulerai automaticamente un contratto di 180 giorni. Il contratto inizia non appena viene effettuato il primo deposito.",
    "key_features": "Caratteristiche principali",
    "earn_daily_between": "Guadagna ogni giorno tra l'8% e il 36% del tuo investimento cumulativo.",
    "incomoe_is_settled": "Il reddito viene saldato 24 ore dopo il tuo primo deposito (Esempio: deposito alle 15:00, reddito disponibile alle 15:00 del giorno successivo).",
    "you_must_manually": "È necessario fare clic manualmente per riscuotere il reddito giornaliero.",
    "vip_levels_benefits": "Livelli e vantaggi VIP",
    "daily_withdrawal": "prelievo giornaliero",
    "how_it_works": "Come funziona",
    "deposit_funds": "Depositare fondi: inizia il tuo investimento effettuando un deposito iniziale.",
    "earn_daily_income": "Guadagna entrate giornaliere: goditi le entrate minerarie ogni 24 ore.",
    "collect_income": "Riscuoti entrate: accedi ogni giorno per riscuotere manualmente i tuoi guadagni.",
    "start_today_and_enjoy": "Inizia oggi e goditi rendimenti ad alto rendimento con il nostro piano di investimenti di base!",
    "our_system_will_automatically": "Il nostro sistema determinerà automaticamente i tuoi depositi totali accumulati e ti aggiornerà al livello VIP appropriato. Per esempio:",
    "first_deposit": "Primo deposito",
    "second_deposit": "Secondo deposito",
    "total_deposit": "Deposito totale",
    "the_system_will_automatically_upgrade": "Il sistema ti aggiornerà automaticamente a VIP2 e godrai di un reddito giornaliero del 10% a questo livello e così via.",
    "referral_system": "Sistema di riferimento",
    "earn_rewards_by_reffering": "Guadagna premi invitando altri a unirsi! Il nostro sistema di riferimento a 3 livelli offre grandi vantaggi",
    "refer_level_1": "Livello 1: 13% del reddito giornaliero del referente",
    "refer_level_2": "Livello 2: 2% del reddito giornaliero del referente",
    "refer_level_3": "Livello 3: 1% del reddito giornaliero del referral",
    "start_referring_today": "Inizia a fare riferimento oggi per aumentare i tuoi guadagni!",
    "account_is_required": "L'account è obbligatorio",
    "login_password": "Password di accesso",
    "password_is_required": "È richiesta la password",
    "verification_code": "Codice di verifica",
    "vcode_is_required": "Il codice V è obbligatorio",
    "vcode": "Codice V",
    "forgot_password": "Ha dimenticato la password",
    "login": "Login",
    "register": "Registro",
    "go_to_homepage": "Vai alla home page",
    "total_balance": "Conto quantitativo",
    "home_notice": "Benvenuto in Toobit: dove il capitale intelligente incontra gli algoritmi intelligenti. Siamo entusiasti di darti il ​​benvenuto a Toobit, la tua nuova casa per guadagni quantitativi all'avanguardia. Che tu sia un investitore esperto o che tu abbia appena iniziato il tuo viaggio nel mondo del reddito algoritmico, sei appena entrato a far parte di una piattaforma creata per chiarezza, prestazioni e fiducia. A Toobit, non crediamo solo nel guadagnare, crediamo nel guadagnare in modo intelligente. Le nostre strategie proprietarie sono progettate da data scientist ed esperti finanziari per sfruttare la potenza della precisione algoritmica, consentendo al tuo capitale di crescere attraverso opportunità di mercato in tempo reale. Ogni decisione, ogni strategia, ogni rendimento è alimentato dai dati e guidato dalla nostra incrollabile missione: rendere accessibili a tutti strumenti di guadagno avanzati.",
    "go_to_recharge": "Vai a ricaricare",
    "telegram_customer_service": "Servizio clienti di Telegram",
    "dear_user": "Gentile utente: poiché la potenza di calcolo\/energia della tua macchina mineraria sta per esaurirsi, riempi rapidamente {importo} TRX in base al valore energetico richiesto dai fondi del tuo conto. La tua macchina mineraria ha attualmente sospeso il controllo minerario e le entrate\/prelievi.",
    "note_to_avoid": "[Nota: per evitare perdite di entrate, contatta il supporto di Telegram]",
    "deposit": "Ricaricare",
    "withdrawal": "Ritiro",
    "share_friends": "Invita amici",
    "team": "Squadra",
    "app": "App",
    "information": "Notizia",
    "wallet": "Portafoglio",
    "promotion": "Promozione",
    "join_to_be_a_sitename_millionaire": "Iscriviti per diventare milionario TRONRICO",
    "use_the_latest_mining_machines": "Utilizza le più recenti macchine minerarie e la tecnologia Defi per garantire che tutti gli utenti ottengano il massimo reddito TRX.",
    "details": "Dettagli",
    "platform_data_display": "Visualizzazione dei dati della piattaforma",
    "income": "reddito",
    "Income": "Quantificare",
    "cyclical_investing": "investimenti ciclici",
    "trontin_3day_mining_machine": "Macchina mineraria TRONTIN da 3 giorni",
    "trontin_9day_mining_machine": "Macchina per l'estrazione del traffico TRON da 9 giorni",
    "trontin_16day_traffic_mining_machine": "Macchina per l'estrazione del traffico RONTIN da 16 giorni",
    "trontin_45day_miner_energy": "TRONTIN 45 giorni energia mineraria",
    "trontin_18day_miner_energy": "TRON 18 giorni di energia mineraria",
    "trontin_trxMining_in_46days": "TRON trxMining in 46 giorni",
    "tron_eth_digi_2_mining": "TRON ETH DIGI 2.0 MINERARIO",
    "torn_80days_photolvatic_mine": "tron 80 giorni miniera fotovoltaica",
    "trontin_bnb_mining_in_65days": "TRONTIN BNB Mining in 65 giorni",
    "view_more": "Visualizza altro",
    "cycle": "Ciclo",
    "day": "Giorno",
    "instant_quotes": "Citazioni istantanee",
    "profit_withdrawal": "Ritiro degli utili",
    "repurchase": "Riacquisto",
    "latest_announcement": "Ultimo annuncio",
    "registered_members_will_be_given": "Ai membri registrati verranno dati 56.000 TRX come capitale promesso. Per attivare il conto è richiesto un deposito minimo di 10TRX e un prelievo minimo di 5TRX. Il reddito può essere ritirato o investito nell'attività mineraria.",
    "deposit_into_the_basic_account_and_automatically_join_the_contract": "[Investimento di base] Deposita sul conto base e aderisci automaticamente al contratto per 180 giorni [La durata del contratto decorre dal momento del primo deposito]. Il conto di base riceve entrate minerarie ogni giorno e può ricevere ogni giorno il 9%-38% dell'importo cumulativo dell'investimento. L'orario di regolamento del nostro sistema di piattaforma è: il momento del primo acquisto dell'utente, 24 ore dopo.",
    "the_income_will_not_be_automatically_deposited_into_the_account": "[Ad esempio: il primo orario di acquisto è alle 15:00 e il reddito verrà ottenuto alle 15:00 del giorno successivo] Il reddito non verrà depositato automaticamente sul conto e sarà necessario fare clic sul reddito ogni giorno; quando entra il mining, fai clic attivamente per ricevere le entrate.",
    "accumulated_deposits_of_10-2500_trx": "Depositi accumulati di 10-2500 trx, aggiornati automaticamente a VIP1, prelievo giornaliero del 9%",
    "accumulated_deposits_of_2501-10000_trx": "Depositi accumulati di 2501-10000 trx, aggiornati automaticamente a VIP2, prelievo giornaliero del 10%",
    "accumulated_deposits_of_10001-20000_trx": "Depositi accumulati di 10.001-20.000 trx, aggiornati automaticamente a VIP3, prelievi giornalieri dell'11%",
    "accumulated_deposits_of_20001-50000_trx": "Depositi accumulati di 20.001-50.000 trx, aggiornati automaticamente a VIP4, prelievi giornalieri del 13%",
    "accumulated_deposits_of_50001-100000_trx": "Depositi accumulati di 50001-100000 trx, aggiornati automaticamente a VIP5, prelievo giornaliero del 15%",
    "accumulated_deposits_of_100001-200000_trx": "Depositi accumulati di 100.001-200.000 trx, aggiornati automaticamente a VIP6, prelievi giornalieri del 17%",
    "accumulated_deposits_of_200001-500000_trx": "Depositi accumulati di 200001-500000 trx, aggiornati automaticamente a VIP7, prelievo giornaliero del 23%",
    "accumulated_deposits_of_500001-1000000_trx": "Depositi accumulati di 500001-1000000 trx, aggiornati automaticamente a VIP8, prelievo giornaliero del 26%",
    "accumulated_deposits_of_1000001-1600000_trx": "Depositi accumulati di 1000001-1600000 trx, aggiornati automaticamente a VIP9, prelievo giornaliero del 32%",
    "accumulated_deposits_of_1600001-9999999_trx": "I depositi accumulati sono 1600001-9999999 trx, aggiornati automaticamente a VIP10, con prelievi giornalieri del 38%",
    "automatically_upgrade_vip_level": "Passa automaticamente al livello VIP",
    "the_system_will_determine_your_total_accumulated_deposit": "[Il sistema determinerà il tuo deposito totale accumulato e ti aggiornerà automaticamente al livello appropriato] Ad esempio: la prima ricarica è 500TRX, la seconda ricarica è 2001TRX, [la ricarica cumulativa è 2501TRX] il sistema aggiornerà automaticamente a VIP2 e avrai VIP2 Il reddito giornaliero del livello è del 10% e così via.",
    "previous": "Precedente",
    "next": "Prossimo",
    "close": "Vicino",
    "current_yield": "Rendimento attuale",
    "miner_is_running": "Il minatore sta correndo",
    "view_all": "Visualizza tutto",
    "earning_times": "Tempi di quantificazione",
    "singapore_time_after": "Ora di Singapore Dopo",
    "every_day": "ogni giorno",
    "daily_rate": "Tariffa giornaliera",
    "receive": "Ricevere",
    "basic_investment": "Investimento di base",
    "record": "Documentazione",
    "current_level": "Livello attuale",
    "deposit_quantity": "Quantità di deposito",
    "invitation_reward": "Ricompensa dell'invito",
    "deposit_now": "Deposita ora",
    "daily_income": "reddito giornaliero",
    "daily_withdrawals": "Prelievi giornalieri",
    "valid_period": "Periodo valido",
    "remaining_days": "giorni rimanenti",
    "status": "Stato",
    "running": "Corsa",
    "quantity": "Quantità",
    "amount": "Quantità",
    "return": "ritorno",
    "Return": "Ritorno",
    "profit": "profitto",
    "equity_pledge": "Pegno di equità",
    "end": "FINE",
    "invite_your_contacts": "Invita i tuoi contatti",
    "sign_up_and_recharge_to_get_great_rewards": "Iscriviti e ricarica per ottenere fantastici premi",
    "invitation_codes": "Codici di invito",
    "share_invitation_links_to_social_platforms": "Condividi i link di invito alle piattaforme social",
    "build_a_team_and_get_great_rewards": "Costruisci una squadra e ottieni grandi ricompense",
    "copy_successfully": "Copia con successo",
    "copy_link": "Copia collegamento",
    "app_services": "Servizi dell'app",
    "wallet_funds_conversion": "Trasferire",
    "change_password": "Centro di sicurezza",
    "notification": "Notifica",
    "logout": "Disconnessione",
    "my_promotion": "Squadra",
    "bonus": "Bonus",
    "bonus_record": "Registri della Commissione",
    "number_of_teams": "Persone totali",
    "valid_number_of_invites": "Inviti validi",
    "team_cycle_investment_details": "Dettagli sugli investimenti nel ciclo del team",
    "total_people": "Persone totali",
    "contribution": "Commissione",
    "invite_friends": "Invita amici",
    "go_now": "Vai adesso",
    "in_progress": "In corso",
    "number_of_investments": "Numero di investimenti",
    "total_investment": "Investimento totale",
    "subordinate_investment_amount": "Importo dell'investimento subordinato",
    "confirm": "Confermare",
    "Confirm": "CONFERMARE",
    "last_login_time": "Ora dell'ultimo accesso",
    "records": "Record",
    "transfer_to_smart_account": "Trasferimento al conto {{type}}",
    "transfer_to_quantitative_account": "Trasferimento al conto quantitativo",
    "transfer_to_smart_account_2": "Trasferimento all'account intelligente",
    "address": "Indirizzo",
    "copy": "Copia",
    "please_do_not_top_up_other_non_bnb_assets": "Per favore non ricaricare altre risorse che non siano {{method}}. Dopo la ricarica, fare clic su",
    "submit_successfully": "Ricarica completata",
    "submit": "Invia",
    "exchange_rate": "Tasso di cambio",
    "if_the_account_has_not_been_received_for_a_long_time": "Se l'account non è stato ricevuto per molto tempo, fare clic su",
    "again": "Ancora",
    "recharge_record": "Ricaricare il registro",
    "successful": "Riuscito",
    "purchase": "acquistare",
    "Purchase": "Acquistare",
    "transaction_record": "Registro delle transazioni",
    "all": "TUTTO",
    "recharge": "Ricaricare",
    "giveaway": "Dare via",
    "withdrawal_failed": "Ritiro fallito",
    "promotion_account": "Conto portafoglio",
    "basic_account": "Conto flessibile",
    "amount_to_be_converted": "Importo da convertire",
    "withdrawable_balance": "Saldo prelevabile",
    "withdrawals_arebased_one_singapore_time_and_are_withdrawn_once_a_day": "I prelievi si basano sull'ora di Singapore e vengono prelevati una volta al giorno",
    "choose_withdrawal_account": "Scegli il conto di prelievo",
    "choose": "Scegliere",
    "digital_currency_wallet": "Portafoglio di valuta digitale",
    "cancel": "CANCELLARE",
    "password": "Password",
    "actual_withdrawal": "Ritiro effettivo",
    "withdrawal_record": "Registro dei ritiri",
    "fee": "Tassa",
    "to_account": "per rendere conto",
    "account_security": "Sicurezza dell'account",
    "modify_login_password": "Modifica password di accesso",
    "modify_payment_password": "Modifica password di pagamento",
    "transfer_to_basic_account": "Trasferimento sul conto base",
    "transfer_to_promotion_account": "Trasferimento sul conto promozionale",
    "there_are_two_investment_models_please_choose_according_to_your_needs": "Esistono due modelli di investimento, scegli in base alle tue esigenze",
    "deposit_into_this_account_for_pledge_mining": "Deposita su questo conto per il pedge mining. Dopo 24 ore dal momento del primo deposito, puoi ricevere manualmente le entrate e restituire il capitale alla scadenza",
    "recharge_to_the_promotion_account_to_purchase_periodic_mining_machines": "Ricarica sul conto promozione per acquistare macchine minerarie periodiche, puoi riscuotere il reddito in diversi cicli e restituire il capitale e il reddito alla scadenza",
    "add_digital_currency_wallet": "Aggiungi il portafoglio di valuta digitale",
    "address_type": "Tipo di indirizzo",
    "wallet_address": "indirizzo del portafoglio",
    "start_with": "Inizia con",
    "digit_wallet_address": "digitare l'indirizzo del portafoglio",
    "set_payment_password": "Imposta la password di pagamento",
    "continue": "Continuare",
    "are_you_sure_sign_out": "Sei sicuro di uscire?",
    "wallet_registration": "Registrazione del portafoglio",
    "decentralized_wallet_download_address": "Indirizzo di download del portafoglio decentralizzato",
    "tutorial": "Visualizza l'esercitazione",
    "buy_currency": "acquistare valuta",
    "common_problem": "problema comune",
    "how_to_become_a_partner_of_trontin_mining_company": "Come diventare partner della compagnia mineraria TRONRICO",
    "to_become_our_partner": "Per diventare nostro partner puoi ottenere 56.000TRX gratis semplicemente registrandoti e potrai ritirarli entro 180 giorni dall'attivazione",
    "what_to_do_after_registration": "Cosa fare dopo la registrazione",
    "you_need_to_log_in_to_your_account": "Devi accedere al tuo account e la funzione di mining verrà attivata automaticamente. Per aumentare il tuo reddito giornaliero, effettua un deposito",
    "what_are_the_minimum_deposit_and_withdrawal_amounts": "Quali sono gli importi minimi di deposito e prelievo",
    "the_minimum_deposit_is_10trx": "Il deposito minimo è di 10TRX e il prelievo minimo è di 5TRX.",
    "how_to_withdraw_money_what_should_i_do": "Come prelevare denaro, cosa devo fare",
    "log_in_to_your_account": "Accedi al tuo account. Accedi alla pagina \"Prelievo\". Fare clic sul pulsante \"Preleva\". Associa l'indirizzo del tuo portafoglio TRX e imposta una password di pagamento per la prima volta, quindi specifica l'importo del prelievo, seleziona l'indirizzo del tuo portafoglio e fai clic per prelevare.",
    "what_is_level_and_how_do_i_increase_it": "Cos'è il livello e come posso aumentarlo",
    "tron_marketing_uses_level_design": "Il marketing di TRON utilizza il level design. Più elettricità acquista un utente, più alto è il suo livello. La redditività dipende direttamente dal livello di acquisizione. Se l'utente iniziale di VIP1 guadagna l'8% al giorno, all'aumentare della potenza disponibile per il mining, il VIP10 con la redditività più alta può guadagnare il 36% al giorno",
    "i_made_a_withdrawal_request_but_it_hasnt_arrived_in_my_wallet_yet": "Ho effettuato una richiesta di prelievo ma non è ancora arrivata nel mio portafoglio",
    "all_requests_are_handled_by_a_set_of_system_automatic_modes": "Tutte le richieste sono gestite da una serie di modalità automatiche del sistema. La richiesta viene generalmente elaborata entro 1 minuto",
    "what_payment_systems_does_this_project_have_for_deposits": "Quali sistemi di pagamento prevede questo progetto per i depositi",
    "you_can_deposit_using_a_payment_system_like_this": "Puoi depositare utilizzando un sistema di pagamento come questo",
    "what_payment_systems_does_this_project_have_for_withdrawals": "Quali sistemi di pagamento prevede questo progetto per i prelievi",
    "you_can_withdraw_money_using_this_payment_system": "Puoi prelevare denaro utilizzando questo sistema di pagamento",
    "how_to_change_account_password": "Come cambiare la password dell'account",
    "click_the_change_password_function_on_the_my_tab_on_the_lower_right": "Fai clic sulla funzione \"Cambia password\" nella scheda \"Il mio\" nell'angolo in basso a destra della pagina. Inserisci la tua vecchia password e la nuova password per modificarla",
    "what_if_i_forget_my_withdrawal_password": "Cosa succede se dimentico la mia password di prelievo?",
    "please_use_the_email_address_you_reserved_when_registering_to_send_username": "Utilizza l'indirizzo email che hai riservato al momento della registrazione per inviare (nome utente: .... 'password di prelievo dimenticata') al nostro indirizzo email ufficiale: tronrico68@gmail.com",
    "what_should_i_do_if_i_need_to_change_my_wallet_address": "Cosa devo fare se ho bisogno di cambiare l'indirizzo del mio portafoglio",
    "please_use_the_email_address_you_reserved_when_registering_to_send": "Utilizza l'indirizzo email che hai riservato al momento della registrazione per inviare (nome utente e nuovo indirizzo del portafoglio) al nostro indirizzo email ufficiale: tronrico68@gmail.com",
    "how_to_top_up": "Come ricaricare",
    "to_make_a_deposit_you_need_to_log_into_your_account": "Per effettuare un deposito, devi accedere al tuo account e andare alla pagina di mining. In alto vedrai il pulsante \"Deposito\". Una volta nella pagina di deposito, seleziona la valuta che desideri depositare. Successivamente, ti verrà fornito l'indirizzo del portafoglio a cui dovrai inviare le tue criptovalute. I depositi verranno accreditati entro 1 minuto.",
    "your_account_may_be_frozen_under_the_following_circumstances": "Il tuo account potrebbe essere bloccato nelle seguenti circostanze",
    "trontin_takes_a_responsible_approach_to_protect_the_personal_data": "TRONTIN adotta un approccio responsabile per proteggere i dati personali dei propri utenti e la sicurezza del proprio sito web. Qualsiasi tentativo di raccogliere informazioni personali dell'utente, hacking del codice del sito web, uso improprio del programma di affiliazione, accesso agli account utente tramite hacking, utilizzo di servizi di terzi per aumentare artificialmente il numero di partner e qualsiasi amministrazione che insulti il ​​sito web o i suoi utenti può essere motivo di sospensione dell'account dell'utente.",
    "I_didnt_find_the_answer_to_my_question_what_should_I_do": "Non ho trovato la risposta alla mia domanda, cosa dovrei fare?",
    "contact_online_customer_service_or_telegram_customer_service": "Contatta il servizio clienti online o il servizio clienti di Telegram",
    "how_to_deposit": "Come depositare",
    "click_deposit_on_the_platform_page": "Fai clic su \"Deposito\" nella pagina della piattaforma",
    "choose_to_transfer_to_the_basic_account_or_promotion_account": "Scegli di trasferire sull'account base o sull'account promozionale. Dopo essere entrato, puoi scegliere la valuta da depositare.",
    "select_a_top_up_enter_to_copy_the_deposit_address": "Seleziona una ricarica. Inserisci per copiare l'indirizzo di deposito.",
    "open_your_crypto_wallet_select_the_corresponding_currency_and_transfer": "Apri il tuo portafoglio crittografico, seleziona la valuta corrispondente ed effettua il trasferimento.",
    "paste_the_address_of_the_receiving_wallet": "Incolla l'indirizzo del portafoglio ricevente.",
    "enter_the_amount_you_plan_to_deposit_into_your_account": "Inserisci l'importo che intendi depositare sul tuo conto.",
    "click_next_and_confirm_completion": "Fare clic su \"Avanti\" e confermare il completamento.",
    "return_to_the_platform_and_click_the_recharge_button_note_the_last_step": "Torna alla piattaforma e fai clic sul pulsante \"Ricarica\". Nota: l'ultimo passaggio è tornare alla piattaforma e fare clic su \"Ricarica completata\". Una volta completata la ricarica, il conto verrà accreditato in tempo.",
    "how_to_withdraw_money": "Come prelevare denaro",
    "select_the_exit_button_on_the_homepage_then_use_your_exchange_wallet": "Seleziona il pulsante di uscita sulla home page, quindi utilizza il tuo exchange (portafoglio) per trovare l'indirizzo TRC20, copialo e collegalo alla piattaforma per uscire e la piattaforma regolerà la valuta TRX. Dopo aver effettuato con successo il prelievo, il conto verrà accreditato in 1-3 minuti.",
    "if_you_need_help_please_click_online_customer_service": "(Se hai bisogno di aiuto, fai clic sul servizio clienti online)",
    "announcement": "Annuncio",
    "my_message": "Il mio messaggio",
    "company_mining_and_revenue": "【Estrazione ed entrate aziendali】",
    "registered_members_will_be_given_56000trx_as_pledged_equity": "Ai membri registrati verranno dati 56.000 TRX come capitale promesso. Per attivare il conto è richiesto un deposito minimo di 10TRX e un prelievo minimo di 5TRX. Il reddito può essere ritirato o investito nell'attività mineraria.",
    "basic_investment_deposit_into_the_basic_account_and_automatically_join_the_contract_for_180_days": "[Investimento di base] Deposita sul conto base e aderisci automaticamente al contratto per 180 giorni [La durata del contratto decorre dal momento del primo deposito]. Il conto di base riceve entrate minerarie ogni giorno e può ricevere ogni giorno il 9%-38% dell'importo cumulativo dell'investimento. L'orario di regolamento del nostro sistema di piattaforma è: il momento del primo acquisto dell'utente, 24 ore dopo.",
    "for_example_the_first_purchase_time_is_1500_and_the_income_will_be_obtained_at_1500_the_next_day": "[Ad esempio: il primo orario di acquisto è alle 15:00 e il reddito verrà ottenuto alle 15:00 del giorno successivo] Il reddito non verrà depositato automaticamente sul conto e sarà necessario fare clic sul reddito ogni giorno; quando entra il mining, fai clic attivamente per ricevere le entrate.",
    "accumulated_deposits_of_10_2500_trx_automatically_upgraded_to_vip1_daily_withdrawal": "Depositi accumulati di 10-2500 trx, aggiornati automaticamente a VIP1, prelievo giornaliero del 9%.",
    "accumulated_deposits_of_2501_10000_trx_automatically_upgraded_to_vip2_10_daily_withdrawal": "Depositi accumulati di 2501-10000 trx, aggiornati automaticamente a VIP2, prelievo giornaliero del 10%.",
    "accumulated_deposits_of_10001_20000_trx_automatically_upgraded_to_vip3_daily_withdrawal": "Depositi accumulati di 10.001-20.000 trx, aggiornati automaticamente a VIP3, prelievi giornalieri dell'11%.",
    "accumulated_deposits_of_20001_50000_trx_automatically_upgraded_to_vip4_daily_withdrawal": "Depositi accumulati di 20001-50000 trx, aggiornati automaticamente a VIP4, prelievi giornalieri del 13%.",
    "accumulated_deposits_of_50001_100000_trx_automatically_upgraded_to_vip5_daily_withdrawal": "Depositi accumulati di 50001-100000 trx, aggiornati automaticamente a VIP5, prelievo giornaliero del 15%.",
    "accumulated_deposits_of_100001_200000_trx_automatically_upgraded_to_vip6_daily_withdrawal": "Depositi accumulati di 100001-200000 trx, aggiornati automaticamente a VIP6, prelievi giornalieri del 17%.",
    "accumulated_deposits_of_200001_500000_trx_automatically_upgraded_to_vip7_daily_withdrawal": "Depositi accumulati di 200001-500000 trx, aggiornati automaticamente a VIP7, prelievo giornaliero del 23%.",
    "accumulated_deposits_of_500001_1000000_trx_automatically_upgraded_to_vip8_daily_withdrawal": "Depositi accumulati di 500001-1000000 trx, aggiornati automaticamente a VIP8, prelievo giornaliero del 26%.",
    "accumulated_deposits_of_1000001_1600000_trx_automatically_upgraded_to_vip9_daily_withdrawal": "Depositi accumulati di 1000001-1600000 trx, aggiornati automaticamente a VIP9, prelievo giornaliero del 32%.",
    "accumulated_deposits_of_1600001_9999999_trx_automatically_upgraded_to_vip10_daily_withdrawal": "I depositi accumulati sono 1600001-9999999 trx, aggiornati automaticamente a VIP10, con prelievi giornalieri del 38%.",
    "automatically_upgrade_vip_level_instructions": "Aggiorna automaticamente il livello VIP e le istruzioni.",
    "the_system_will-determine_your_total_accumulated_deposit": "Il sistema determinerà il tuo deposito totale accumulato e ti aggiornerà automaticamente al livello appropriato. Ad esempio: la prima ricarica è 500 TRX, la seconda ricarica è 2001 TRX, [la ricarica cumulativa è 2501 TRX] il sistema si aggiornerà automaticamente a VIP2, e avrai VIP2. Il reddito giornaliero del livello è del 10% e così via.",
    "share_invitation_reward_description": "Condividi la descrizione del premio dell'invito",
    "invite_friends_description": "Invita gli amici con il link della promozione e il 13% del guadagno verrà ritirato immediatamente. Se consigli a centinaia di persone di iscriversi a Trontin, puoi diventare milionario. Massimo 18% (livello commissione 13% + livello 2 2% + livello 3 1%) 1: Ad esempio: inviti l'utente A, l'utente A deposita e investe 10.000 TRX, riceverai 1.300 TRX come ricompensa. L'utente A invita l'utente B, l'utente B deposita e investe 10.000 TRX e riceverai 200 TRX come ricompensa. L'utente B ispira ancora una volta l'utente C. L'utente C deposita e investe 10.000 TRX. Riceverai 100TRX come ricompensa. Le entrate della promozione verranno trasferite direttamente sul tuo conto della promozione. Puoi prelevare direttamente denaro o acquistare collegamenti alla piattaforma di promozione di prodotti finanziari per ottenere entrate dalla promozione e coltivare i membri del tuo team (la promozione può ottenere una certa percentuale delle entrate della promozione). Promuovi il tuo link di invito su familiari e amici, WhatsApp, gruppo Facebook, YouTube, Instagram, Twitter, gruppo Telegram o qualsiasi piattaforma di social media (Link di invito: accedi alla piattaforma e fai clic sul pulsante di condivisione per copiare il collegamento. Invia il collegamento ai tuoi amici o a qualsiasi piattaforma social. Di' loro che questa è la migliore piattaforma di mining di investimenti per prelevare almeno l'8%-36% dell'importo dell'investimento ogni giorno)",
    "official_platform_description": "Piattaforma ufficiale della mining pool TRONRICO",
    "the_official_platform_of_trontin_mining_pool": "La piattaforma ufficiale del pool minerario TRONRICO, denominata TRONRICO, è stata certificata dal TRON Blockchain Financial Center. Siamo un operatore TRON ufficiale e legale. Fornire ai clienti i servizi più stabili, sicuri ed efficienti! Dal 2020, noi e la sede centrale di TRON abbiamo bloccato più di 3.000 piattaforme contraffatte. Se incontri una piattaforma falsa, puoi contattarci e collaboreremo con la sede centrale di TRON per reprimere la piattaforma di certificazione ufficiale TRONRICO.",
    "trontin_msb_registration_certificate": "Certificato di registrazione TRONRICO MSB",
    "tax_registration_certificate": "certificato di registrazione fiscale",
    "TRONTIN_White_Paper": "TRONRICO Libro Bianco",
    "click_to_view_trontin_white_paper": "Fare clic per visualizzare il white paper di TRONRICO",
    "news_report": "Rapporto di notizie",
    "trontin_launches_revolutionary_cloud_mining_platform": "TRONRICO lancia la rivoluzionaria piattaforma di cloud mining",
    "click_to_view": "Fare clic per visualizzare",
    "contact_us": "contattaci",
    "company_website": "Sito web aziendale",
    "company_telegram": "Telegramma aziendale",
    "telegram_channel": "Canale Telegram",
    "email": "E-mail",
    "company_address": "8 Marina Blvd, Torre 1, piano 31° e 32°, Centro finanziario Marina Bay Singapore",
    "invite_friends_to_recharge": "Invita gli amici a ricaricarsi per ottenere gli sconti corrispondenti",
    "level": "Livello",
    "rebate": "Sconto",
    "price": "Prezzo",
    "available_balance": "Saldo disponibile",
    "limit_quantity": "Limitare la quantità",
    "purchase_quantity": "Quantità di acquisto",
    "daily_interest_rate": "Tasso di interesse giornaliero",
    "real_time": "Tempo reale",
    "participate_in_investment": "Partecipare agli investimenti",
    "project_rules": "Regole del progetto",
    "repayment_method": "Metodo di rimborso",
    "repay_principal_and_interest_at_maturity": "Rimborsare capitale e interessi alla scadenza",
    "unit_price": "prezzo unitario",
    "daily_rate_of_return": "Tasso di rendimento giornaliero",
    "investment_cycle": "Ciclo degli investimenti",
    "expected_profit": "profitto atteso",
    "project_introduction": "Introduzione al progetto",
    "tron_love_mining_machine": "Macchina mineraria TRON LOVE Ciclo breve e reddito stabile sono una buona scelta. Il reddito giornaliero è del 4,57%-4,7% e il ciclo è di 3 giorni. Al termine del ciclo, verrà distribuito direttamente sul tuo [conto promozione] insieme al capitale e al reddito ottenuto durante il ciclo. Puoi prelevare denaro direttamente; questa piattaforma supporta il mining di investimenti TRX, ETH, BNB, DOGE, USDT (ERC20 TRC20 BEP20).",
    "notice": "AVVISO",
    "confirmation_transfer": "Sei sicuro di volerti trasferire?",
    "home": "Casa",
    "invest": "Investire",
    "mine": "Me",
    "Account_6_16_characters_no_spaces_allowed": "Account,6-16 caratteri, nessuno spazio consentito",
    "Area_code_plus_mobile_number": "Prefisso + numero di cellulare",
    "recommendation_code": "Codice di raccomandazione",
    "global_partners": "Partner globali",
    "email_verification_code": "Codice di verifica e-mail",
    "otp": "OTP",
    "enter_a_new_password": "Inserisci una nuova password",
    "wallet_found": "Fondi del portafoglio",
    "need_traded": "Ho bisogno di essere scambiato",
    "already_traded": "Già scambiato",
    "number_of_withdrawals": "Numero di prelievi",
    "allow_withdrawal": "Consenti il ​​ritiro",
    "yes": "SÌ",
    "minimum_withdrawal": "Prelievo minimo",
    "enter_withdrawal_amount": "Inserisci l'importo del prelievo",
    "please_enter": "Per favore entra",
    "loading": "Caricamento",
    "confirm_password": "Conferma password",
    "original_payment_password": "Password di pagamento originale",
    "invest_product": "Investimento intelligente",
    "purchased": "acquistato",
    "total_income": "reddito totale",
    "principal": "principale",
    "total_principal_and_interest": "capitale totale e interessi",
    "how_to_deposit_funds_on_the_ai_trading_platform": "1. Come depositare fondi sulla piattaforma di trading AI",
    "step_1_get_your_deposit_address": "Passaggio 1: ottieni il tuo indirizzo di deposito",
    "log_into_your_ai_trading_account": "Accedi al tuo conto di trading AI",
    "head_to_the_deposit_page": "Vai alla pagina \"Deposito\".",
    "choose_your_cryptocurrency": "Scegli la tua criptovaluta (TRC20, BEP20, BNB o TRX)",
    "generate_the_deposit_address_and_copy_it_to_your_clipboard": "Genera l'indirizzo di deposito e copialo negli appunti",
    "step_2_send_funds_from_your_wallet": "Passaggio 2: invia fondi dal tuo portafoglio",
    "open_your_crypto_wallet_app": "Apri l'app del tuo portafoglio crittografico (ad esempio MetaMask, Trust Wallet)",
    "select_the_correct_network": "Seleziona la rete corretta (TRC20 o BEP20)",
    "paste_the_copied_deposit_address_as_the_recipient": "Incolla l'indirizzo di deposito copiato come destinatario",
    "input_the_amount_you_want_to_deposit_and_confirm_the_send": "Inserisci l'importo che desideri depositare e conferma l'invio",
    "wait_for_confirmation_on_the_blockchain": "Attendi la conferma sulla blockchain (di solito qualche minuto)",
    "step_3_confirm_your_deposit": "Passaggio 3: conferma il tuo deposito",
    "go_to_transaction_history_to_track_progress": "Vai su \"Cronologia transazioni\" per monitorare i progressi",
    "click_complete_deposit_once_transaction_is_verified": "Fai clic su \"Completa deposito\" una volta verificata la transazione",
    "if_your_deposit_doesnt_reflect_within_30_minutes_reach_out_to_support": "Se il tuo deposito non viene visualizzato entro 30 minuti, contatta l'assistenza",
    "how_to_withdraw_funds_from_the_ai_trading_platform": "2. Come prelevare fondi dalla piattaforma di trading AI",
    "step_1_choose_your_withdrawal_option": "Passaggio 1: scegli la tua opzione di prelievo",
    "log_in_and_open_the_fund_management_tab": "Accedi e apri la scheda \"Gestione fondi\".",
    "click_withdraw_and_pick_your_preferred_network": "Fai clic su \"Preleva\" e scegli la tua rete preferita (TRC20\/BEP20\/BNB\/TRX)",
    "step_2_fill_in_withdrawal_information": "Passaggio 2: inserisci le informazioni sul prelievo",
    "enter_the_amount_you_want_to_withdraw": "Inserisci l'importo che desideri prelevare",
    "paste_your_wallet_address": "Incolla l'indirizzo del tuo portafoglio (assicurati che corrisponda alla rete corretta)",
    "complete_any_required_security_verification_steps": "Completa tutti i passaggi di verifica della sicurezza richiesti",
    "step_3_final_confirmation_and_submission": "Passaggio 3: conferma finale e invio",
    "double_check_all_the_details_before_submitting": "Ricontrolla tutti i dettagli prima di inviare",
    "withdrawals_usually_process_within_30_minutes": "I prelievi vengono generalmente elaborati entro 30 minuti",
    "track_the_progress_under_withdrawal_records": "Tieni traccia dei progressi in \"Record di prelievo\"",
    "important_notes": "Note importanti:",
    "double_check_your_wallet_address_crypto_transfers_cant_be_undone": "❗️Ricontrolla l'indirizzo del tuo portafoglio: i trasferimenti di criptovalute non possono essere annullati",
    "make_sure_to_meet_the_platforms_minimum_withdrawal_limit": "❗️ Assicurati di soddisfare il limite minimo di prelievo della piattaforma",
    "delays_can_occur_due_to_high_network_traffic": "❗️ Possono verificarsi ritardi a causa dell'elevato traffico di rete",
    "contact_live_chat_support_anytime_if_you_face_any_issues": "❗️ Contatta l'assistenza tramite chat dal vivo in qualsiasi momento in caso di problemi",
    "if_you_need_more_help_our_customer_service_team_is_available_24_7_via_live_chat": "Se hai bisogno di ulteriore aiuto, il nostro team di assistenza clienti è disponibile 24 ore su 24, 7 giorni su 7 tramite live chat",
    "what_is_chain_quant": "1. Cos'è Chain Quant?",
    "chain_quant_description": "Chain Quant è una piattaforma di trading quantitativo basata sull'intelligenza artificiale che unisce intelligenza artificiale e tecnologia blockchain per analizzare le tendenze del mercato delle criptovalute ed eseguire operazioni automatizzate, consentendo agli utenti di guadagnare rendimenti stabili con il minimo sforzo.",
    "core_services_of_chain_quant": "2. Servizi principali di Chain Quant",
    "quantitative_arbitrage_trading": "Trading di arbitraggio quantitativo\n – Utilizza le differenze di prezzo su più scambi per generare profitti a basso rischio\n – I sistemi basati sull’intelligenza artificiale monitorano i mercati 24 ore su 24, 7 giorni su 7 ed eseguono operazioni nei momenti ideali",
    "ai_auto_trading": "Trading automatico basato sull'intelligenza artificiale\n – Bot completamente automatizzati che utilizzano strategie predefinite come il trend-following e i sistemi a griglia\n – Gli algoritmi si adattano in tempo reale per limitare il rischio e aumentare i rendimenti",
    "fund_security": "Sicurezza del fondo\n – Implementa la crittografia multistrato con separazione del portafoglio freddo e caldo\n – Gli audit dei contratti intelligenti forniscono operazioni trasparenti e a prova di manomissione",
    "instant_deposits_withdrawals": "Depositi\/Prelievi istantanei\n – Depositi elaborati entro 1-3 minuti (supporta TRC20\/BEP20)\n – I prelievi sono rapidi e automatizzati: non è necessaria alcuna revisione manuale",
    "multiple_trading_modes": "Molteplici modalità di trading\n – Modalità Principiante: trading a basso rischio, completamente automatico\n – Modalità Pro: strumenti avanzati e controlli strategici per utenti esperti",
    "how_to_register_and_start_using_chain_quant": "3. Come registrarsi e iniziare a utilizzare Chain Quant?",
    "sign_up": "Passaggio 1: registrazione: \n Visita il sito web ufficiale di Chain Quant, fai clic su \"Registrazione gratuita\" e verifica tramite e-mail o telefono",
    "deposit_and_activate_ai_trading": "Passaggio 2: deposita e attiva il trading AI:\n Finanzia il tuo conto con USDT (TRC20 o BEP20)\n I fondi depositati vengono convertiti nel saldo di trading di Chain Quant",
    "launch_ai_trading": "Passaggio 3: avvia il trading AI:\n Fai clic su \"Trading quantitativo\" per attivare il tuo bot AI personale\n Il sistema avvia operazioni automatizzate volte a generare profitti giornalieri",
    "how_to_earn_with_chain_quant": "Come Guadagnare con Chain Quant?",
    "arbitrage_profits": "– Metodo 1: Profitti di arbitraggio:\n L’intelligenza artificiale individua i divari di prezzo (ad esempio, acquista a basso su una borsa, vendi a alto su un’altra)",
    "ai_trading_returns": "– Metodo 2: Rendimenti del trading AI:\n Gli algoritmi utilizzano i dati di tendenza per acquistare a prezzi bassi e vendere a prezzi alti automaticamente",
    "referral_rewards": "– Metodo 3: Premi per i referral:\n Invita altri e guadagna commissioni dalle loro operazioni",
    "why_choose_chain_quant": "5. Perché scegliere ChainQuant?",
    "ai_automation": "✓ Automazione AI 24 ore su 24, 7 giorni su 7: non perdere mai un'opportunità di trading",
    "military_grade_security": "✓ Sicurezza di livello militare: portafogli freddi e crittografia di alto livello",
    "dual_trading_modes": "✓ Doppia modalità di trading: perfetta sia per i principianti che per i professionisti",
    "reliable_returns": "✓ Rendimenti affidabili – Supportati da analisi di mercato in tempo reale",
    "free_daily_withdrawals": "✓ Prelievi giornalieri gratuiti: goditi un prelievo gratuito ogni giorno",
    "start_your_journey_with_chain_quant": "Inizia oggi il tuo viaggio con Chain Quant e lascia che l'automazione intelligente lavori per il tuo futuro crittografico!",
    "chain_quant_ltd": "CATENA QUANT LTD",
    "driving_the_future_of_ai": "Guidare il futuro dell'intelligenza artificiale, dei big data e dell'automazione",
    "at_chain_quant_we_harness": "Noi di Chain Quant sfruttiamo la potenza dell'intelligenza artificiale all'avanguardia, dei big data e dell'automazione avanzata per accelerare la trasformazione digitale globale. La nostra missione è fornire alle organizzazioni soluzioni intelligenti e scalabili che alimentano la crescita del business e danno forma a un futuro più connesso ed efficiente.",
    "core_services": "Servizi principali",
    "ai_solutions": "Soluzioni AI: integrazione del machine learning e del deep learning per ottimizzare le operazioni e massimizzare l'efficienza.",
    "big_data_analytics": "Big Data Analytics: fornitura di una potente infrastruttura di dati e informazioni fruibili per un processo decisionale intelligente e una crescita sostenibile.",
    "automation_integration": "Integrazione dell'automazione: progettazione di flussi di lavoro di automazione personalizzati che riducono i costi, eliminano le ridondanze e aumentano la produttività.",
    "strategic_industry_consulting": "Consulenza strategica di settore – Fornire informazioni di mercato lungimiranti e guidate dalla tecnologia per guidare le strategie di trasformazione digitale.",
    "our_core_values": "I nostri valori fondamentali",
    "innovation_driven": "Orientati all’innovazione – Sfidiamo lo status quo e spingiamo i confini di ciò che è possibile fare con la tecnologia.",
    "client_centric": "Incentrato sul cliente: ogni soluzione è adattata alle esigenze specifiche e agli obiettivi in ​​evoluzione dei nostri clienti.",
    "integrity_accountability": "Integrità e responsabilità: trasparenza e fiducia sono le basi di ogni partnership che costruiamo.",
    "vision": "Visione",
    "to_lead_globally_in_ai": "Essere leader a livello globale nell’intelligenza artificiale e nell’innovazione basata sui dati, consentendo alle PMI di prosperare nell’economia digitale promuovendo al contempo l’uso responsabile della tecnologia e la trasformazione etica.",
    "innovation_philosophy": "Filosofia dell'innovazione",
    "we_pioneer_the_smart_ecosystem": "Siamo pionieri dello Smart Ecosystem: un'infrastruttura digitale intersettoriale protetta da blockchain che consente collaborazione, trasparenza e intelligence avanzata senza soluzione di continuità nei mercati globali.",
    "corporate_information": "Informazioni aziendali",
    "legal_name": "Nome legale",
    "company_number": "Numero dell'azienda",
    "incorporation_date": "Data di costituzione",
    "registered_address": "Indirizzo registrato",
    "for_official_filings": "Per archiviazioni e verifiche ufficiali, fare riferimento al registro del governo del Regno Unito:",
    "uk_government_registry": "Registro del governo del Regno Unito",
    "secure_and_fast_transactions": "Ritiro in 24 ore",
    "withdraw_account": "Conto di prelievo",
    "withdrawal_method": "Metodo di prelievo",
    "quota": "Quota 1 - 650000",
    "enter_withal_address": "indirizzo di ritiro",
    "enter_password": "Password",
    "handling_fees": "Commissioni di gestione",
    "actually_received": "Ricevi effettivamente",
    "press_release": "Comunicato stampa",
    "relese_date": "03 febbraio 2024",
    "we_are_thrilled_to_announce": "Siamo entusiasti di annunciare ufficialmente il lancio di Chain Quant il 15 medio 2024!",
    "Chain_Quant_is_a_global_powerhouse": "Chain Quant è una potenza globale nel trading quantitativo e nell'arbitraggio di criptovalute basato sull'intelligenza artificiale, che offre soluzioni di trading intelligenti e velocissime che massimizzano la redditività e potenziano l'evoluzione della finanza digitale.",
    "platform_highlights": "Punti salienti della piattaforma",
    "seamless_multi_exchange_integration": "Integrazione multi-exchange perfetta: supporta Binance, Coinbase, Huobi e altro",
    "ultra_fast_arbitrage_execution": "Esecuzione di arbitraggio ultraveloce: opportunità di acquisto-basso\/vendita-alto in meno di un secondo",
    "fully_autonomous_trading": "Trading completamente autonomo: basato sull'intelligenza artificiale al 100%, senza bisogno di input manuali",
    "be_among_the_first_to_experience": "Sii tra i primi a sperimentare il trading di nuova generazione.",
    "register_now": "Registrati ora e prendi il controllo del futuro con Chain Quant, dove la precisione incontra le prestazioni nella finanza intelligente.",
    "chain_quantity_quantitative_investment_program": "Programma di investimenti quantitativi a catena. Sistema VIP a più livelli per un reddito passivo automatizzato",
    "vip_levels_rewards": "Livelli e premi VIP",
    "vip_level_deposit_range_daily_return": "Intervallo di deposito di livello VIP (USDT) Rendimento giornaliero (%)",
    "vip_1_deposit_range_daily_return": "VIP 1 $ 10 – $ 199 2,46% – 2,52%",
    "vip_2_deposit_range_daily_return": "VIP 2 $200 – $999 2,71% – 2,72%",
    "vip_3_deposit_range_daily_return": "VIP 3 $ 1.000 – $ 4.999 2,92% – 2,98%",
    "vip_4_deposit_range_daily_return": "VIP 4 $ 5.000 – $ 9.999 3,15% – 3,19%",
    "vip_5_deposit_range_daily_return": "VIP 5 $ 10.000 – $ 14.999 3,36% – 3,40%",
    "vip_6_deposit_range_daily_return": "VIP 6 $ 15.000 – $ 29.999 3,69% – 3,73%",
    "vip_7_deposit_range_daily_return": "VIP 7 $ 30.000 – $ 59.999 3,92% – 3,97%",
    "vip_8_deposit_range_daily_return": "VIP 8 $ 60.000 – $ 99.999 4,25% – 4,27%",
    "vip_9_deposit_range_daily_return": "VIP 9 $ 100.000 – $ 149.999 4,54% – 4,58%",
    "vip_10_deposit_range_daily_return": "VIP 10 $ 150.000 – $ 200.000 5,01% – 5,10%",
    "chain_quantity_operates_on_progressive_model": "Chain Quantità opera su un modello di investimento progressivo progettato per scalabilità e semplicità.",
    "start_with_10_usdt_activate_quantity_1": "Inizia con soli 10 USDT per attivare la Quantità 1",
    "upgrade_to_quantity_2_by_adding_989_usdt": "Aggiorna alla quantità 2 aggiungendo 989 USDT (totale: 999 USDT)",
    "minimum_deposit_10_usdt": "Deposito basso: 10 USDT",
    "minimum_withdrawal_2_usdt": "Prelievo minimo: 2 USDT",
    "example_investing_1000_usdt_unlocks_vip_3": "Investendo 1.000 USDT si sblocca VIP 3",
    "daily_earnings_example": "Guadagno giornaliero = 1.000 × 2,92% = 29,2 USDT",
    "program_highlights": "Punti salienti del programma",
    "validity_per_vip_tier": "⏳ Validità di 180 giorni per livello VIP",
    "daily_system_reset": "🕛 Ripristino giornaliero del sistema alle 00:00 SGT",
    "automatic_upgrades": "🔓 Upgrade automatici al raggiungimento della soglia successiva",
    "instant_withdrawals": "💸 Prelievi istantanei dal saldo delle commissioni",
    "why_choose_chain_quantity": "Perché scegliere la quantità di catena?",
    "higher_tiers_offer_better_returns": "✅ I livelli più alti offrono rendimenti significativamente migliori",
    "no_lock_up_periods": "✅ Nessun periodo di blocco: i fondi rimangono accessibili",
    "real_time_profit_tracking": "✅ Monitoraggio dei profitti in tempo reale tramite dashboard",
    "transparent_automated_system": "✅ Sistema trasparente e automatizzato al 100%.",
    "sustainable_passive_income_model": "Guadagna un reddito passivo e sostenibile con il nostro modello intelligente a più livelli: creato per la crescita, ottimizzato per i premi.",
    "example": "Esempio",
    "chain_quantity_team_rewards_program": "Programma di premi per team di quantità a catena",
    "unlock_powerful_earning_potential": "Sblocca un potente potenziale di guadagno con il nostro sistema di commissioni strutturato multi-livello e opportunità di agenti esclusivi.",
    "multi_level_commission_structure": "Struttura della commissione multilivello",
    "maximize_rewards_tiered_referral_program": "Massimizza i tuoi premi attraverso il nostro programma di riferimento a più livelli:",
    "level_1_direct_referrals_earn_15_percent": "Livello 1 (Referral diretti): guadagna una commissione del 15%.",
    "level_2_indirect_referrals_earn_2_percent": "Livello 2 (Referral indiretti): guadagna una commissione del 2%.",
    "level_3_extended_network_earn_1_percent": "Livello 3 (Rete estesa): guadagna una commissione dell'1%.",
    "earn_every_time_referrals_deposit_funds": "Guadagni ogni volta che i tuoi referral - e i loro referral - depositano fondi.",
    "global_agent_recruitment": "Reclutamento di agenti globali",
    "expanding_reach_motivated_partners": "Stiamo espandendo la nostra portata e cercando partner motivati:",
    "national_agents_earn_5_percent": "Agenti nazionali: guadagna una commissione del 5%.",
    "city_agents_earn_4_percent": "Agenti cittadini: guadagna una commissione del 4%.",
    "regional_agents_earn_3_percent": "Agenti regionali: guadagna una commissione del 3%.",
    "build_your_network": "Costruisci la tua rete:",
    "launch_telegram_whatsapp_community": "Avvia la tua comunità Telegram o WhatsApp",
    "invite_official_support_team": "Invita il nostro team di supporto ufficiale a partecipare",
    "grow_team_unlock_exponential_earning": "Fai crescere la tua squadra e sblocca opportunità di guadagno esponenziali",
    "referral_bonus_example": "Esempio di bonus di riferimento",
    "member_deposit_commission_rate_earnings": "Commissione di deposito dei membri Valuta i tuoi guadagni",
    "member_a_1000_usdt_15_percent_150_usdt": "Membro A 1.000 USDT 15% 150 USDT",
    "member_b_1000_usdt_2_percent_20_usdt": "Membro B 1.000 USDT 2% 20 USDT",
    "member_c_1000_usdt_1_percent_10_usdt": "Membro C 1.000 USDT 1% 10 USDT",
    "earn_bonuses_team_members_deposit": "Guadagni bonus ogni volta che i membri del tuo team depositano.",
    "daily_agent_bonus_rewards": "Premi bonus giornalieri per l'agente",
    "top_performing_agents_rewarded_daily": "Gli agenti con le migliori prestazioni vengono premiati automaticamente, in base ai depositi giornalieri del team:",
    "1000_usdt_60_usdt_bonus": "1.000 USDT → 60 USDT BONUS",
    "5000_usdt_188_usdt_bonus": "5.000 USDT → 188 USDT BONUS",
    "16000_usdt_388_usdt_bonus": "16.000 USDT → 388 USDT BONUS",
    "58000_usdt_1483_usdt_bonus": "58.000 USDT → 1.483 USDT BONUS",
    "100000_usdt_6450_usdt_bonus": "100.000 USDT → 6.450 USDT BONUS",
    "500000_usdt_99999_usdt_bonus": "500.000 USDT → 99.999 USDT BONUS",
    "bonuses_cumulative_instantly_withdrawable": "Tutti i bonus sono cumulativi e immediatamente prelevabili in USDT.",
    "join_today_grow_network_start_earning": "Iscriviti oggi, fai crescere la tua rete e inizia a guadagnare come mai prima d'ora.",
    "recharge_amount": "Importo della ricarica",
    "current_amount": "Importo attualmente disponibile",
    "todays_earning": "Guadagni di oggi",
    "total_revenue": "Entrate totali",
    "invitation_rewareds": "Premi per l'invito",
    "more_level_comming": "Altri livelli in arrivo...",
    "per_day": "Tempi di quantificazione al giorno",
    "agree_with_our": "D'accordo con il ns",
    "terms_of_use": "Termini di utilizzo",
    "and": "E",
    "privacy_policy": "politica sulla riservatezza",
    "no_account": "Nessun conto?",
    "security_password": "Password di sicurezza",
    "processing": "Elaborazione...",
    "already_have_an_account": "Hai già un account?",
    "verify_email_title": "Verifica e-mail",
    "enter_your_verification_code": "Inserisci il tuo codice di verifica",
    "verifying": "Verifica...",
    "verify_email": "Verifica e-mail",
    "check_inbox_and_spam_html": "Controlla la posta in arrivo e la cartella per l'e-mail di verifica.",
    "total_assets": "Patrimonio totale",
    "quantitative_account": "Conto quantitativo",
    "agent_corperation": "Cooperazione tra agenti",
    "activity": "Attività di squadra",
    "unread_messages_alert": "Hai messaggi non letti sul sito, vai a controllare il contenuto del messaggio!",
    "vip": "VIP",
    "trial_fee": "Commissione di prova",
    "profit_assets": "Attività di profitto",
    "todays_earnings": "Guadagni di oggi",
    "quantifiable_number_of_days": "Numero quantificabile di giorni",
    "countdown_days": "Giorni del conto alla rovescia",
    "quantify_reset_time": "Quantificare il tempo di ripristino",
    "start_quantify": "Inizia a quantificare",
    "quantification_process": "Processo di quantificazione",
    "start_quantification": "Inizia la quantificazione...",
    "start_queuing": "Inizia a fare la fila...",
    "start_executing_buy_order": "Inizia a eseguire l'ordine di acquisto...",
    "start_executing_sell_order": "Inizia a eseguire l'ordine di vendita...",
    "start_capturing_market_prices": "Inizia a catturare i prezzi di mercato del trading...",
    "start_distributing_commissions": "Inizia a distribuire le commissioni...",
    "operation_complete": "L'operazione è completata e sta per concludersi.",
    "current_vip": "VIP attuale",
    "click_to_unlock": "Fare clic per sbloccare",
    "quantification_times_per_day": "Tempi di quantificazione al giorno",
    "profit_ratio": "Rapporto profitto",
    "minimum_unlock_amount": "Importo minimo di sblocco",
    "recharge_unlock_message": "Ricarica sblocca automaticamente Ricarica {{minUnclock}}USDT",
    "quantitative_benefits": "Benefici quantitativi",
    "deposit_into_basic_wallet": "Deposita nel portafoglio base",
    "invest_record": "Investire record",
    "build_team_rewards": "Costruisci una squadra e ottieni generose ricompense",
    "my_invitation_code": "Il mio codice di invito",
    "invite_link": "Collegamento di invito",
    "view_the_team": "Visualizza la squadra",
    "daily_commissions": "Commissioni giornaliere",
    "invited_friends_recharge_rebates": "Invita i tuoi amici a ottenere gli sconti corrispondenti quando ricaricano:",
    "recharge_rebate": "Sconto ricarica",
    "quantify_rebate": "Quantificare lo sconto",
    "copy_success": "Copia successo",
    "withdraw": "Ritirare",
    "sign_out": "Disconnessione",
    "hello_username": "Ciao, {{nome utente}}",
    "welcome_back": "Bentornato",
    "investment_accounts": "Conti di investimento",
    "commission_today": "Commissione Oggi",
    "yesterdays_earnings": "I guadagni di ieri",
    "detail": "Dettaglio",
    "transfer": "Trasferire",
    "news": "Notizia",
    "security_center": "Centro di sicurezza",
    "company_profile": "Profilo Aziendale",
    "about_us": "Chi siamo",
    "twenty_four_hour_withdrawal": "Ritiro entro 48 ore",
    "withdrawable": "Estraibile",
    "amount_to_be_processed": "Importo da elaborare",
    "payment_method": "Metodo di pagamento",
    "withdrawal_limit_range": "Intervallo limite di prelievo 7,00 - 99999999,00",
    "withdrawal_address": "Indirizzo di ritiro",
    "handling_fee": "Commissione di gestione",
    "receipt": "Ricevuta",
    "withdrawal_note": "Nota di ritiro",
    "withdrawal_policy_title": "Politica di prelievo (ToobitQuant)",
    "minimum_withdrawal_amount": "Importo minimo di prelievo",
    "withdrawal_fee": "Commissione di prelievo",
    "withdrawal_frequency": "Frequenza di prelievo",
    "withdrawal_frequency_desc": "Una volta al giorno, disponibile dal lunedì alla domenica (ora di Singapore)",
    "processing_time": "Tempo di elaborazione",
    "processing_time_desc": "I prelievi vengono generalmente elaborati entro 0-48 ore dall'invio della richiesta e verranno trasferiti direttamente sul tuo portafoglio.",
    "mining_machine_energy_failure": "Guasto energetico alla macchina mineraria, ricarica {{amount}} USDT",
    "financial": "Finanziario",
    "usdt": "USDT",
    "failed_to_fetch_data": "Impossibile recuperare i dati.",
    "note_before_switching_accounts": "Nota: prima di cambiare account di ricarica, conferma che la ricarica precedente è stata ricevuta!",
    "quant_account_desc": "Deposita su questo conto per ottenere rendimenti quantificati intelligenti",
    "investment_account_desc": "I depositi su questo conto possono essere utilizzati per investire in progetti di crowdfunding",
    "recharge_address": "Indirizzo di ricarica",
    "recharge_complete": "Ricarica completata",
    "deposit_instruction_1": "1. Copia l'indirizzo sopra o scansiona il codice QR e seleziona",
    "network_deposit": "rete per depositare asset.",
    "invite_top_up_rewards": "Invita gli amici a ricaricare per la prima volta e potrai ottenere i seguenti premi",
    "number_of_invited_people": "Numero di persone invitate",
    "invitation_rewards_label": "Premi per l'invito:",
    "usdt_automatic_distribution": "Distribuzione automatica USDT",
    "invitee_first_recharge_needs_to_be_in": "La prima ricarica dell'invitato deve essere completata",
    "above": "Sopra",
    "tiered_rewards_intro": "Invita un certo numero di persone e ricevi premi a livelli:",
    "count": "Contare",
    "award": "Premio",
    "unlimited": "Illimitato",
    "auto": "Auto",
    "claimed": "Reclamato",
    "remaining": "Rimanente",
    "failed_to_load_invite_rewards": "Impossibile caricare i premi dell'invito.",
    "reward_claimed_successfully": "Premio richiesto con successo.",
    "unable_to_claim_reward": "Impossibile richiedere il premio. Per favore riprova.",
    "agent_cooperation": "Cooperazione tra agenti",
    "global_recruitment_title": "Reclutamento globale per dipendenti a tempo pieno Informazioni sul lavoro:",
    "positions_available_subtitle": "6 posizioni disponibili nel dipartimento marketing",
    "job_description_promotion_title": "Descrizione del lavoro e criteri di promozione:",
    "job_description_promotion_body": "Il Dipartimento Marketing offre le seguenti 6 posizioni in base al numero totale di utenti con livelli di ricarica riusciti al Livello 1 e al Livello 2. Le posizioni sono le seguenti:",
    "salary_tiers_intro": "Ogni posizione ha diversi livelli salariali. Più alta è la posizione, più alto è lo stipendio. I dettagli sono i seguenti:",
    "position": "Posizione",
    "level_1": "Livello 1",
    "level_1_plus": "Livello 1+",
    "level_2": "Livello 2",
    "weekly": "Settimanale",
    "salary": "Stipendio",
    "growth_catalyst": "Catalizzatore di crescita",
    "brand_architect": "Architetto del marchio",
    "engagement_guru": "Coinvolgimento degli insegnanti",
    "visionary_strategist": "Stratega visionario",
    "innovation_leader": "Leader dell'innovazione",
    "territory_commander": "Comandante del territorio",
    "meet_requirements_contact_manager": "Per gli utenti che soddisfano i requisiti della posizione, contattare il project manager per la verifica.",
    "salary_payment_method_timing": "Modalità e tempistiche di pagamento dello stipendio:",
    "salary_distribution_detail": "Gli stipendi verranno distribuiti sul conto del portafoglio ToobitQuant ogni lunedì dopo le 18:00.",
    "additional_rewards_title": "Premi aggiuntivi per i dipendenti a tempo pieno:",
    "additional_rewards_body": "Una volta che un dipendente diventa un membro permanente, riceverà anche una percentuale dei depositi settimanali totali del proprio team come ricompensa aggiuntiva. La struttura della ricompensa è la seguente:",
    "total_weekly_deposits_usdt": "Depositi settimanali totali (USDT)",
    "reward_percentage": "Percentuale di ricompensa",
    "commission": "Commissione",
    "commission_records": "Registri della Commissione",
    "valid_invitation_people_number": "Numero di persone di invito valide",
    "team_report": "Rapporto di squadra",
    "team_total_recharge": "Ricarica totale della squadra:",
    "team_total_withdrawal": "Ritiro totale della squadra:",
    "level_3": "Livello 3",
    "total_valid_label": "Totale\/Valido:",
    "get_commission_label": "Ottieni commissione:",
    "now_go": "Adesso vai",
    "brand_name": "TOOBIT",
    "press_release_date": "25 giugno 2025",
    "launch_announcement_prefix": "Siamo entusiasti di annunciare il lancio di",
    "launch_announcement_suffix": ", una piattaforma rivoluzionaria basata sull'intelligenza artificiale ora disponibile dal 5 settembre 2025.",
    "platform_description": "TOOBIT è progettato per elevare il futuro del trading di asset digitali, combinando la potenza dell'intelligenza artificiale con un'esecuzione rapidissima. Realizzata per la prossima generazione di investitori, la nostra piattaforma offre strumenti precisi per ottimizzare l'arbitraggio crittografico e le strategie di trading quantitativo, garantendo che il tuo portafoglio prosperi nel mercato altamente competitivo di oggi.",
    "key_features_title": "Caratteristiche principali di Toobit:",
    "feature_multi_exchange_title": "• Integrazione multi-scambio perfetta",
    "feature_multi_exchange_desc": "Connettiti facilmente con piattaforme leader come Binance, Coinbase, Kraken e altre, consentendo un trading efficiente tra gli scambi.",
    "feature_realtime_arbitrage_title": "• Rilevamento dell'arbitraggio in tempo reale",
    "feature_realtime_arbitrage_desc": "Con una reattività di livello millisecondo, Toobit identifica e sfrutta le opportunità redditizie non appena si presentano, assicurandoti di rimanere al passo con i tempi.",
    "feature_ai_autonomous_title": "• Ottimizzato per l'intelligenza artificiale, completamente autonomo",
    "feature_ai_autonomous_desc": "La nostra piattaforma è alimentata da un'intelligenza artificiale all'avanguardia, che consente strategie automatizzate e basate sui dati senza la necessità di input manuali, così puoi sederti e guardare il tuo portafoglio crescere.",
    "platform_mission": "Toobit è qui per rimodellare il panorama delle risorse digitali, consentendoti di fare trading in modo più intelligente, veloce ed efficiente. Che tu sia un trader esperto o che tu abbia appena iniziato, Toobit sblocca un nuovo regno di possibilità per massimizzare i rendimenti.",
    "platform_future_line": "Entra nel futuro del trading, dove l'innovazione incontra la precisione.",
    "agent_program_heading": "Programma di partnership con agenti QUANT",
    "agent_program_headline_prefix": "Entra nel futuro della finanza basata sull'intelligenza artificiale con",
    "agent_program_headline_suffix": "Programma per agenti globali",
    "agent_program_welcome": "Benvenuti nella prossima era della creazione di ricchezza intelligente. TOOBIT è orgoglioso di lanciare il suo Global Agent Program: un'opportunità unica per guadagnare un reddito passivo a lungo termine sfruttando la potenza del trading quantitativo basato sull'intelligenza artificiale.",
    "agent_program_revolution": "Mentre la rivoluzione della finanza digitale prende slancio, Toobit invita gli esperti di marketing, i leader della comunità e gli investitori a prendere parte alla definizione del futuro della finanza decentralizzata. La nostra rete di agenti è progettata per garantire scalabilità, flessibilità e redditività e offre un modo entusiasmante per aumentare le tue entrate aiutando gli altri a prosperare nell'economia digitale.",
    "agent_program_highlights": "Punti salienti del programma:",
    "agent_program_income": "• Potenziale di reddito a più livelli: guadagna sconti in base alle attività della tua rete, creando un flusso di reddito ricorrente man mano che la tua comunità si espande. Il tuo link di riferimento semplifica la promozione, senza che sia necessaria alcuna esperienza.",
    "agent_program_tools": "• Supporto e strumenti completi: accedi a funzionalità della piattaforma all'avanguardia, sconti in tempo reale e automazione del trading basata sull'intelligenza artificiale per rendere la promozione fluida e gratificante.",
    "agent_program_growth": "• Opportunità di crescita: progredisci attraverso i livelli (Città, Nazionale, Partner globale) e sblocca premi esclusivi, tra cui una partecipazione agli utili a vita pari o superiore al 20% e speciali privilegi regionali per i migliori agenti.",
    "agent_program_closing": "Che tu stia interagendo attraverso i social media, le reti di investitori o le comunità locali, Toobit garantisce che i tuoi sforzi siano ricompensati. Inizia a costruire il tuo futuro oggi e unisciti a noi mentre guidiamo la carica nel mondo della finanza intelligente. Il futuro del trading è qui. Toobit ti invita a farne parte.",
    "company_name_legal": "TOOBIT AI LIMITATO",
    "cp_p1_rest": "è stata fondata a Londra, nel Regno Unito, nel 2025 e si impegna a diventare un'impresa leader nel campo del trading intelligente basato su blockchain.",
    "cp_p2_rest": "è un sistema di trading quantitativo avanzato alimentato dalla tecnologia dell'intelligenza artificiale. La sua capacità principale risiede nell'esecuzione automatica di strategie di trading per massimizzare i rendimenti degli investimenti riducendo al minimo il rischio. Nello specifico, TOOBIT trasforma le decisioni di investimento in algoritmi informatici eseguibili, consentendo operazioni di trading trasparenti, efficienti e rapide che si adattano perfettamente alle fluttuazioni del mercato in tempo reale.",
    "cp_p3_suffix": "Le strategie di trading di si basano sulla matematica moderna, sulla statistica, sull'apprendimento automatico e sull'analisi continua delle tendenze di mercato e dei prezzi degli asset digitali per determinare le azioni di trading più efficaci. Attraverso algoritmi e modelli complessi, il sistema valuta i rischi di mercato e le opportunità di investimento, ottimizzando automaticamente le allocazioni di portafoglio in risposta alle mutevoli aspettative di rischio e rendimento.",
    "cp_p4": "Questo approccio completamente automatizzato elimina l’errore umano, migliora l’accuratezza delle transazioni e garantisce un adattamento coerente alle condizioni di mercato volatili e incerte.",
    "cp_p5_prefix": "In sostanza,",
    "cp_p5_suffix": "è un sistema di trading quantitativo di prossima generazione che fonde l'intelligenza artificiale con la moderna teoria finanziaria per implementare automaticamente strategie volte a massimizzare il profitto e minimizzare il rischio.",
    "label_company_name": "Nome dell'azienda",
    "label_company_number": "Numero dell'azienda",
    "label_incorporation_date": "Data di costituzione",
    "label_registered_capital": "Capitale sociale",
    "label_email": "E-mail",
    "label_phone": "Telefono",
    "label_registered_office": "Sede legale",
    "company_number_value": "16289541",
    "incorporation_date_value": "04 marzo 2025",
    "registered_capital_value": "100.000.000 di sterline",
    "email_value": "TOOBITquant.ai@gmail.com",
    "phone_value": "+44 7742 043280",
    "registered_office_value": "32 London Bridge St, Londra, Regno Unito SE1 9SG",
    "platform_bonus": "Bonus piattaforma",
    "failed_to_load_notices": "Impossibile caricare gli avvisi",
    "welcome_title": "Benvenuti in TOOBIT: sbloccare un futuro intelligente insieme",
    "withdraw_success": "Ritirare il successo",
    "deposit_success": "Deposito riuscito",
    "income_received": "Reddito ricevuto",
    "product": "Prodotto",
    "project_rule": "Regola del progetto",
    "repayment": "Rimborso",
    "maturity_principal_interest": "Capitale e interessi a scadenza",
    "daily_return": "Ritorno giornaliero",
    "invest_cycle": "Ciclo di investimento",
    "estimated_revenue": "Entrate stimate",
    "balance_not_enough_recharge": "Saldo non sufficiente, ricarica {{amount}} USDT",
    "ok": "OK",
    "transfer_amount": "Importo del trasferimento",
    "old_login_password": "Vecchia password di accesso",
    "new_login_password": "Nuova password di accesso",
    "old_payment_password": "Vecchia password di pagamento",
    "new_payment_password": "Nuova password di pagamento",
    "about_p1_tail": "è un sistema di trading quantitativo all’avanguardia alimentato dall’intelligenza artificiale. La sua caratteristica principale è l'esecuzione automatica di strategie di trading progettate per massimizzare i rendimenti degli investimenti minimizzando il rischio. Trasformando le decisioni di trading in algoritmi informatici, automatizza le strategie predefinite, rendendo il processo di trading più trasparente, efficiente e altamente reattivo ai cambiamenti del mercato.",
    "about_p2_a": "Le strategie quantitative impiegate da",
    "about_p2_b": "sfruttare la matematica moderna, la statistica, l'apprendimento automatico e l'analisi in tempo reale delle tendenze di mercato e dei prezzi delle criptovalute. Queste tecnologie avanzate consentono alla piattaforma di formulare piani di trading altamente ottimizzati.",
    "about_p2_c": "Allo stesso tempo,",
    "about_p2_d": "utilizza modelli complessi per valutare i rischi di mercato e identificare opportunità di investimento, ribilanciando automaticamente i portafogli in base al rapporto rischio-rendimento atteso. Questo approccio completamente automatizzato elimina l’errore umano, migliora la precisione e garantisce che il sistema possa adattarsi rapidamente alle condizioni di mercato volatili.",
    "about_p3_a": "In sostanza,",
    "about_p3_b": "integra l'intelligenza artificiale con la moderna teoria finanziaria per eseguire autonomamente strategie di investimento, perseguendo il duplice obiettivo di massimizzare il profitto e ridurre il rischio.",
    "about_p4_heading_tail": "Fonte di reddito e sicurezza finanziaria",
    "about_p5_tail": "opera secondo un modello di business reciprocamente vantaggioso insieme ai suoi utenti. Tutti i profitti sono generati attraverso le fluttuazioni dei prezzi nei mercati globali delle criptovalute. La natura decentralizzata e a prova di manomissione della tecnologia blockchain garantisce un ambiente di investimento aperto e trasparente, offrendo agli utenti un livello più forte di protezione finanziaria.",
    "about_p6_a": "In sintesi,",
    "about_p6_b": "offre agli utenti un sistema di trading intelligente progettato per supportare una crescita della ricchezza coerente e sostenibile. Ogni transazione non solo offre profitti agli utenti, ma genera anche entrate dalla piattaforma, formando una struttura vantaggiosa per tutti che supporta la stabilità finanziaria a lungo termine per entrambe le parti.",
    "about_p7_a": "Lavoriamo insieme per promuovere il sano sviluppo del settore blockchain. Con",
    "about_p7_b": "più individui possono padroneggiare con sicurezza ed efficienza il principio di acquistare a basso prezzo e vendere a prezzo alto attraverso sistemi di trading intelligenti e basati sull’intelligenza artificiale.",
    "about_p8_a": "Giunto alla quarta generazione,",
    "about_p8_b": "si è evoluto per diventare ancora più potente, offrendo funzionalità avanzate e ottimizzando l'esperienza dell'utente. Con un solo clic su \"Avvia quantificazione\", gli utenti possono iniziare a generare rendimenti in un solo minuto. Questo è il futuro degli investimenti intelligenti.",
    "open_support_drawer": "Aprire il cassetto di supporto",
    "online_service": "Servizio in linea",
    "choose_support_method": "Scegli il metodo di contatto preferito del servizio clienti online",
    "customer_support": "Assistenza clienti",
    "community_group": "Gruppo comunitario",
    "verify_code": "Verifica codice",
    "click_to_refresh": "Fare clic per aggiornare",
    "request_already_processing": "La tua richiesta è già in fase di elaborazione",
    "credential_not_match": "Questa credenziale non corrisponde ai nostri record",
    "generic_error": "Qualcosa è andato storto. Per favore riprova.",
    "system_notice": "Avviso di sistema",
    "failed_to_load_notice": "Impossibile caricare l'avviso",
    "no_data": "Nessun dato",
    "welcome_heading": "Benvenuto su TOOBIT!",
    "welcome_p1": "Siamo entusiasti di averti come parte della comunità TOOBIT. In qualità di azienda tecnologica lungimirante e all'avanguardia nell'innovazione, siamo qui per aiutarti a esplorare il potenziale illimitato dell'intelligenza artificiale.",
    "welcome_p2": "Grazie per aver scelto TOOBIT, sblocchiamo un futuro più intelligente e connesso. Se hai domande, il nostro team di supporto è sempre pronto ad aiutarti.",
    "email_verification": "Verifica e-mail",
    "pending": "In attesa di",
    "withdraw_asset": "Ritirare beni",
    "withdraw_deduction": "Detrazione per il prelievo",
    "quantitative_earning": "Guadagno quantitativo",
    "invited_friends_daily_commissions": "Invita gli amici a ottenere le commissioni giornaliere corrispondenti quando ricaricano:",
    "rejected": "Respinto",
    "consent_intro": "Continuando con un account situato in",
    "country_name": "Regno Unito",
    "consent_agreement": "accetti il ​​nostro",
    "terms_of_service": "Termini di servizio",
    "view_daily_check_in": "Visualizza il check-in giornaliero",
    "last_price_binance_spot": "Ultimo prezzo • Binance Spot",
    "high": "Alto",
    "low": "Basso",
    "volume": "Volume",
    "trades": "Commerci",
    "core_cooperative_financial_institutions": "Principali istituzioni finanziarie cooperative",
    "reward_page_title": "Premi di invito",
    "tab_direct": "Diretto",
    "tab_missions": "Missioni",
    "reward_task_prefix": "Completa l'attività con",
    "reward_task_middle": "membri attivi a livello",
    "mission_invite_prefix": "Invitare",
    "mission_invite_unit": "amici",
    "mission_invite_suffix": "per registrarsi",
    "mission_deposit_prefix": "Ottenere",
    "mission_deposit_middle": "depositi totali",
    "mission_deposit_suffix": "dalla tua squadra",
    "unit_usdt": "USDT",
    "progress_label": "Progressi",
    "refresh_label": "Aggiorna",
    "streak_title": "Serie attuale: {{current}} \/ {{goal}} giorni",
    "streak_info": "Richiedi ogni giorno per mantenere la tua serie di vittorie e guadagnare bonus. Perdere un giorno azzererà i tuoi progressi.",
    "reward_small": "0,01 USDT",
    "reward_big": "1 dollaro statunitense",
    "claim_button": "Richiedi il premio giornaliero",
    "company_profile_title": "Profilo Aziendale",
    "company_intro_1": "TOOBIT FOR TOOBIT LTD è stata fondata a Londra, Regno Unito nel 2004 e si impegna a diventare un'impresa leader nel campo del trading intelligente basato su blockchain.",
    "company_intro_2": "TOOBIT è un sistema avanzato di trading quantitativo alimentato dalla tecnologia dell'intelligenza artificiale. La sua capacità principale risiede nell'esecuzione automatica di strategie di trading per massimizzare i rendimenti degli investimenti riducendo al minimo il rischio.",
    "company_intro_3": "Le strategie di trading di TOOBIT si basano sulla matematica moderna, sulla statistica, sull'apprendimento automatico e sull'analisi continua delle tendenze di mercato e dei prezzi delle risorse digitali per determinare le azioni di trading più efficaci.",
    "company_intro_4": "Questo approccio completamente automatizzato elimina l’errore umano, migliora l’accuratezza delle transazioni e garantisce un adattamento coerente alle condizioni di mercato volatili e incerte.",
    "company_intro_5": "In sostanza, TOOBIT è un sistema di trading quantitativo di nuova generazione che fonde l'intelligenza artificiale con la moderna teoria finanziaria per implementare automaticamente strategie volte a massimizzare il profitto e minimizzare il rischio.",
    "company_name_label": "Nome dell'azienda:",
    "company_number_label": "Numero azienda:",
    "date_of_incorporation_label": "Data di costituzione:",
    "registered_office_label": "Sede legale:",
    "notice_title": "Segreti per la crescita della ricchezza",
    "notice_paragraph1": "Non dimenticare di reinvestire i tuoi guadagni e di accrescere la tua ricchezza ogni giorno!",
    "notice_paragraph2": "Attraverso l'interesse composto, il tuo denaro lavora per te, traendo profitto non solo dal tuo investimento iniziale ma anche dai tuoi profitti.",
    "notice_paragraph3": "Massimizza il tuo potenziale e moltiplica i tuoi guadagni.",
    "notice_paragraph4": "Non perdere questa opportunità: uniamoci e cresciamo insieme!",
    "notice_paragraph5": "Unisciti subito al programma di investimento Toobit e lascia che USDT generi automaticamente rendimenti per te! Unisciti a noi e raggiungi insieme nuove vette di ricchezza!",
    "notice_closeButton": "Vicino"
}