{
    "account": "ユーザー名",
    "quantify_records": "レコードの定量化",
    "finish": "仕上げる",
    "buy_platform": "プラットフォームを購入する",
    "purchase_price": "購入価格",
    "sales_platform": "販売プラットフォーム",
    "selling_price": "販売価格",
    "service_charge": "サービス料",
    "model": "モデル",
    "vip_model": "VIPモデル",
    "quantitative_strategy": "定量的戦略",
    "popular": "人気のある",
    "cryptocurrency_trading": "暗号通貨取引",
    "no_more_data": "データはもうありません",
    "check": "チェック",
    "execute_position": "実行ポジション",
    "wallet_account_balance": "ウォレットアカウントの残高",
    "not_limited": "限定されない",
    "daily_interest_payment": "毎日利息を支払い、満期には元本を返済",
    "share_rules": "共有ルール",
    "hello": "こんにちは",
    "register_an_account": "アカウントを登録する",
    "flexible_account": "定量的アカウント",
    "wallet_account": "スマートアカウント",
    "wave_field": "ヘルプセンター",
    "chain_quant": "Chain Quant: インテリジェントな定量取引プラットフォームの概要とユーザー ガイド",
    "how_to_get_benefits": "資金の入出金方法",
    "bandwidth": "会社紹介: チェーンクォント",
    "energy": "力",
    "welcome_to": "へようこそ",
    "official_telegram_channel": "公式電報チャンネル",
    "cloud_mining_hosting": "TRONOKX は信頼性の高いクラウド マイニングおよびステーキング サービスを提供し、12 日以内に元本を確実に回収します。当社のプラットフォームは、さまざまな投資ニーズに合わせて、入金額と毎日の出金率が異なる複数の VIP レベルを提供します。",
    "cloud_mining_hosting_2": "安全で信頼性が高く、収益性の高い革新的なクラウド マイニングおよびステーキング サービスの提供に特化した最先端のプラットフォームである TRONOKX をご紹介できることを嬉しく思います。当社のシステムは 12 日以内に元本を確実に回収し、エキサイティングで持続可能な金融エコシステムの一員となりながら、投資を迅速に拡大する機会を提供します。",
    "cloud_mining_hosting_3": "TRONOKX では、さまざまな投資能力に合わせて設計されたさまざまな VIP レベルを提供しています。各レベルには特定の入金範囲と毎日の出金率があり、投資から毎日の収益を得たいユーザーに柔軟なオプションを提供します。さまざまな VIP レベルの概要は次のとおりです。",
    "the_amount_of_vip1": "VIP 1: 入金範囲 10 ～ 1,000 TRX、毎日 9% の出金",
    "the_amount_of_vip2": "VIP 2: 入金範囲 1,001 ～ 2,000 TRX、毎日 10% の出金",
    "the_amount_of_vip3": "VIP 3: 入金範囲 2,001 ～ 10,000 TRX、毎日 13% の出金",
    "the_amount_of_vip4": "VIP 4: 入金範囲 10,001 ～ 50,000 TRX、毎日 15% の出金",
    "the_amount_of_vip5": "VIP 5: 入金範囲 50,001 ～ 200,000 TRX、毎日 17% の出金",
    "the_amount_of_vip6": "VIP 6: 入金範囲 200,001 ～ 300,000 TRX、毎日 20% の出金",
    "the_amount_of_vip7": "VIP 7: 入金範囲 300,001 ～ 500,000 TRX、毎日 23% の出金",
    "the_amount_of_vip8": "VIP 8: 入金範囲 500,001 ～ 800,000 TRX、毎日 28% の出金",
    "the_amount_of_vip9": "VIP 9: 入金範囲 800,001 ～ 1,500,000 TRX、毎日 35% の出金",
    "the_amount_of_vip10": "VIP 10: 入金範囲 1,500,001+ TRX、毎日 42% の出金",
    "the_amount_of_vip1_ann": "VIP 1: 10 ～ 1,000 TRX の入金の場合、毎日 9% のリターンを獲得できます。",
    "the_amount_of_vip2_ann": "VIP 2: 1,001 から 2,000 TRX までの入金の場合、毎日 10% の出金をお楽しみいただけます。",
    "the_amount_of_vip3_ann": "VIP 3: 2,001 から 10,000 TRX の入金は、毎日 13% の出金の対象となります。",
    "the_amount_of_vip4_ann": "VIP 4: 10,001 ～ 50,000 TRX の投資の場合、毎日 15% を受け取ります。",
    "the_amount_of_vip5_ann": "VIP 5: 50,001 ～ 200,000 TRX を入金すると、毎日 17% のリターンを受けることができます。",
    "the_amount_of_vip6_ann": "VIP 6: 200,001 ～ 300,000 TRX の入金により、毎日 20% が獲得できます。",
    "the_amount_of_vip7_ann": "VIP 6: 200,001 ～ 300,000 TRX の入金により、毎日 20% が獲得できます。",
    "the_amount_of_vip8_ann": "VIP 8: 500,001 から 800,000 TRX の入金は毎日 28% のリターンを受け取ります。",
    "the_amount_of_vip9_ann": "VIP 9: 800,001 から 1,500,000 TRX の高額な入金の場合は、毎日 35% の出金をお楽しみください。",
    "the_amount_of_vip10_ann": "VIP 10: 1,500,001 TRX を超えるデポジットの最高レベルでは、毎日 42% という驚異的なリターンが得られます。",
    "financial_turnaround": "すぐに利益を得たい方向けに、わずか 3 日以内に元金が返還される短期ファイナンシャル プランも提供しています。このプランは、より迅速な財務状況の改善を求めるユーザーに最適です。",
    "periodic_financial_management": "さらに、わずか 3 日以内に元本投資を確実に回収できる短期財務プランも提供しています。友達をプラットフォームに招待することで、追加の報酬を獲得することもできます。紹介プログラムは 3 つのレベルで構成されています。",
    "periodic_financial_management_ann": "これらの優れた投資機会に加えて、私たちはコミュニティの力を信じています。当社の招待特典プログラムでは、プラットフォームを友人や家族と共有することでさらに多くの収入を得ることができます。弊社の段階的紹介システムの仕組みは次のとおりです。",
    "the_unit_price_of_tron": "レベル 1: 直接紹介に対して 13% の報酬",
    "the_unit_price_of_tron2": "レベル 2: 第 2 レベルの紹介に対して 2% の報酬",
    "the_unit_price_of_tron3": "レベル 3: 第 3 レベルの紹介に対して 1% の報酬",
    "the_unit_price_of_tron4": "TRONOKX は長期的な持続可能性を念頭に設計されており、暗号通貨が存在する限り繁栄し続けるプラットフォームを提供します。今すぐ参加して、自信を持って収益を上げ、投資を拡大しましょう!",
    "the_unit_price_of_tron_ann": "レベル 1: 直接紹介により、その活動から 13% の報酬が得られます。",
    "the_unit_price_of_tron2_ann": "レベル 2: 第 2 レベルの紹介の場合、アクティビティの 2% を受け取ります。",
    "the_unit_price_of_tron3_ann": "レベル 3: 第 3 レベルからの紹介には、アクティビティの 1% が報酬として与えられます。",
    "the_unit_price_of_tron4_ann": "このマルチレベルの報酬システムにより、ネットワークの成長が成功に直接貢献し、雪だるま式に収入の可能性が生まれます。",
    "the_unit_price_of_tron5_ann": "TRONOKX の基盤は長期的な成長に基づいて構築されており、当社のプラットフォームは暗号通貨が繁栄し続ける限りその運営を維持できるように設計されています。当社のモデルでは、今日投資した価値が今後何年にもわたって収益をもたらし続けることが保証されます。 TRONOKX に参加することで、進化するデジタル資産の世界に合わせて永続的な金融機会を創出することに尽力するコミュニティの一員となることになります。",
    "the_unit_price_of_tron6_ann": "今すぐ始めて賢明に投資し、TRONOKX が提供する数多くの機会を最大限に活用することをお勧めします。クラウド マイニング、ステーキング、紹介プログラムを通じて、富を拡大し、暗号通貨の世界の主要な参加者になるチャンスがあります。",
    "join_now_ann": "今すぐ参加して、今日から稼ぎ始めましょう – デジタル金融の未来はここにあります!",
    "received": "受け取った",
    "minimum_yeild_requires": "最小数量には少なくともデポジットが必要です",
    "share_to": "共有先",
    "transiction_records": "取引記録",
    "transfer_to_flexible_account": "定量口座への転送",
    "transfer_into_flexible_account": "1. この口座への送金は、利息を得るために資金を入金するために使用でき、最初の投資時間から 24 時間後に手動で収益を受け取り、有効期限が切れたら元本を返すことができます。",
    "transfer_to_wallet_account": "スマートアカウントへの転送",
    "transfer_into_wallet_account": "2. この口座への振込は通常商品の購入にご利用いただけます。製品が異なれば、サイクルと収量も異なります。詳しくは商品紹介をご覧ください。",
    "no_records": "記録がありません",
    "energy_bandwidth": "チェーン数量が正式に発売",
    "you_send_virtual_currency_to_the_platform": "デジタルウォレットを使用して、指定された購入アドレスに仮想通貨を送信すると、TRONOKX がリソースの自動配布を処理します。当社のプラットフォームは TRON ネットワーク内の資産を活用して帯域幅とエネルギーを生成します。これらのリソースはパートナーのウォレットにリースされ、レンタル収益は TRONOKX に戻り、ユーザーに再分配されます。",
    "income_has_arrived": "収入が入ってきた",
    "profit_received": "受け取った利益",
    "invitation_rewards": "チェーン数量代理店パートナーシップ プログラム",
    "by_sharing_the_agent": "Chain Quant のグローバル エージェント プログラムで、AI を活用した金融の未来に足を踏み入れましょう。これは、インテリジェントな定量取引を通じて長期的な受動的収入への入り口となります。 AI 取引市場が加速する中、Chain Quant はマーケター、コミュニティ リーダー、先進的な投資家を当社のエージェント ネットワークの一員として招待することで、世界的な拠点を拡大しています。 15%-2%-1% の手数料を伴う強力な多層報酬システムを利用して、取引利益と紹介の増加の両方から定期的な収入を獲得してください。すべてのメンバーは個人紹介リンクを受け取るため、プロモーションはシームレスで誰でもアクセスできます。経験は必要ありません。ソーシャル メディア、個人投資家グループ、地域コミュニティのいずれを活用している場合でも、高性能プラットフォームとリアルタイムの自動リベートがサポートされます。チームが拡大するにつれて、特典も拡大し、トップパフォーマーはシティ、ナショナル、またはグローバルパートナーのステータスに昇格し、20% 以上の生涯利益分配と限定の地域特典を獲得できます。今すぐ Chain Quant に参加して、インテリジェントな富の創造の新時代にレガシーを築きましょう。",
    "sharing_is_polite": "共有は礼儀正しい",
    "when_the_cumulative_recharge_reaches": "合計リチャージが 10 TRX 以上に達したら、登録リンクをソーシャル プラットフォームで共有すると、0.01 TRX ～ 18.88 TRX のランダムな報酬を受け取ることができます。各ユーザー1日1回参加可能！",
    "time": "時間",
    "tron_is_a_distributed_operating_system": "TRON は、ネイティブ暗号通貨 TRX を備えた、ブロックチェーンを活用した分散型オペレーティング システムです。 2017 年に中国人起業家ジャスティン・サン氏によって立ち上げられ、分散型デジタル経済の促進を目指しています。",
    "architecture_in_the_torn": "アーキテクチャ: TRON ネットワーク プロトコル内では、TRX 所有者は帯域幅やエネルギーなどのリソースに平等にアクセスできます。このネットワークは、世界中のパブリック ノードを活用してスマート コントラクトを実行する分散型仮想マシンを基盤としています。トランザクション手数料がなく、1 秒あたり約 2000 トランザクションを処理できる能力により、迅速かつ効率的なネットワーク エクスペリエンスが保証されます。",
    "goverance_tron_online_community": "ガバナンス: TRON コミュニティは、オンライン投票を通じて 27 人のスーパー代表を選出します。これらの代表者は平均 3 秒ごとにブロックの生成と検証を担当し、分散型の自律的な組織を形成します。彼らは 6 時間ごとに再選され、ネットワーク提案の管理と TRON 改善提案 (TIP) への投票において重要な役割を果たします。",
    "advantages_usdt_has_always": "利点: USDT は最も広く認識されているステーブルコインであり、Tether は 13 のブロックチェーン ネットワークにわたってこれを発行しており、TRON が先頭に立って総供給量の 54% 以上を占めています。イーサリアムが 44% で続き、Solana が 2.7% を占め、TRON が USDT 発行の主要ネットワークとしての地位を固めています。",
    "bandwith_all_types": "帯域幅: TRON ネットワーク上のすべてのトランザクションには帯域幅ポイントが必要です。トランザクションはバイト配列として保存および送信され、各バイトが 1 つの帯域幅ポイントを消費します。トランザクションの合計帯域幅コストは、そのバイト サイズによって決まります。ユーザーに十分な帯域幅がない場合は、必要な帯域幅ポイントをカバーするために TRX を書き込む必要があります。",
    "the_unit_price_of_the_targe": "帯域幅消費量の公式バーン レートは、ユニットあたり 1,000 SUN に設定されています。",
    "energy_each_instruction": "エネルギー: すべてのスマート コントラクトの実行は、その複雑さに応じて特定の量のエネルギーを消費します。より複雑な契約には、より多くのエネルギーが必要になります。コントラクトが実行されると、エネルギーが計算され、命令ごとに差し引かれます。アカウントに十分なエネルギーが不足している場合は、必要なエネルギーコストをカバーするために TRX を燃やす必要があります。",
    "the_current_offical_unit_price": "エネルギー消費量の公式燃焼速度は現在、ユニットあたり 420 SUN に設定されています。",
    "smart_investment": "賢い投資",
    "international_lines": "国際線",
    "basic_investment_plan": "投資基本計画",
    "invest_in_our_basic": "ベーシックアカウントに投資して、毎日のマイニング収入を稼ぎ始めましょう!初回入金時に、自動的に 180 日間の契約が締結されます。契約は最初の入金が行われた時点から開始されます。",
    "key_features": "主な特長",
    "earn_daily_between": "累積投資の 8% ～ 36% を毎日獲得します。",
    "incomoe_is_settled": "収入は最初の入金から 24 時間後に決済されます (例: 午後 3 時に入金、翌日の午後 3 時に収入が得られます)。",
    "you_must_manually": "毎日の収入を収集するには、手動でクリックする必要があります。",
    "vip_levels_benefits": "VIPレベルと特典",
    "daily_withdrawal": "毎日の引き出し",
    "how_it_works": "仕組み",
    "deposit_funds": "資金の入金: 初回入金を行うことで投資を開始します。",
    "earn_daily_income": "毎日の収入を得る: 24 時間ごとにマイニング収入をお楽しみください。",
    "collect_income": "収入の収集: 毎日ログインして手動で収入を収集します。",
    "start_today_and_enjoy": "今日からベーシック投資プランで高利回りのリターンをお楽しみください!",
    "our_system_will_automatically": "当社のシステムはお客様の累計入金総額を自動的に判断し、お客様を適切な VIP レベルにアップグレードします。例えば：",
    "first_deposit": "初回入金",
    "second_deposit": "2回目の入金",
    "total_deposit": "入金額合計",
    "the_system_will_automatically_upgrade": "システムにより自動的に VIP2 にアップグレードされ、このレベルでは 10% の日収が得られます。",
    "referral_system": "紹介制度",
    "earn_rewards_by_reffering": "他の人に参加を紹介して報酬を獲得しましょう! 3段階の紹介制度で大きなメリットが得られます",
    "refer_level_1": "レベル 1: 紹介者の 1 日の収入の 13%",
    "refer_level_2": "レベル 2: 紹介者の 1 日の収入の 2%",
    "refer_level_3": "レベル 3: 紹介者の 1 日の収入の 1%",
    "start_referring_today": "今すぐ紹介を始めて収益を増やしましょう!",
    "account_is_required": "アカウントが必要です",
    "login_password": "ログインパスワード",
    "password_is_required": "パスワードが必要です",
    "verification_code": "検証コード",
    "vcode_is_required": "Vコードは必須です",
    "vcode": "Vコード",
    "forgot_password": "パスワードをお忘れですか",
    "login": "ログイン",
    "register": "登録する",
    "go_to_homepage": "ホームページへ行く",
    "total_balance": "定量的アカウント",
    "home_notice": "Toobit へようこそ – スマート キャピタルとインテリジェント アルゴリズムが出会う場所。最先端の定量的収益のための新しい拠点である Toobit に皆さんを歓迎できることをうれしく思います。あなたが経験豊富な投資家であっても、アルゴリズム収入の世界への旅を始めたばかりであっても、明快さ、パフォーマンス、信頼性を目的に構築されたプラットフォームに参加したばかりです。 Toobit では、ただ稼ぐことだけを信じているのではなく、賢く稼ぐことを信じています。当社の独自の戦略は、アルゴリズムの精度の力を利用してデータサイエンティストと金融専門家によって設計されており、リアルタイムの市場機会を通じて資本を成長させることができます。すべての意思決定、すべての戦略、すべての収益はデータに基づいており、高度な収益ツールを誰もが利用できるようにするという当社の揺るぎない使命によって推進されています。",
    "go_to_recharge": "充電に行く",
    "telegram_customer_service": "テレグラムカスタマーサービス",
    "dear_user": "ユーザーの皆様: マイニング マシンのコンピューティング パワー\/エネルギーがもうすぐ枯渇します。アカウントの資金に必要なエネルギー値に応じて、すぐに {amount} TRX を補充してください。あなたのマイニングマシンは現在、マイニング制御と収益\/出金を停止しています。",
    "note_to_avoid": "[注: 収益の損失を避けるため、Telegram サポートにお問い合わせください]",
    "deposit": "リチャージ",
    "withdrawal": "出金",
    "share_friends": "友達を招待する",
    "team": "チーム",
    "app": "アプリ",
    "information": "ニュース",
    "wallet": "財布",
    "promotion": "プロモーション",
    "join_to_be_a_sitename_millionaire": "参加してトロンリコ億万長者になりましょう",
    "use_the_latest_mining_machines": "最新のマイニングマシンと Defi テクノロジーを使用して、すべてのユーザーが最大限の TRX 収入を得られるようにします。",
    "details": "詳細",
    "platform_data_display": "プラットフォームデータ表示",
    "income": "所得",
    "Income": "定量化する",
    "cyclical_investing": "サイクル投資",
    "trontin_3day_mining_machine": "TRONTIN 3日間マイニングマシン",
    "trontin_9day_mining_machine": "TRON 9日間トラフィックマイニングマシン",
    "trontin_16day_traffic_mining_machine": "RONTIN 16日間トラフィックマイニングマシン",
    "trontin_45day_miner_energy": "TRONTIN 45 日間マイナー エネルギー",
    "trontin_18day_miner_energy": "TRON 18日間マイナーエネルギー",
    "trontin_trxMining_in_46days": "46 日間の TRON trxMining",
    "tron_eth_digi_2_mining": "TRON ETH DIGI 2.0 マイニング",
    "torn_80days_photolvatic_mine": "トロン 80 日間太陽光発電鉱山",
    "trontin_bnb_mining_in_65days": "TRONTIN BNB 65 日間のマイニング",
    "view_more": "もっと見る",
    "cycle": "サイクル",
    "day": "日",
    "instant_quotes": "インスタント見積もり",
    "profit_withdrawal": "利益の出金",
    "repurchase": "再購入",
    "latest_announcement": "最新のお知らせ",
    "registered_members_will_be_given": "登録メンバーには、担保株式として 56,000TRX が与えられます。アカウントを有効にするには、最低 10TRX の入金と最低 5TRX の出金が必要です。収入は引き出したり、マイニングに投資したりできます。",
    "deposit_into_the_basic_account_and_automatically_join_the_contract": "【基本投資】ベーシック口座に入金すると、180日間自動的に契約に参加します（契約期間は初回入金時より有効となります）。ベーシックアカウントには毎日マイニング収入があり、毎日累積投資額の9％〜38％を受け取ることができます。当社のプラットフォーム システムの決済時間は、ユーザーの最初の購入時間の 24 時間後です。",
    "the_income_will_not_be_automatically_deposited_into_the_account": "【例：初回購入時刻が15:00で、翌日15:00に収入が得られます】 収入は自動的にアカウントに入金されず、毎日収入をクリックする必要があります。マイニングが入ったら、積極的にクリックして収入を受け取ります。",
    "accumulated_deposits_of_10-2500_trx": "10-2500 trx の累積入金、自動的に VIP1 にアップグレード、毎日 9% の出金",
    "accumulated_deposits_of_2501-10000_trx": "2501-10000 trx の累積入金、自動的に VIP2 にアップグレード、毎日 10% の出金",
    "accumulated_deposits_of_10001-20000_trx": "10001～20000 trx の累積入金、自動的に VIP3 にアップグレード、毎日 11% の出金",
    "accumulated_deposits_of_20001-50000_trx": "20001-50000 trx の累積入金、自動的に VIP4 にアップグレード、毎日 13% の出金",
    "accumulated_deposits_of_50001-100000_trx": "50001-100000 trx の累積入金、自動的に VIP5 にアップグレード、毎日 15% の出金",
    "accumulated_deposits_of_100001-200000_trx": "100001～200000 trx の累積入金、自動的に VIP6 にアップグレード、毎日 17% の出金",
    "accumulated_deposits_of_200001-500000_trx": "200,001-500,000 trx の累積入金、自動的に VIP7 にアップグレード、毎日 23% の出金",
    "accumulated_deposits_of_500001-1000000_trx": "500001-1000000 trx の累積入金、自動的に VIP8 にアップグレード、毎日 26% の出金",
    "accumulated_deposits_of_1000001-1600000_trx": "1000001-1600000 trx の累積入金、自動的に VIP9 にアップグレード、毎日 32% の出金",
    "accumulated_deposits_of_1600001-9999999_trx": "累計入金額は 1600001 ～ 9999999 trx で、自動的に VIP10 にアップグレードされ、毎日 38% の出金が可能です",
    "automatically_upgrade_vip_level": "自動的にVIPレベルにアップグレード",
    "the_system_will_determine_your_total_accumulated_deposit": "[システムが累積デポジットの合計を判断し、適切なレベルに自動的にアップグレードします] 例: 最初のリチャージは 500TRX、2 回目のリチャージは 2001TRX、[累積リチャージは 2501TRX] システムは自動的に VIP2 にアップグレードされ、VIP2 になります。レベルの日次収入は 10% などです。",
    "previous": "前の",
    "next": "次",
    "close": "近い",
    "current_yield": "現在の利回り",
    "miner_is_running": "マイナーが走っています",
    "view_all": "すべて見る",
    "earning_times": "定量化時間",
    "singapore_time_after": "シンガポール時間以降",
    "every_day": "毎日",
    "daily_rate": "日割り料金",
    "receive": "受け取る",
    "basic_investment": "基本投資",
    "record": "記録",
    "current_level": "現在のレベル",
    "deposit_quantity": "入金数量",
    "invitation_reward": "招待報酬",
    "deposit_now": "今すぐ入金",
    "daily_income": "日々の収入",
    "daily_withdrawals": "毎日の引き出し",
    "valid_period": "有効期間",
    "remaining_days": "残り日数",
    "status": "状態",
    "running": "ランニング",
    "quantity": "量",
    "amount": "額",
    "return": "戻る",
    "Return": "戻る",
    "profit": "利益",
    "equity_pledge": "株式の誓約",
    "end": "終わり",
    "invite_your_contacts": "連絡先を招待する",
    "sign_up_and_recharge_to_get_great_rewards": "サインアップしてリチャージして素晴らしい特典を獲得しましょう",
    "invitation_codes": "招待コード",
    "share_invitation_links_to_social_platforms": "招待リンクをソーシャル プラットフォームに共有する",
    "build_a_team_and_get_great_rewards": "チームを編成して豪華報酬を獲得しましょう",
    "copy_successfully": "コピーに成功しました",
    "copy_link": "リンクをコピー",
    "app_services": "アプリサービス",
    "wallet_funds_conversion": "移行",
    "change_password": "セキュリティセンター",
    "notification": "通知",
    "logout": "サインアウト",
    "my_promotion": "チーム",
    "bonus": "ボーナス",
    "bonus_record": "コミッション記録",
    "number_of_teams": "総人数",
    "valid_number_of_invites": "有効な招待状",
    "team_cycle_investment_details": "チームサイクル投資の詳細",
    "total_people": "総人数",
    "contribution": "手数料",
    "invite_friends": "友達を招待する",
    "go_now": "今すぐ行きましょう",
    "in_progress": "進行中",
    "number_of_investments": "投資件数",
    "total_investment": "総投資額",
    "subordinate_investment_amount": "劣後出資額",
    "confirm": "確認する",
    "Confirm": "確認する",
    "last_login_time": "最終ログイン時間",
    "records": "記録",
    "transfer_to_smart_account": "{{type}} アカウントに転送",
    "transfer_to_quantitative_account": "定量口座への転送",
    "transfer_to_smart_account_2": "スマートアカウントへの転送",
    "address": "住所",
    "copy": "コピー",
    "please_do_not_top_up_other_non_bnb_assets": "他の非 {{method}} アセットを補充しないでください。充電後、クリックしてください",
    "submit_successfully": "リチャージ完了",
    "submit": "提出する",
    "exchange_rate": "為替レート",
    "if_the_account_has_not_been_received_for_a_long_time": "アカウントが長期間受信されなかった場合は、をクリックしてください",
    "again": "また",
    "recharge_record": "リチャージ記録",
    "successful": "成功",
    "purchase": "購入",
    "Purchase": "購入",
    "transaction_record": "取引記録",
    "all": "全て",
    "recharge": "リチャージ",
    "giveaway": "譲る",
    "withdrawal_failed": "出金に失敗しました",
    "promotion_account": "ウォレットアカウント",
    "basic_account": "フレキシブルアカウント",
    "amount_to_be_converted": "換算される金額",
    "withdrawable_balance": "引き出し可能な残高",
    "withdrawals_arebased_one_singapore_time_and_are_withdrawn_once_a_day": "出金はシンガポール時間に基づいており、1日1回出金されます。",
    "choose_withdrawal_account": "出金口座を選択してください",
    "choose": "選ぶ",
    "digital_currency_wallet": "デジタル通貨ウォレット",
    "cancel": "キャンセル",
    "password": "パスワード",
    "actual_withdrawal": "実際の出金",
    "withdrawal_record": "出金記録",
    "fee": "手数料",
    "to_account": "アカウントに",
    "account_security": "アカウントのセキュリティ",
    "modify_login_password": "ログインパスワードを変更する",
    "modify_payment_password": "支払いパスワードを変更する",
    "transfer_to_basic_account": "基本口座への振込",
    "transfer_to_promotion_account": "プロモーション口座への送金",
    "there_are_two_investment_models_please_choose_according_to_your_needs": "2つの投資モデルがあり、ニーズに応じて選択してください",
    "deposit_into_this_account_for_pledge_mining": "プレッジマイニングのためにこのアカウントに入金してください。最初の入金時間から 24 時間後、手動で収入を受け取り、有効期限が切れたら元本を返すことができます",
    "recharge_to_the_promotion_account_to_purchase_periodic_mining_machines": "プロモーションアカウントにリチャージして定期的にマイニングマシンを購入すると、さまざまなサイクルで収入を収集し、有効期限が切れたら元本と収入を返すことができます",
    "add_digital_currency_wallet": "デジタル通貨ウォレットを追加する",
    "address_type": "アドレスタイプ",
    "wallet_address": "ウォレットアドレス",
    "start_with": "から始める",
    "digit_wallet_address": "数字のウォレットアドレス",
    "set_payment_password": "支払いパスワードを設定する",
    "continue": "続く",
    "are_you_sure_sign_out": "サインアウトしてもよろしいですか",
    "wallet_registration": "ウォレット登録",
    "decentralized_wallet_download_address": "分散型ウォレットのダウンロード アドレス",
    "tutorial": "チュートリアルを見る",
    "buy_currency": "通貨を買う",
    "common_problem": "よくある問題",
    "how_to_become_a_partner_of_trontin_mining_company": "TRONRICO 鉱山会社のパートナーになる方法",
    "to_become_our_partner": "弊社のパートナーになると、登録するだけで 56,000TRX を無料で獲得でき、有効化後 180 日以内に出金できます。",
    "what_to_do_after_registration": "登録後にやるべきこと",
    "you_need_to_log_in_to_your_account": "アカウントにログインする必要があります。マイニング機能は自動的に有効になります。毎日の収入を増やすには、預金をしてください",
    "what_are_the_minimum_deposit_and_withdrawal_amounts": "最低入金額と出金金額はいくらですか",
    "the_minimum_deposit_is_10trx": "最低入金額は 10TRX、最低出金額は 5TRX です。",
    "how_to_withdraw_money_what_should_i_do": "お金を引き出す方法、どうすればよいですか",
    "log_in_to_your_account": "アカウントにログインします。 「出金」ページに入ります。 「出金」ボタンをクリックします。初めて TRX ウォレット アドレスをバインドし、支払いパスワードを設定します。次に、出金金額を指定してウォレット アドレスを選択し、クリックして出金します。",
    "what_is_level_and_how_do_i_increase_it": "レベルとは何ですか?どうすれば上がりますか?",
    "tron_marketing_uses_level_design": "TRONマーケティングではレベルデザインを採用しています。ユーザーがより多くの電力を購入するほど、レベルが高くなります。収益性は買収レベルに直接依存します。 VIP1 の最初のユーザーが 1 日あたり 8% を稼いだ場合、マイニングに利用できる電力が増加するにつれて、最も収益性の高い VIP10 は 1 日あたり 36% を稼ぐことができます",
    "i_made_a_withdrawal_request_but_it_hasnt_arrived_in_my_wallet_yet": "出金リクエストをしましたが、まだウォレットに届いていません",
    "all_requests_are_handled_by_a_set_of_system_automatic_modes": "すべてのリクエストは、一連のシステム自動モードによって処理されます。リクエストは通常​​ 1 分以内に処理されます",
    "what_payment_systems_does_this_project_have_for_deposits": "このプロジェクトのデポジットにはどのような支払いシステムがありますか",
    "you_can_deposit_using_a_payment_system_like_this": "このような決済システムを使用して入金できます",
    "what_payment_systems_does_this_project_have_for_withdrawals": "このプロジェクトの出金にはどのような支払いシステムがありますか",
    "you_can_withdraw_money_using_this_payment_system": "この支払いシステムを使用してお金を引き出すことができます",
    "how_to_change_account_password": "アカウントのパスワードを変更する方法",
    "click_the_change_password_function_on_the_my_tab_on_the_lower_right": "ページ右下隅の「マイ」タブにある「パスワード変更」機能をクリックします。古いパスワードと新しいパスワードを入力して変更します",
    "what_if_i_forget_my_withdrawal_password": "出金パスワードを忘れた場合はどうすればよいですか",
    "please_use_the_email_address_you_reserved_when_registering_to_send_username": "登録時に予約したメール アドレスを使用して、公式メール アドレス tronrico68@gmail.com に (ユーザー名: ....「出金パスワードを忘れた場合」) を送信してください。",
    "what_should_i_do_if_i_need_to_change_my_wallet_address": "ウォレットアドレスを変更する必要がある場合はどうすればよいですか",
    "please_use_the_email_address_you_reserved_when_registering_to_send": "登録時に予約したメールアドレスを使用して、（ユーザー名と新しいウォレットアドレス）を公式メールアドレス：tronrico68@gmail.comに送信してください。",
    "how_to_top_up": "補充方法",
    "to_make_a_deposit_you_need_to_log_into_your_account": "入金するには、アカウントにログインし、マイニング ページに移動する必要があります。上部に「入金」ボタンが表示されます。入金ページに移動したら、入金する通貨を選択します。その後、暗号通貨を送信する必要があるウォレットアドレスが与えられます。デポジットは 1 分以内に入金されます。",
    "your_account_may_be_frozen_under_the_following_circumstances": "以下の状況ではアカウントが凍結される場合があります",
    "trontin_takes_a_responsible_approach_to_protect_the_personal_data": "TRONTIN は、ユーザーの個人データとウェブサイトのセキュリティを保護するために責任あるアプローチを採用しています。ユーザーの個人情報を収集しようとする試み、ウェブサイトのコードのハッキング、アフィリエイト プログラムの不適切な使用、ハッキングによるユーザー アカウントへのアクセス、パートナーの数を人為的に増やすためのサードパーティ サービスの使用、およびウェブサイトまたはそのユーザーを侮辱する運営が行われた場合、ユーザーのアカウントが停止される可能性があります。",
    "I_didnt_find_the_answer_to_my_question_what_should_I_do": "質問に対する答えが見つかりませんでした。どうすればよいですか",
    "contact_online_customer_service_or_telegram_customer_service": "オンラインカスタマーサービスまたはTelegramカスタマーサービスにお問い合わせください",
    "how_to_deposit": "入金方法",
    "click_deposit_on_the_platform_page": "プラットフォームページで「入金」をクリックします",
    "choose_to_transfer_to_the_basic_account_or_promotion_account": "ベーシックアカウントまたはプロモーションアカウントへの移行を選択します。入力後、入金する通貨を選択できます。",
    "select_a_top_up_enter_to_copy_the_deposit_address": "チャージを選択します。と入力して入金アドレスをコピーします。",
    "open_your_crypto_wallet_select_the_corresponding_currency_and_transfer": "暗号通貨ウォレットを開き、対応する通貨を選択して送金します。",
    "paste_the_address_of_the_receiving_wallet": "受信側ウォレットのアドレスを貼り付けます。",
    "enter_the_amount_you_plan_to_deposit_into_your_account": "アカウントに入金する予定の金額を入力します。",
    "click_next_and_confirm_completion": "「次へ」をクリックして完了を確認します。",
    "return_to_the_platform_and_click_the_recharge_button_note_the_last_step": "プラットフォームに戻り、「リチャージ」ボタンをクリックします。注: 最後のステップは、プラットフォームに戻り、[充電完了] をクリックすることです。リチャージが完了すると、時間内にアカウントに入金されます。",
    "how_to_withdraw_money": "お金を引き出す方法",
    "select_the_exit_button_on_the_homepage_then_use_your_exchange_wallet": "ホームページの終了ボタンを選択し、取引所 (ウォレット) を使用して TRC20 アドレスを見つけ、それをコピーしてプラットフォームにバインドして終了すると、プラットフォームは通貨 TRX を決済します。出金が成功すると、1 ～ 3 分でアカウントに入金されます。",
    "if_you_need_help_please_click_online_customer_service": "(サポートが必要な場合は、オンライン カスタマー サービスをクリックしてください)",
    "announcement": "発表",
    "my_message": "私のメッセージ",
    "company_mining_and_revenue": "【企業のマイニングと収益】",
    "registered_members_will_be_given_56000trx_as_pledged_equity": "登録メンバーには、担保株式として 56,000TRX が与えられます。アカウントを有効にするには、最低 10TRX の入金と最低 5TRX の出金が必要です。収入は引き出したり、マイニングに投資したりできます。",
    "basic_investment_deposit_into_the_basic_account_and_automatically_join_the_contract_for_180_days": "【基本投資】ベーシック口座に入金すると、180日間自動的に契約に参加します（契約期間は初回入金時より有効となります）。ベーシックアカウントには毎日マイニング収入があり、毎日累積投資額の9％〜38％を受け取ることができます。当社のプラットフォーム システムの決済時間は、ユーザーの最初の購入時間の 24 時間後です。",
    "for_example_the_first_purchase_time_is_1500_and_the_income_will_be_obtained_at_1500_the_next_day": "【例：初回購入時刻が15:00で、翌日15:00に収入が得られます】 収入は自動的にアカウントに入金されず、毎日収入をクリックする必要があります。マイニングが入ったら、積極的にクリックして収入を受け取ります。",
    "accumulated_deposits_of_10_2500_trx_automatically_upgraded_to_vip1_daily_withdrawal": "10-2500 trx の累積入金、自動的に VIP1 にアップグレード、毎日 9% の出金。",
    "accumulated_deposits_of_2501_10000_trx_automatically_upgraded_to_vip2_10_daily_withdrawal": "2501-10000 trx の累積入金、VIP2 に自動的にアップグレード、毎日 10% の出金。",
    "accumulated_deposits_of_10001_20000_trx_automatically_upgraded_to_vip3_daily_withdrawal": "10001-20000 trx の累積入金、自動的に VIP3 にアップグレード、毎日 11% の出金。",
    "accumulated_deposits_of_20001_50000_trx_automatically_upgraded_to_vip4_daily_withdrawal": "20001-50000 trx の累積入金、自動的に VIP4 にアップグレード、毎日 13% の出金。",
    "accumulated_deposits_of_50001_100000_trx_automatically_upgraded_to_vip5_daily_withdrawal": "50001-100000 trx の累積入金、自動的に VIP5 にアップグレード、毎日 15% の出金。",
    "accumulated_deposits_of_100001_200000_trx_automatically_upgraded_to_vip6_daily_withdrawal": "100001-200000 trx の累積入金、自動的に VIP6 にアップグレード、毎日 17% の出金。",
    "accumulated_deposits_of_200001_500000_trx_automatically_upgraded_to_vip7_daily_withdrawal": "200001-500000 trx の累積入金、自動的に VIP7 にアップグレード、毎日 23% の出金。",
    "accumulated_deposits_of_500001_1000000_trx_automatically_upgraded_to_vip8_daily_withdrawal": "累計入金額は 500001 ～ 1000000 trx、自動的に VIP8 にアップグレード、毎日 26% の出金が可能です。",
    "accumulated_deposits_of_1000001_1600000_trx_automatically_upgraded_to_vip9_daily_withdrawal": "1000001-1600000 trx の累積入金、自動的に VIP9 にアップグレード、毎日 32% の出金。",
    "accumulated_deposits_of_1600001_9999999_trx_automatically_upgraded_to_vip10_daily_withdrawal": "累計入金額は 1600001 ～ 9999999 trx で、自動的に VIP10 にアップグレードされ、毎日 38% の出金が可能です。",
    "automatically_upgrade_vip_level_instructions": "VIP レベルと手順を自動的にアップグレードします。",
    "the_system_will-determine_your_total_accumulated_deposit": "システムは蓄積されたデポジットの合計を決定し、自動的に適切なレベルにアップグレードします。例: 最初のリチャージは 500 TRX、2 回目のリチャージは 2001 TRX、[累積リチャージは 2501 TRX]、システムは自動的に VIP2 にアップグレードされ、VIP2 が使用されます。レベルの日次収入は 10% などです。",
    "share_invitation_reward_description": "招待状の報酬の説明を共有する",
    "invite_friends_description": "プロモーション リンクを使用して友達を招待すると、収入の 13% がすぐに引き落とされます。何百人もの人に Trontin への参加を勧めれば、億万長者になれるでしょう。最大 18% (手数料レベル 13% + レベル 2 2% + レベル 3 1%) 1: 例: ユーザー A を招待し、ユーザー A が 10,000TRX を入金および投資すると、報酬として 1,300TRX を受け取ります。ユーザー A がユーザー B を招待し、ユーザー B が 10,000TRX を入金して投資すると、報酬として 200TRX を受け取ります。ユーザー B が再びユーザー C にインスピレーションを与えます。ユーザー C は 10,000TRX を入金して投資します。報酬として 100TRX を受け取ります。プロモーション収入はプロモーション口座に直接送金されます。直接お金を引き出すか、金融商品プロモーションプラットフォームのリンクを購入してプロモーション収入を獲得し、自分のチームメンバーを育成することができます（プロモーションはプロモーション収入の一定の割合を得ることができます）。家族や友人、WhatsApp、Facebook グループ、YouTube、Instagram、Twitter、Telegram グループ、または任意のソーシャル メディア プラットフォームで招待リンクを宣伝します (招待リンク: プラットフォームにログインし、共有ボタンをクリックしてリンクをコピーします。リンクを友人または任意のソーシャル プラットフォームに送信します。これが毎日投資額の少なくとも 8% ～ 36% を引き出すのに最適な投資マイニング プラットフォームであることを伝えます)。",
    "official_platform_description": "TRONRICOマイニングプールの公式プラットフォーム",
    "the_official_platform_of_trontin_mining_pool": "TRONRICO マイニングプールの公式プラットフォーム (TRONRICO と呼ばれます) は、TRON ブロックチェーン ファイナンシャル センターによって認定されています。当社は正式かつ合法的な TRON 運営者です。最も安定、安全、効率的なサービスを顧客に提供します。 2020年以来、私たちとTRON本部は3,000以上の偽造プラットフォームを取り締まってきました。偽のプラットフォームに遭遇した場合は、当社にご連絡いただければ、TRON本部と協力して公式認証プラットフォームTRONRICOを取り締まります。",
    "trontin_msb_registration_certificate": "トロンリコ MSB 登録証明書",
    "tax_registration_certificate": "納税登録証明書",
    "TRONTIN_White_Paper": "トロンリコ ホワイトペーパー",
    "click_to_view_trontin_white_paper": "クリックして TRONRICO ホワイトペーパーを表示",
    "news_report": "報道",
    "trontin_launches_revolutionary_cloud_mining_platform": "TRONRICO が革新的なクラウド マイニング プラットフォームを開始",
    "click_to_view": "クリックして表示",
    "contact_us": "お問い合わせ",
    "company_website": "会社ウェブサイト",
    "company_telegram": "社内電報",
    "telegram_channel": "電報チャンネル",
    "email": "電子メール",
    "company_address": "8 Marina Blvd、タワー 1、31 階と 32 階、マリーナ ベイ ファイナンシャル センター シンガポール",
    "invite_friends_to_recharge": "友達をリチャージに招待すると、対応するリベートが得られます",
    "level": "レベル",
    "rebate": "リベート",
    "price": "価格",
    "available_balance": "利用可能残高",
    "limit_quantity": "数量制限",
    "purchase_quantity": "購入数量",
    "daily_interest_rate": "日利率",
    "real_time": "リアルタイム",
    "participate_in_investment": "投資に参加する",
    "project_rules": "プロジェクトルール",
    "repayment_method": "返済方法",
    "repay_principal_and_interest_at_maturity": "満期になったら元金と利息を返済",
    "unit_price": "単価",
    "daily_rate_of_return": "日次収益率",
    "investment_cycle": "投資サイクル",
    "expected_profit": "期待利益",
    "project_introduction": "プロジェクト紹介",
    "tron_love_mining_machine": "TRON LOVE マイニングマシン サイクルが短く安定した収入が得られるのが良いですね。日当りは4.57%～4.7%、サイクルは3日です。サイクル終了後は、元本とサイクル中に得られた収入とともに【プロモーション口座】に直接分配されます。お金を直接引き出すことができます。このプラットフォームは、TRX、ETH、BNB、DOGE、USDT (ERC20 TRC20 BEP20) 投資マイニングをサポートしています。",
    "notice": "知らせ",
    "confirmation_transfer": "本当に転送してもよろしいですか?",
    "home": "家",
    "invest": "投資する",
    "mine": "自分",
    "Account_6_16_characters_no_spaces_allowed": "アカウント、6 ～ 16 文字、スペースは使用できません",
    "Area_code_plus_mobile_number": "市外局番 + 携帯電話番号",
    "recommendation_code": "推奨コード",
    "global_partners": "グローバルパートナー",
    "email_verification_code": "メール認証コード",
    "otp": "OTP",
    "enter_a_new_password": "新しいパスワードを入力してください",
    "wallet_found": "ウォレット資金",
    "need_traded": "取引が必要",
    "already_traded": "すでに取引されています",
    "number_of_withdrawals": "出金回数",
    "allow_withdrawal": "引き出しを許可する",
    "yes": "はい",
    "minimum_withdrawal": "最低出金額",
    "enter_withdrawal_amount": "出金額を入力してください",
    "please_enter": "入力してください",
    "loading": "読み込み中",
    "confirm_password": "パスワードを認証する",
    "original_payment_password": "元の支払いパスワード",
    "invest_product": "賢い投資",
    "purchased": "購入した",
    "total_income": "総収入",
    "principal": "主要",
    "total_principal_and_interest": "元金と利息の合計",
    "how_to_deposit_funds_on_the_ai_trading_platform": "1. AI取引プラットフォームへの入金方法",
    "step_1_get_your_deposit_address": "ステップ 1: 入金アドレスを取得する",
    "log_into_your_ai_trading_account": "AI取引アカウントにログインします",
    "head_to_the_deposit_page": "「入金」ページに移動します",
    "choose_your_cryptocurrency": "暗号通貨を選択してください (TRC20、BEP20、BNB、または TRX)",
    "generate_the_deposit_address_and_copy_it_to_your_clipboard": "入金アドレスを生成し、クリップボードにコピーします",
    "step_2_send_funds_from_your_wallet": "ステップ 2: ウォレットから資金を送金する",
    "open_your_crypto_wallet_app": "暗号通貨ウォレット アプリ (MetaMask、Trust Wallet など) を開きます。",
    "select_the_correct_network": "正しいネットワーク (TRC20 または BEP20) を選択します。",
    "paste_the_copied_deposit_address_as_the_recipient": "コピーした入金アドレスを受取人として貼り付けます",
    "input_the_amount_you_want_to_deposit_and_confirm_the_send": "入金したい金額を入力し、送信を確認します",
    "wait_for_confirmation_on_the_blockchain": "ブロックチェーンでの確認を待ちます (通常は数分)",
    "step_3_confirm_your_deposit": "ステップ 3: 入金を確認する",
    "go_to_transaction_history_to_track_progress": "「トランザクション履歴」に移動して進行状況を追跡してください",
    "click_complete_deposit_once_transaction_is_verified": "取引が確認されたら「入金を完了する」をクリックしてください",
    "if_your_deposit_doesnt_reflect_within_30_minutes_reach_out_to_support": "30 分以内に入金が反映されない場合は、サポートにお問い合わせください",
    "how_to_withdraw_funds_from_the_ai_trading_platform": "2. AI取引プラットフォームから資金を引き出す方法",
    "step_1_choose_your_withdrawal_option": "ステップ 1: 出金オプションを選択する",
    "log_in_and_open_the_fund_management_tab": "ログインして「資金管理」タブを開きます",
    "click_withdraw_and_pick_your_preferred_network": "「引き出し」をクリックして、優先ネットワーク (TRC20\/BEP20\/BNB\/TRX) を選択します。",
    "step_2_fill_in_withdrawal_information": "ステップ 2: 出金情報を入力する",
    "enter_the_amount_you_want_to_withdraw": "引き出したい金額を入力してください",
    "paste_your_wallet_address": "ウォレットのアドレスを貼り付けます（正しいネットワークと一致していることを確認してください）",
    "complete_any_required_security_verification_steps": "必要なセキュリティ検証手順を完了します",
    "step_3_final_confirmation_and_submission": "ステップ 3: 最終確認と送信",
    "double_check_all_the_details_before_submitting": "送信する前にすべての詳細を再確認してください",
    "withdrawals_usually_process_within_30_minutes": "出金は通常 30 分以内に処理されます",
    "track_the_progress_under_withdrawal_records": "「出金記録」で進捗状況を追跡します。",
    "important_notes": "重要な注意事項:",
    "double_check_your_wallet_address_crypto_transfers_cant_be_undone": "❗️ ウォレットアドレスを再確認してください – 暗号通貨の送金は元に戻せません",
    "make_sure_to_meet_the_platforms_minimum_withdrawal_limit": "❗️ プラットフォームの最低出金制限を必ず満たしてください",
    "delays_can_occur_due_to_high_network_traffic": "❗️ ネットワークトラフィックが多いため、遅延が発生する可能性があります",
    "contact_live_chat_support_anytime_if_you_face_any_issues": "❗️ 問題が発生した場合は、いつでもライブチャットサポートにご連絡ください",
    "if_you_need_more_help_our_customer_service_team_is_available_24_7_via_live_chat": "さらにサポートが必要な場合は、カスタマー サービス チームがライブ チャットで 24 時間年中無休で対応します",
    "what_is_chain_quant": "1. チェーンクォントとは何ですか?",
    "chain_quant_description": "Chain Quant は、人工知能とブロックチェーン技術を融合した AI を活用した定量取引プラットフォームで、仮想通貨市場のトレンドを分析し、自動取引を実行することで、ユーザーが最小限の労力で安定した利益を獲得できるようにします。",
    "core_services_of_chain_quant": "2. チェーンクォントのコアサービス",
    "quantitative_arbitrage_trading": "定量的裁定取引\n – 複数の取引所の価格差を利用して低リスクの利益を生み出す\n – AI 主導のシステムが市場を 24 時間 365 日追跡し、理想的なタイミングで取引を実行します",
    "ai_auto_trading": "AI自動売買\n – トレンドフォローやグリッドシステムなどの事前構築された戦略を使用した完全に自動化されたボット\n – アルゴリズムをリアルタイムで調整してリスクを制限し、収益を向上させます",
    "fund_security": "資金の安全性\n – コールドウォレットとホットウォレットを分離した多層暗号化を実装\n – スマートコントラクトの監査により、透明性と改ざん防止の操作が提供されます",
    "instant_deposits_withdrawals": "即時入金\/出金\n – 入金は 1 ～ 3 分以内に処理されます (TRC20\/BEP20 をサポート)\n – 出金は迅速かつ自動化されており、手動による確認は必要ありません",
    "multiple_trading_modes": "複数の取引モード\n – 初心者モード: 低リスク、完全に手を使わない取引\n – プロモード: 経験豊富なユーザー向けの高度なツールと戦略コントロール",
    "how_to_register_and_start_using_chain_quant": "3. Chain Quant の登録と使用開始方法は?",
    "sign_up": "ステップ 1: サインアップ: \n Chain Quant の公式 Web サイトにアクセスし、「無料登録」をクリックし、電子メールまたは電話で認証します。",
    "deposit_and_activate_ai_trading": "ステップ 2: AI 取引を入金して有効化する:\n USDT (TRC20 または BEP20) でアカウントに資金を供給します\n 入金された資金はChain Quant取引残高に変換されます",
    "launch_ai_trading": "ステップ 3: AI 取引を開始する:\n 「定量取引」をクリックして個人用 AI ボットをアクティブ化します\n システムは毎日の利益を生み出すことを目的とした自動取引を開始します",
    "how_to_earn_with_chain_quant": "チェーンクオンツで稼ぐ方法?",
    "arbitrage_profits": "– 方法 1: 裁定取引の利益:\n AI が価格ギャップを特定します (例: ある取引所で安く買い、別の取引所で高く売る)",
    "ai_trading_returns": "– 方法 2: AI 取引のリターン:\n アルゴリズムはトレンドデータを使用して自動的に安く買って高く売る",
    "referral_rewards": "– 方法 3: 紹介報酬:\n 他の人を招待して、取引からコミッションを獲得しましょう",
    "why_choose_chain_quant": "5. なぜChain Quantを選ぶのか?",
    "ai_automation": "✓ 年中無休の AI オートメーション – 取引機会を逃すことはありません",
    "military_grade_security": "✓ 軍事レベルのセキュリティ – コールドウォレットと最上位の暗号化",
    "dual_trading_modes": "✓ デュアル取引モード – 初心者とプロの両方に最適",
    "reliable_returns": "✓ 信頼性の高い収益 – リアルタイムの市場分析に裏付けられた",
    "free_daily_withdrawals": "✓ 毎日の無料出金 - 毎日 1 回の無料出金をお楽しみください",
    "start_your_journey_with_chain_quant": "今すぐChain Quantの旅を始めて、暗号通貨の未来のためにインテリジェントな自動化を機能させましょう!",
    "chain_quant_ltd": "チェーンクアント株式会社",
    "driving_the_future_of_ai": "AI、ビッグデータ、オートメーションの未来を推進する",
    "at_chain_quant_we_harness": "Chain Quant では、最先端の人工知能、ビッグデータ、高度な自動化の力を活用して、世界的なデジタル変革を加速します。私たちの使命は、ビジネスの成長を促進し、よりつながりのある効率的な未来を形作る、インテリジェントでスケーラブルなソリューションを組織に提供することです。",
    "core_services": "コアサービス",
    "ai_solutions": "AI ソリューション – 機械学習と深層学習を統合して、運用を最適化し、効率を最大化します。",
    "big_data_analytics": "ビッグ データ分析 – 強力なデータ インフラストラクチャと、賢明な意思決定と持続可能な成長のための実用的な洞察を提供します。",
    "automation_integration": "自動化の統合 – コストを削減し、冗長性を排除し、生産性を向上させるカスタム自動化ワークフローを設計します。",
    "strategic_industry_consulting": "戦略的業界コンサルティング – デジタル変革戦略を導くための、先進的なテクノロジー主導の市場インテリジェンスを提供します。",
    "our_core_values": "私たちの核となる価値観",
    "innovation_driven": "イノベーション主導 – 私たちは現状に挑戦し、テクノロジーで可能なことの限界を押し広げます。",
    "client_centric": "クライアント中心 – すべてのソリューションは、クライアント固有のニーズと進化する目標に合わせて調整されています。",
    "integrity_accountability": "誠実さと説明責任 – 透明性と信頼は、私たちが構築するあらゆるパートナーシップの基礎です。",
    "vision": "ビジョン",
    "to_lead_globally_in_ai": "AI とデータ駆動型イノベーションで世界をリードし、責任あるテクノロジーの使用と倫理変革を促進しながら、中小企業がデジタル経済で成長できるようにする。",
    "innovation_philosophy": "イノベーションの理念",
    "we_pioneer_the_smart_ecosystem": "当社は、グローバル市場全体でシームレスなコラボレーション、透明性、高度なインテリジェンスを可能にする、ブロックチェーンで保護された業界を超えたデジタル インフラストラクチャであるスマート エコシステムの先駆者です。",
    "corporate_information": "企業情報",
    "legal_name": "正式名称",
    "company_number": "会社番号",
    "incorporation_date": "設立日",
    "registered_address": "登録住所",
    "for_official_filings": "公式の申請と検証については、英国政府の登録簿を参照してください。",
    "uk_government_registry": "英国政府登録簿",
    "secure_and_fast_transactions": "24時間出金可能",
    "withdraw_account": "出金口座",
    "withdrawal_method": "出金方法",
    "quota": "クォータ 1 - 650000",
    "enter_withal_address": "出金アドレス",
    "enter_password": "パスワード",
    "handling_fees": "手数料",
    "actually_received": "実際に受け取る",
    "press_release": "プレスリリース",
    "relese_date": "2024 年 2 月 3 日",
    "we_are_thrilled_to_announce": "2024 年平均 15 日に Chain Quant のリリースを正式に発表できることを嬉しく思います。",
    "Chain_Quant_is_a_global_powerhouse": "Chain Quant は、AI を活用した定量取引と暗号通貨裁定取引の世界的な有力企業であり、収益性を最大化し、デジタル ファイナンスの進化を促進する、超高速でインテリジェントな取引ソリューションを提供しています。",
    "platform_highlights": "プラットフォームのハイライト",
    "seamless_multi_exchange_integration": "シームレスな複数取引所の統合 – Binance、Coinbase、Huobi などをサポート",
    "ultra_fast_arbitrage_execution": "超高速裁定取引執行 – 1 秒未満の安値買い\/高値売りのチャンス",
    "fully_autonomous_trading": "完全自律取引 – 100% AI を活用し、手動入力は不要",
    "be_among_the_first_to_experience": "次世代の取引をいち早く体験してください。",
    "register_now": "今すぐ登録して、スマート ファイナンスの精度とパフォーマンスを両立させる Chain Quant で未来をコントロールしましょう。",
    "chain_quantity_quantitative_investment_program": "チェーン数量定量的投資プログラム。自動化された不労所得のための階層型 VIP システム",
    "vip_levels_rewards": "VIPレベルと報酬",
    "vip_level_deposit_range_daily_return": "VIP レベルの入金範囲 (USDT) 日次収益率 (%)",
    "vip_1_deposit_range_daily_return": "VIP 1 $10 – $199 2.46% – 2.52%",
    "vip_2_deposit_range_daily_return": "VIP 2 $200 – $999 2.71% – 2.72%",
    "vip_3_deposit_range_daily_return": "VIP 3 $1,000 – $4,999 2.92% – 2.98%",
    "vip_4_deposit_range_daily_return": "VIP 4 $5,000 – $9,999 3.15% – 3.19%",
    "vip_5_deposit_range_daily_return": "VIP 5 $10,000 – $14,999 3.36% – 3.40%",
    "vip_6_deposit_range_daily_return": "VIP 6 $15,000 – $29,999 3.69% – 3.73%",
    "vip_7_deposit_range_daily_return": "VIP 7 $30,000 – $59,999 3.92% – 3.97%",
    "vip_8_deposit_range_daily_return": "VIP 8 $60,000 – $99,999 4.25% – 4.27%",
    "vip_9_deposit_range_daily_return": "VIP 9 $100,000 – $149,999 4.54% – 4.58%",
    "vip_10_deposit_range_daily_return": "VIP 10 $150,000 – $200,000 5.01% – 5.10%",
    "chain_quantity_operates_on_progressive_model": "Chain Quantity は、拡張性とシンプルさを目的に設計された進歩的な投資モデルに基づいて動作します。",
    "start_with_10_usdt_activate_quantity_1": "数量 1 をアクティブ化するには、わずか 10 USDT から始めてください",
    "upgrade_to_quantity_2_by_adding_989_usdt": "989 USDT を追加して数量 2 にアップグレードします (合計: 999 USDT)",
    "minimum_deposit_10_usdt": "低額入金額: 10 USDT",
    "minimum_withdrawal_2_usdt": "最低出金額: 2 USDT",
    "example_investing_1000_usdt_unlocks_vip_3": "1,000 USDT を投資すると VIP 3 のロックが解除されます",
    "daily_earnings_example": "1 日あたりの収益 = 1,000 × 2.92% = 29.2 USDT",
    "program_highlights": "プログラムのハイライト",
    "validity_per_vip_tier": "⏳ VIP レベルごとに 180 日間の有効期間",
    "daily_system_reset": "🕛 毎日 00:00 SGT にシステムがリセットされます",
    "automatic_upgrades": "🔓 次のしきい値に達すると自動アップグレード",
    "instant_withdrawals": "💸 コミッション残高からの即時出金",
    "why_choose_chain_quantity": "チェーン数量を選択する理由",
    "higher_tiers_offer_better_returns": "✅ 階層が高くなるほど、リターンが大幅に向上します",
    "no_lock_up_periods": "✅ ロックアップ期間なし – 資金は引き続きアクセス可能",
    "real_time_profit_tracking": "✅ ダッシュボードによるリアルタイムの利益追跡",
    "transparent_automated_system": "✅ 100% 透明な自動システム",
    "sustainable_passive_income_model": "成長を目指して構築され、報酬が最適化されたインテリジェントな階層型モデルで、持続可能な受動的収入を獲得します。",
    "example": "例",
    "chain_quantity_team_rewards_program": "チェーン数量チーム報酬プログラム",
    "unlock_powerful_earning_potential": "当社の構造化されたマルチレベル手数料システムと専属エージェントの機会により、強力な収益の可能性を解き放ちます。",
    "multi_level_commission_structure": "マルチレベルの委員会構造",
    "maximize_rewards_tiered_referral_program": "段階的な紹介プログラムを通じて報酬を最大化します。",
    "level_1_direct_referrals_earn_15_percent": "レベル 1 (直接紹介): 15% のコミッションを獲得",
    "level_2_indirect_referrals_earn_2_percent": "レベル 2 (間接紹介): 2% のコミッションを獲得",
    "level_3_extended_network_earn_1_percent": "レベル 3 (拡張ネットワーク): 1% の手数料を獲得",
    "earn_every_time_referrals_deposit_funds": "あなたの紹介者、そしてその紹介者が資金を入金するたびに、あなたは収益を得ることができます。",
    "global_agent_recruitment": "グローバルエージェントの採用",
    "expanding_reach_motivated_partners": "私たちは活動範囲を拡大し、意欲的なパートナーを探しています。",
    "national_agents_earn_5_percent": "国内エージェント: 5% のコミッションを獲得",
    "city_agents_earn_4_percent": "都市エージェント: 4% の手数料を獲得",
    "regional_agents_earn_3_percent": "地域代理店: 3% の手数料を獲得",
    "build_your_network": "ネットワークを構築します:",
    "launch_telegram_whatsapp_community": "独自の Telegram または WhatsApp コミュニティを立ち上げる",
    "invite_official_support_team": "公式サポートチームを招待して参加してください",
    "grow_team_unlock_exponential_earning": "チームを成長させ、飛躍的な収益機会を手に入れましょう",
    "referral_bonus_example": "紹介ボーナスの例",
    "member_deposit_commission_rate_earnings": "メンバーの入金コミッションであなたの収益を評価してください",
    "member_a_1000_usdt_15_percent_150_usdt": "メンバー A 1,000 USDT 15% 150 USDT",
    "member_b_1000_usdt_2_percent_20_usdt": "メンバー B 1,000 USDT 2% 20 USDT",
    "member_c_1000_usdt_1_percent_10_usdt": "メンバー C 1,000 USDT 1% 10 USDT",
    "earn_bonuses_team_members_deposit": "チームメンバーが入金するたびにボーナスを獲得できます。",
    "daily_agent_bonus_rewards": "毎日のエージェントボーナス報酬",
    "top_performing_agents_rewarded_daily": "成績優秀なエージェントには、毎日のチーム デポジットに基づいて自動的に報酬が与えられます。",
    "1000_usdt_60_usdt_bonus": "1,000 USDT → 60 USDT ボーナス",
    "5000_usdt_188_usdt_bonus": "5,000 USDT → 188 USDT ボーナス",
    "16000_usdt_388_usdt_bonus": "16,000 USDT → 388 USDT ボーナス",
    "58000_usdt_1483_usdt_bonus": "58,000 USDT → 1,483 USDT ボーナス",
    "100000_usdt_6450_usdt_bonus": "100,000 USDT → 6,450 USDT ボーナス",
    "500000_usdt_99999_usdt_bonus": "500,000 USDT → 99,999 USDT ボーナス",
    "bonuses_cumulative_instantly_withdrawable": "すべてのボーナスは累積され、USDT で即座に出金可能です。",
    "join_today_grow_network_start_earning": "今すぐ参加してネットワークを拡大し、これまでにない収入を稼ぎ始めましょう。",
    "recharge_amount": "リチャージ金額",
    "current_amount": "現在の利用可能額",
    "todays_earning": "今日の収益",
    "total_revenue": "総収益",
    "invitation_rewareds": "招待報酬",
    "more_level_comming": "さらに多くのレベルが近日公開予定です...",
    "per_day": "1 日あたりの定量時間",
    "agree_with_our": "私たちの意見に同意する",
    "terms_of_use": "利用規約",
    "and": "そして",
    "privacy_policy": "プライバシーポリシー",
    "no_account": "アカウントがありませんか?",
    "security_password": "セキュリティパスワード",
    "processing": "処理…",
    "already_have_an_account": "すでにアカウントをお持ちですか?",
    "verify_email_title": "メールの確認",
    "enter_your_verification_code": "確認コードを入力してください",
    "verifying": "確認中...",
    "verify_email": "メールの確認",
    "check_inbox_and_spam_html": "受信箱とフォルダーに確認メールが届いているかどうかを確認してください。",
    "total_assets": "総資産",
    "quantitative_account": "定量的アカウント",
    "agent_corperation": "エージェントの連携",
    "activity": "チーム活動",
    "unread_messages_alert": "サイトに未読のメッセージがあります。メッセージの内容を確認してください。",
    "vip": "VIP",
    "trial_fee": "トライアル料金",
    "profit_assets": "収益資産",
    "todays_earnings": "今日の収益",
    "quantifiable_number_of_days": "定量化可能な日数",
    "countdown_days": "カウントダウンデイズ",
    "quantify_reset_time": "リセット時間を定量化する",
    "start_quantify": "定量化の開始",
    "quantification_process": "定量化プロセス",
    "start_quantification": "定量化を開始します...",
    "start_queuing": "並び始めて…",
    "start_executing_buy_order": "買い注文の実行を開始します...",
    "start_executing_sell_order": "売り注文の実行を開始します...",
    "start_capturing_market_prices": "取引市場価格の取得を開始します...",
    "start_distributing_commissions": "コミッションの配布を開始します...",
    "operation_complete": "操作は完了し、終了します。",
    "current_vip": "現在のVIP",
    "click_to_unlock": "クリックしてロックを解除する",
    "quantification_times_per_day": "1 日あたりの定量時間",
    "profit_ratio": "利益率",
    "minimum_unlock_amount": "最低ロック解除額",
    "recharge_unlock_message": "リチャージにより自動的にロックが解除されます リチャージ {{minUnlock}}USDT",
    "quantitative_benefits": "量的なメリット",
    "deposit_into_basic_wallet": "基本ウォレットに入金する",
    "invest_record": "投資実績",
    "build_team_rewards": "チームを編成して豪華な報酬を獲得しましょう",
    "my_invitation_code": "私の招待コード",
    "invite_link": "招待リンク",
    "view_the_team": "チームを見る",
    "daily_commissions": "日次コミッション",
    "invited_friends_recharge_rebates": "友人を招待して、リチャージ時に対応するリベートを獲得してください:",
    "recharge_rebate": "リチャージリベート",
    "quantify_rebate": "リベートの定量化",
    "copy_success": "コピー成功",
    "withdraw": "撤回する",
    "sign_out": "サインアウト",
    "hello_username": "こんにちは、{{ユーザー名}}",
    "welcome_back": "おかえり",
    "investment_accounts": "投資口座",
    "commission_today": "今日の委員会",
    "yesterdays_earnings": "昨日の収益",
    "detail": "詳細",
    "transfer": "移行",
    "news": "ニュース",
    "security_center": "セキュリティセンター",
    "company_profile": "会社概要",
    "about_us": "私たちについて",
    "twenty_four_hour_withdrawal": "48時間以内の出金",
    "withdrawable": "引き出し可能",
    "amount_to_be_processed": "処理量",
    "payment_method": "支払方法",
    "withdrawal_limit_range": "出金限度額範囲 7.00 ～ 99999999.00",
    "withdrawal_address": "出金アドレス",
    "handling_fee": "手数料",
    "receipt": "レシート",
    "withdrawal_note": "出金メモ",
    "withdrawal_policy_title": "出金ポリシー (ToobitQuant)",
    "minimum_withdrawal_amount": "最低出金額",
    "withdrawal_fee": "出金手数料",
    "withdrawal_frequency": "出金頻度",
    "withdrawal_frequency_desc": "1 日 1 回、月曜日から日曜日まで利用可能 (シンガポール時間)",
    "processing_time": "処理時間",
    "processing_time_desc": "出金は通常、リクエストが送信されてから 0 ～ 48 時間以内に処理され、ウォレットに直接転送されます。",
    "mining_machine_energy_failure": "マイニング マシンのエネルギー障害。{{amount}} USDT を再充電してください",
    "financial": "金融",
    "usdt": "USDT",
    "failed_to_fetch_data": "データの取得に失敗しました。",
    "note_before_switching_accounts": "注: リチャージアカウントを切り替える前に、以前のリチャージが受信されていることを確認してください。",
    "quant_account_desc": "この口座に入金すると、インテリジェントな定量化された収益が得られます",
    "investment_account_desc": "このアカウントへの入金はクラウドファンディング プロジェクトへの投資に使用できます",
    "recharge_address": "リチャージアドレス",
    "recharge_complete": "リチャージ完了",
    "deposit_instruction_1": "1. 上記のアドレスをコピーするか、QR コードをスキャンして、",
    "network_deposit": "資産を預けるためのネットワーク。",
    "invite_top_up_rewards": "友達を招待して初めてトップアップすると、以下の報酬を獲得できます",
    "number_of_invited_people": "招待人数",
    "invitation_rewards_label": "招待報酬：",
    "usdt_automatic_distribution": "USDT自動配布",
    "invitee_first_recharge_needs_to_be_in": "招待者の最初のリチャージは",
    "above": "その上",
    "tiered_rewards_intro": "一定数の人を招待すると、段階的な報酬を受け取ります。",
    "count": "カウント",
    "award": "賞",
    "unlimited": "無制限",
    "auto": "自動",
    "claimed": "主張した",
    "remaining": "残り",
    "failed_to_load_invite_rewards": "招待報酬を読み込めませんでした。",
    "reward_claimed_successfully": "報酬の受け取りに成功しました。",
    "unable_to_claim_reward": "報酬を請求できません。もう一度試してください。",
    "agent_cooperation": "エージェントの連携",
    "global_recruitment_title": "グローバル正社員採用 求人情報:",
    "positions_available_subtitle": "マーケティング部門で 6 つのポジションが用意されています",
    "job_description_promotion_title": "職務内容と昇進基準:",
    "job_description_promotion_body": "マーケティング部門は、レベル 1 とレベル 2 のリチャージ レベルに成功したユーザーの合計数に基づいて、次の 6 つのポジションを提供しています。ポジションは次のとおりです。",
    "salary_tiers_intro": "各ポジションには異なる給与層があります。役職が上がれば給料も高くなります。詳細は以下のとおりです。",
    "position": "位置",
    "level_1": "レベル1",
    "level_1_plus": "レベル1+",
    "level_2": "レベル2",
    "weekly": "毎週",
    "salary": "給料",
    "growth_catalyst": "成長触媒",
    "brand_architect": "ブランドアーキテクト",
    "engagement_guru": "教師の関与",
    "visionary_strategist": "先見の明のある戦略家",
    "innovation_leader": "イノベーションリーダー",
    "territory_commander": "領土司令官",
    "meet_requirements_contact_manager": "ポジション要件を満たすユーザーの場合は、プロジェクト マネージャーに連絡して確認してください。",
    "salary_payment_method_timing": "給与の支払い方法とタイミング:",
    "salary_distribution_detail": "給与は毎週月曜日午後 6 時以降に ToobitQuant ウォレット アカウントに分配されます。",
    "additional_rewards_title": "フルタイム従業員への追加報酬:",
    "additional_rewards_body": "従業員が永久メンバーになると、追加の報酬としてチームの毎週の合計デポジットの一部も受け取ります。報酬体系は以下の通りです。",
    "total_weekly_deposits_usdt": "毎週の合計デポジット (USDT)",
    "reward_percentage": "報酬の割合",
    "commission": "手数料",
    "commission_records": "コミッション記録",
    "valid_invitation_people_number": "有効な招待人数",
    "team_report": "チームレポート",
    "team_total_recharge": "チーム合計リチャージ：",
    "team_total_withdrawal": "チーム総撤退数：",
    "level_3": "レベル3",
    "total_valid_label": "合計\/有効:",
    "get_commission_label": "コミッションを取得:",
    "now_go": "さあ行きましょう",
    "brand_name": "トゥービット",
    "press_release_date": "2025 年 6 月 25 日",
    "launch_announcement_prefix": "の発売を発表できることを嬉しく思います",
    "launch_announcement_suffix": "は、2025 年 9 月 5 日の時点で稼働している革新的な AI を活用したプラットフォームです。",
    "platform_description": "TOOBIT は、人工知能の力と超高速の実行を組み合わせて、デジタル資産取引の未来を高めるように設計されています。次世代の投資家向けに作られた当社のプラットフォームは、暗号通貨アービトラージと定量的取引戦略を最適化するための精度重視のツールを提供し、今日の競争の激しい市場でポートフォリオが確実に成長できるようにします。",
    "key_features_title": "Toobit の主な特徴:",
    "feature_multi_exchange_title": "• シームレスな複数交換統合",
    "feature_multi_exchange_desc": "Binance、Coinbase、Kraken などの主要なプラットフォームに簡単に接続できるため、取引所間での効率的な取引が可能になります。",
    "feature_realtime_arbitrage_title": "• リアルタイムのアービトラージ検出",
    "feature_realtime_arbitrage_desc": "Toobit はミリ秒レベルの応答性により、収益性の高い機会が発生したときにそれを特定して活用し、お客様が常に時代の先を行くことができるようにします。",
    "feature_ai_autonomous_title": "• AI に最適化された完全自律型",
    "feature_ai_autonomous_desc": "当社のプラットフォームは最先端の AI を活用しており、手動入力を必要とせずに自動化されたデータドリブンな戦略を可能にするため、ポートフォリオの成長をゆっくりと見守ることができます。",
    "platform_mission": "Toobit はデジタル資産の状況を再構築し、よりスマートに、より速く、より効率的に取引できるようにするためにここにいます。あなたが経験豊富なトレーダーであろうと、初心者であろうと、Toobit は利益を最大化するための新たな可能性の領域を解き放ちます。",
    "platform_future_line": "イノベーションと正確性が出会うトレーディングの未来に足を踏み入れましょう。",
    "agent_program_heading": "QUANT エージェント パートナーシップ プログラム",
    "agent_program_headline_prefix": "AI 主導の金融の未来に足を踏み入れましょう",
    "agent_program_headline_suffix": "グローバルエージェントプログラム",
    "agent_program_welcome": "スマートな資産創造の次の時代へようこそ。 TOOBIT は、AI を活用した定量取引の力を活用することで、長期的な受動的収入を得るユニークな機会であるグローバル エージェント プログラムを開始できることを誇りに思っています。",
    "agent_program_revolution": "デジタル金融革命が勢いを増す中、Toobit はマーケター、コミュニティリーダー、投資家に分散型金融の未来の形成に参加するよう呼びかけています。当社のエージェント ネットワークは、拡張性、柔軟性、収益性を考慮して構築されており、デジタル経済で他の人が成功するのを支援しながら、あなたの収入を増やす刺激的な方法を提供します。",
    "agent_program_highlights": "プログラムのハイライト:",
    "agent_program_income": "• 多層的な収入の可能性 - ネットワークの活動に基づいてリベートを獲得し、コミュニティが拡大するにつれて定期的な収入源を生み出します。紹介リンクを使用すると、経験がなくても簡単に宣伝できます。",
    "agent_program_tools": "• 包括的なサポートとツール - 最先端のプラットフォーム機能、リアルタイムのリベート、AI 主導の取引自動化にアクセスして、プロモーションをシームレスで価値のあるものにします。",
    "agent_program_growth": "• 成長主導の機会 - 段階（都市、全国、グローバルパートナー）を経て、20% 以上の生涯利益分配やトップエージェント向けの特別な地域特権などの特別な報酬を獲得しましょう。",
    "agent_program_closing": "ソーシャル メディア、投資家ネットワーク、地域コミュニティを通じて参加する場合でも、Toobit はあなたの努力が確実に報われるようにします。今すぐ未来の構築を始めて、インテリジェントファイナンスの世界をリードする私たちに加わってください。トレーディングの未来がここにあります。 Toobit はあなたをその一員として招待します。",
    "company_name_legal": "トゥービットAIリミテッド",
    "cp_p1_rest": "は 2025 年に英国のロンドンに設立され、ブロックチェーンベースのインテリジェント取引の分野で主導的な企業になることに尽力しています。",
    "cp_p2_rest": "は、人工知能テクノロジーを活用した高度な定量取引システムです。その中核となる機能は、リスクを最小限に抑えながら投資収益を最大化する取引戦略の自動実行にあります。具体的には、TOOBIT は投資決定を実行可能なコンピューター アルゴリズムに変換し、リアルタイムの市場変動にシームレスに適応する透明性、効率性、迅速な取引操作を可能にします。",
    "cp_p3_suffix": "の取引戦略は、現代の数学、統計、機械学習、市場動向とデジタル資産価格の継続的な分析に基づいており、最も効果的な取引アクションを決定します。このシステムは、複雑なアルゴリズムとモデリングを通じて市場のリスクと投資機会を評価し、リスクとリターンの期待の変化に応じてポートフォリオの配分を自動的に最適化します。",
    "cp_p4": "この完全に自動化されたアプローチにより、人的エラーが排除され、取引の正確性が向上し、不安定で不確実な市場状況への一貫した適応が保証されます。",
    "cp_p5_prefix": "本質的には、",
    "cp_p5_suffix": "は、人工知能と現代の金融理論を融合し、利益の最大化とリスクの最小化を目的とした戦略を自動的に実行する次世代の定量取引システムです。",
    "label_company_name": "会社名",
    "label_company_number": "会社番号",
    "label_incorporation_date": "設立日",
    "label_registered_capital": "登録資本金",
    "label_email": "電子メール",
    "label_phone": "電話",
    "label_registered_office": "登録事務所",
    "company_number_value": "16289541",
    "incorporation_date_value": "2025 年 3 月 4 日",
    "registered_capital_value": "1億ポンド",
    "email_value": "TOOBITquant.ai@gmail.com",
    "phone_value": "+44 7742 043280",
    "registered_office_value": "32 London Bridge St, ロンドン, イギリス SE1 9SG",
    "platform_bonus": "プラットフォームボーナス",
    "failed_to_load_notices": "通知の読み込みに失敗しました",
    "welcome_title": "TOOBIT へようこそ: 一緒にスマートな未来を拓こう",
    "withdraw_success": "出金成功",
    "deposit_success": "入金成功",
    "income_received": "受け取った収入",
    "product": "製品",
    "project_rule": "プロジェクトルール",
    "repayment": "返済",
    "maturity_principal_interest": "満期元金と利息",
    "daily_return": "毎日の返品",
    "invest_cycle": "投資サイクル",
    "estimated_revenue": "推定収益",
    "balance_not_enough_recharge": "残高が不足しています。{{amount}} USDT をリチャージしてください",
    "ok": "わかりました",
    "transfer_amount": "振込金額",
    "old_login_password": "古いログインパスワード",
    "new_login_password": "新しいログインパスワード",
    "old_payment_password": "古い支払いパスワード",
    "new_payment_password": "新しい支払いパスワード",
    "about_p1_tail": "は、人工知能を活用した最先端の定量取引システムです。その中心的な機能は、リスクを最小限に抑えながら投資収益を最大化するように設計された取引戦略の自動実行です。取引の決定をコンピューターアルゴリズムに変換することで、事前に定義された戦略が自動化され、取引プロセスがより透明性が高く効率的になり、市場の変化に非常に敏感になります。",
    "about_p2_a": "採用されている定量的戦略",
    "about_p2_b": "現代の数学、統計、機械学習、市場動向と仮想通貨価格のリアルタイム分析を活用します。これらの高度なテクノロジーにより、プラットフォームは高度に最適化された取引計画を策定できます。",
    "about_p2_c": "同時に、",
    "about_p2_d": "複雑なモデルを利用して市場リスクを評価し、投資機会を特定し、予想されるリスクとリターンの比率に基づいてポートフォリオのバランスを自動的に再調整します。この完全に自動化されたアプローチにより、人的エラーが排除され、精度が向上し、システムが不安定な市場状況に迅速に適応できるようになります。",
    "about_p3_a": "本質的には、",
    "about_p3_b": "人工知能と現代の金融理論を統合して、投資戦略を自律的に実行し、利益の最大化とリスクの削減という 2 つの目標を追求します。",
    "about_p4_heading_tail": "収入源と経済的安全性",
    "about_p5_tail": "は、ユーザーと相互に利益をもたらすビジネス モデルに基づいて運営されています。すべての利益は、世界の暗号通貨市場の価格変動を通じて生み出されます。ブロックチェーン技術の分散型で改ざん防止の性質により、オープンで透明な投資環境が保証され、ユーザーに強力な財務保護層が提供されます。",
    "about_p6_a": "要約すれば、",
    "about_p6_b": "一貫した持続可能な資産の成長をサポートするように設計されたスマートな取引システムをユーザーに提供します。すべてのトランザクションはユーザーに利益をもたらすだけでなく、プラットフォームの収益も生み出し、双方にとって長期的な財務的安定をサポートする Win-Win 構造を形成します。",
    "about_p7_a": "ブロックチェーン業界の健全な発展を促進するために一緒に働きましょう。と",
    "about_p7_b": "AIを活用したインテリジェントな取引システムを通じて、より多くの人が自信を持って効率的に安く買って高く売る原則を習得できるようになります。",
    "about_p8_a": "現在は4代目となり、",
    "about_p8_b": "はさらに強力に進化し、ユーザー エクスペリエンスを合理化しながら強化された機能を提供します。ワンクリックで「定量化の開始」を行うと、ユーザーはわずか 1 分で収益の生成を開始できます。これがインテリジェント投資の未来です。",
    "open_support_drawer": "サポート引き出しを開く",
    "online_service": "オンラインサービス",
    "choose_support_method": "ご希望のオンライン カスタマー サービスへの連絡方法を選択してください",
    "customer_support": "カスタマーサポート",
    "community_group": "コミュニティグループ",
    "verify_code": "コードの検証",
    "click_to_refresh": "クリックして更新",
    "request_already_processing": "あなたのリクエストはすでに処理されています",
    "credential_not_match": "この資格情報は私たちの記録と一致しません",
    "generic_error": "何か問題が発生しました。もう一度試してください。",
    "system_notice": "システムに関するお知らせ",
    "failed_to_load_notice": "通知を読み込めませんでした",
    "no_data": "データなし",
    "welcome_heading": "トゥービットへようこそ！",
    "welcome_p1": "TOOBIT コミュニティの一員としてご参加いただけることをうれしく思います。イノベーションの最前線に立つ先進的なテクノロジー企業として、私たちは人工知能の無限の可能性を探求するお手伝いをいたします。",
    "welcome_p2": "TOOBIT をお選びいただきありがとうございます。よりスマートで、よりつながりのある未来を切り開いていきましょう。ご質問がございましたら、当社のサポート チームがいつでもお手伝いいたします。",
    "email_verification": "メール認証",
    "pending": "保留中",
    "withdraw_asset": "資産を引き出す",
    "withdraw_deduction": "引き出し控除",
    "quantitative_earning": "量的な稼ぎ",
    "invited_friends_daily_commissions": "友達を招待して、リチャージ時に対応する毎日のコミッションを獲得してください:",
    "rejected": "拒否されました",
    "consent_intro": "にあるアカウントを続行すると、",
    "country_name": "イギリス",
    "consent_agreement": "あなたは私たちのことに同意します",
    "terms_of_service": "利用規約",
    "view_daily_check_in": "毎日のチェックインを表示",
    "last_price_binance_spot": "最終価格 – バイナンススポット",
    "high": "高い",
    "low": "低い",
    "volume": "音量",
    "trades": "取引",
    "core_cooperative_financial_institutions": "中核協同組合金融機関",
    "reward_page_title": "招待報酬",
    "tab_direct": "直接",
    "tab_missions": "ミッション",
    "reward_task_prefix": "タスクを完了するには",
    "reward_task_middle": "レベルのアクティブなメンバー",
    "mission_invite_prefix": "招待する",
    "mission_invite_unit": "友達",
    "mission_invite_suffix": "登録する",
    "mission_deposit_prefix": "得る",
    "mission_deposit_middle": "総預金額",
    "mission_deposit_suffix": "あなたのチームから",
    "unit_usdt": "USDT",
    "progress_label": "進捗",
    "refresh_label": "リフレッシュ",
    "streak_title": "現在の連続記録: {{current}} \/ {{goal}} 日",
    "streak_info": "毎日請求して連続記録を維持し、ボーナスを獲得してください。 1 日逃すと進行状況がリセットされます。",
    "reward_small": "0.01USDT",
    "reward_big": "1 USDT",
    "claim_button": "毎日の報酬を受け取りましょう",
    "company_profile_title": "会社概要",
    "company_intro_1": "TOOBIT FOR TOOBIT LTD は 2004 年にイギリスのロンドンで設立され、ブロックチェーンベースのインテリジェント取引の分野でリーディング企業になることに尽力しています。",
    "company_intro_2": "TOOBIT は、人工知能テクノロジーを活用した高度な定量取引システムです。その中核となる機能は、リスクを最小限に抑えながら投資収益を最大化する取引戦略の自動実行にあります。",
    "company_intro_3": "TOOBIT の取引戦略は、現代の数学、統計、機械学習、市場動向とデジタル資産価格の継続的な分析に基づいており、最も効果的な取引アクションを決定します。",
    "company_intro_4": "この完全に自動化されたアプローチにより、人的エラーが排除され、取引の正確性が向上し、不安定で不確実な市場状況への一貫した適応が保証されます。",
    "company_intro_5": "本質的に、TOOBIT は、人工知能と現代の金融理論を融合させ、利益の最大化とリスクの最小化を目的とした戦略を自動的に実行する次世代の定量取引システムです。",
    "company_name_label": "会社名：",
    "company_number_label": "会社番号:",
    "date_of_incorporation_label": "設立日:",
    "registered_office_label": "登録事務所:",
    "notice_title": "富の成長の秘密",
    "notice_paragraph1": "収入を再投資して毎日資産を増やすことを忘れないでください。",
    "notice_paragraph2": "複利により、お金があなたのために働き、初期投資だけでなく利益も得られます。",
    "notice_paragraph3": "自分の可能性を最大限に引き出し、収入を倍増させます。",
    "notice_paragraph4": "この機会をお見逃しなく。一緒に成長していきましょう!",
    "notice_paragraph5": "今すぐ Toobit 投資プログラムに参加して、USDT が自動的に収益を生成できるようにしましょう!私たちに参加して、一緒に新たな富の高みを目指しましょう!",
    "notice_closeButton": "近い"
}