{
  "account": "Username",
  "quantify_records": "Quantify Records",
  "finish": "Finish",
  "buy_platform": "Buy Platform",
  "purchase_price": "Purchase Price",
  "sales_platform": "Sales platform",
  "selling_price": "Selling price",
  "service_charge": "Service Charge",
  "model": "Model",
  "vip_model": "VIP MODEL",
  "quantitative_strategy": "Quantitative Strategy",
  "popular": "Popular",
  "cryptocurrency_trading": "cryptocurrency trading",
  "no_more_data": "No more Data",
  "check": "Check",
  "execute_position": "Execute Position",
  "wallet_account_balance": "Wallet account balance",
  "not_limited": "Not limited",
  "daily_interest_payment": "Daily interest payment, principal repayment at maturity",
  "share_rules": "Share Rules",
  "hello": "Hello",
  "register_an_account": "Register an account",
  "flexible_account": "Quantitative Account",
  "wallet_account": "Smart Account",
  "wave_field": "Help Center",
  "chain_quant": "Chain Quant: Introduction and User Guide for Intelligent Quantitative Trading Platform",
  "how_to_get_benefits": "How to Deposit and Withdraw Funds",
  "bandwidth": "Company Introduction: Chain Quant",
  "energy": "Power",
  "welcome_to": "Welcome to",
  "official_telegram_channel": "Official Telegram Channel",
  "cloud_mining_hosting": "TRONOKX offers reliable cloud mining and staking services, ensuring principal returns within 12 days. Our platform provides multiple VIP levels with varying deposit amounts and daily withdrawal rates to suit different investment needs:",
  "cloud_mining_hosting_2": "We are pleased to introduce you to TRONOKX, a cutting-edge platform dedicated to providing innovative cloud mining and staking services that deliver secure, reliable, and profitable returns. Our system ensures a principal return within 12 days, offering you the opportunity to grow your investment quickly while being part of an exciting, sustainable financial ecosystem.",
  "cloud_mining_hosting_3": "At TRONOKX, we offer a range of VIP levels designed to meet different investment capacities. Each level has specific deposit ranges and daily withdrawal rates, providing flexible options for users looking to earn daily returns from their investments. Here’s an overview of the various VIP tiers:",
  "the_amount_of_vip1": "VIP 1: Deposit range 10-1,000 TRX, withdraw 9% daily",
  "the_amount_of_vip2": "VIP 2: Deposit range 1,001-2,000 TRX, withdraw 10% daily",
  "the_amount_of_vip3": "VIP 3: Deposit range 2,001-10,000 TRX, withdraw 13% daily",
  "the_amount_of_vip4": "VIP 4: Deposit range 10,001-50,000 TRX, withdraw 15% daily",
  "the_amount_of_vip5": "VIP 5: Deposit range 50,001-200,000 TRX, withdraw 17% daily",
  "the_amount_of_vip6": "VIP 6: Deposit range 200,001-300,000 TRX, withdraw 20% daily",
  "the_amount_of_vip7": "VIP 7: Deposit range 300,001-500,000 TRX, withdraw 23% daily",
  "the_amount_of_vip8": "VIP 8: Deposit range 500,001-800,000 TRX, withdraw 28% daily",
  "the_amount_of_vip9": "VIP 9: Deposit range 800,001-1,500,000 TRX, withdraw 35% daily",
  "the_amount_of_vip10": "VIP 10: Deposit range 1,500,001+ TRX, withdraw 42% daily",
  "the_amount_of_vip1_ann": "VIP 1: For deposits ranging between 10 to 1,000 TRX, earn a daily return of 9%.",
  "the_amount_of_vip2_ann": "VIP 2: For deposits between 1,001 and 2,000 TRX, enjoy a daily withdrawal of 10%.",
  "the_amount_of_vip3_ann": "VIP 3: Deposits from 2,001 to 10,000 TRX qualify for a 13% daily withdrawal.",
  "the_amount_of_vip4_ann": "VIP 4: For investments between 10,001 and 50,000 TRX, receive 15% daily.",
  "the_amount_of_vip5_ann": "VIP 5: If you deposit between 50,001 and 200,000 TRX, you’ll be eligible for a 17% daily return.",
  "the_amount_of_vip6_ann": "VIP 6: Deposits of 200,001 to 300,000 TRX will earn 20% daily.",
  "the_amount_of_vip7_ann": "VIP 6: Deposits of 200,001 to 300,000 TRX will earn 20% daily.",
  "the_amount_of_vip8_ann": "VIP 8: Deposits from 500,001 to 800,000 TRX receive a 28% daily return.",
  "the_amount_of_vip9_ann": "VIP 9: For larger deposits of 800,001 to 1,500,000 TRX, enjoy a 35% daily withdrawal.",
  "the_amount_of_vip10_ann": "VIP 10: The highest tier, for deposits over 1,500,001 TRX, offers an impressive 42% daily return.",
  "financial_turnaround": "We also offer a short-term financial plan for those looking to quickly see returns, with the principal being returned within just 3 days. This plan is ideal for users seeking a more immediate financial turnaround.",
  "periodic_financial_management": "In addition, we offer a short-term financial plan that ensures the return of your principal investment within just 3 days. You can also earn additional rewards by inviting friends to join our platform. The referral program is structured across three levels:",
  "periodic_financial_management_ann": "In addition to these exceptional investment opportunities, we believe in the power of community. Our invitation rewards program allows you to earn even more by sharing the platform with friends and family. Here’s how our tiered referral system works:",
  "the_unit_price_of_tron": "Level 1: 13% reward for direct referrals",
  "the_unit_price_of_tron2": "Level 2: 2% reward for second-level referrals",
  "the_unit_price_of_tron3": "Level 3: 1% reward for third-level referrals",
  "the_unit_price_of_tron4": "TRONOKX is designed for long-term sustainability, offering a platform that will continue to thrive as long as cryptocurrency exists. Join us today to start earning and grow your investment with confidence!",
  "the_unit_price_of_tron_ann": "Level 1: Direct referrals will earn you a 13% reward from their activities.",
  "the_unit_price_of_tron2_ann": "Level 2: For second-level referrals, you will receive 2% of their activities.",
  "the_unit_price_of_tron3_ann": "Level 3: Referrals from the third level will reward you with 1% of their activities.",
  "the_unit_price_of_tron4_ann": "This multi-level reward system ensures that your network’s growth directly contributes to your success, creating a snowball effect of earning potential.",
  "the_unit_price_of_tron5_ann": "The foundation of TRONOKX is built on long-term growth, and our platform is designed to sustain its operations as long as cryptocurrency continues to thrive. Our model ensures that the value you invest today will continue to yield returns for years to come. By joining TRONOKX, you’re becoming part of a community committed to creating lasting financial opportunities that align with the evolving world of digital assets.",
  "the_unit_price_of_tron6_ann": "We encourage you to start now, invest wisely, and take full advantage of the numerous opportunities that TRONOKX offers. Through cloud mining, staking, and referral programs, you have the chance to amplify your wealth and become a key participant in the world of cryptocurrency.",
  "join_now_ann": "Join us now and start earning today – the future of digital finance is here!",
  "received": "Received",
  "minimum_yeild_requires": "Minimum quantify requires at least deposit",
  "share_to": "Share to",
  "transiction_records": "Transiction Records",
  "transfer_to_flexible_account": "Transfer to Quantitative Account",
  "transfer_into_flexible_account": "1. Transfer into this account can be used to deposit money to earn interest, and you can manually receive the income 24 hours after the first investment time, and return the principal when it expires.",
  "transfer_to_wallet_account": "Transfer to Smart Account",
  "transfer_into_wallet_account": "2. Transfer to this account can be used to purchase regular products. Different products have different cycles and yields. For details, please refer to the product introduction.",
  "no_records": "No records",
  "energy_bandwidth": "Chain Quantity Officially Launches",
  "you_send_virtual_currency_to_the_platform": "Using your digital wallet, you send virtual currency to the specified purchase address, and TRONOKX takes care of the automatic resource distribution. Our platform stakes assets within the TRON network to generate bandwidth and energy. These resources are then leased to partner wallets, and the rental earnings flow back to TRONOKX, which redistributes them to users!",
  "income_has_arrived": "income has arrived",
  "profit_received": "profit received",
  "invitation_rewards": "Chain Quantity Agent Partnership Program",
  "by_sharing_the_agent": "Step into the future of AI-powered finance with Chain Quant’s Global Agent Program—your gateway to long-term passive income through intelligent quantitative trading. As the AI trading market accelerates, Chain Quant is expanding its worldwide footprint by inviting marketers, community leaders, and forward-thinking investors to become part of our agent network. Enjoy a powerful multi-tier rewards system with 15%-2%-1% commissions, earning recurring income from both trading profits and referral growth. Every member receives a personal referral link, making promotion seamless and accessible to anyone—no experience needed. Whether you’re leveraging social media, private investor groups, or local communities, you’ll be backed by a high-performance platform and real-time auto-rebates. As your team scales, so do your benefits, with top performers advancing to City, National, or Global Partner status, unlocking 20%+ lifetime profit shares and exclusive regional perks. Join Chain Quant today and build your legacy in the new era of intelligent wealth creation.",
  "sharing_is_polite": "Sharing is polite",
  "when_the_cumulative_recharge_reaches": "When your total recharge reaches 10 TRX or more, share your registration link on social platforms to receive a random reward between 0.01 TRX and 18.88 TRX. Each user can participate once per day!",
  "time": "time",
  "tron_is_a_distributed_operating_system": "TRON is a decentralized blockchain-powered operating system with its native cryptocurrency, TRX. Launched in 2017 by Chinese entrepreneur Justin Sun, it aims to foster a decentralized digital economy.",
  "architecture_in_the_torn": "Architecture: Within the TRON network protocol, TRX holders enjoy equal access to resources like bandwidth and energy. The network is powered by a decentralized virtual machine that leverages public nodes worldwide to execute smart contracts. With no transaction fees and the capacity to handle approximately 2000 transactions per second, it guarantees a swift and efficient network experience.",
  "goverance_tron_online_community": "Governance: The TRON community elects 27 Super Representatives through online voting. These representatives are responsible for block generation and verification every 3 seconds on average, forming a decentralized autonomous organization. They are re-elected every 6 hours and play a crucial role in managing network proposals and voting on TRON Improvement Proposals (TIPs).",
  "advantages_usdt_has_always": "Advantages: USDT is the most widely recognized stablecoin, and Tether has issued it across 13 blockchain networks, with TRON leading the charge, representing over 54% of the total supply. Ethereum follows with 44%, and Solana accounts for 2.7%, solidifying TRON as the primary network for USDT issuance.",
  "bandwith_all_types": "Bandwidth: Every transaction on the TRON network requires bandwidth points. Transactions are stored and transmitted as byte arrays, with each byte consuming one bandwidth point. The total bandwidth cost of a transaction is determined by its byte size. If a user lacks sufficient bandwidth, TRX must be burned to cover the required bandwidth points.",
  "the_unit_price_of_the_targe": "The official burn rate for bandwidth consumption is set at 1,000 SUN per unit.",
  "energy_each_instruction": "Energy: Every smart contract execution consumes a specific amount of energy, depending on its complexity. More complex contracts require more energy. As the contract runs, energy is calculated and deducted per instruction. If an account lacks sufficient energy, TRX must be burned to cover the required energy costs.",
  "the_current_offical_unit_price": "The official burn rate for energy consumption is currently set at 420 SUN per unit.",
  "smart_investment": "Smart Investment",
  "international_lines": "International Lines",
  "basic_investment_plan": "Basic Investment Plan",
  "invest_in_our_basic": "Invest in our Basic Account and start earning daily mining income! Upon your first deposit, you’ll automatically enter into a 180-day contract. The contract begins as soon as the first deposit is made.",
  "key_features": "Key Features",
  "earn_daily_between": "Earn daily between 8%-36% of your cumulative investment.",
  "incomoe_is_settled": "Income is settled 24 hours after your first deposit (Example: Deposit at 3:00 PM, income available at 3:00 PM the next day).",
  "you_must_manually": "You must manually click to collect daily income.",
  "vip_levels_benefits": "VIP Levels & Benefits",
  "daily_withdrawal": "daily withdrawal",
  "how_it_works": "How It Works",
  "deposit_funds": "Deposit Funds: Start your investment by making an initial deposit.",
  "earn_daily_income": "Earn Daily Income: Enjoy mining income every 24 hours.",
  "collect_income": "Collect Income: Log in daily to manually collect your earnings.",
  "start_today_and_enjoy": "Start today and enjoy high-yield returns with our Basic Investment Plan!",
  "our_system_will_automatically": "Our system will automatically determine your total accumulated deposits and upgrade you to the appropriate VIP level. For example:",
  "first_deposit": "First deposit",
  "second_deposit": "Second deposit",
  "total_deposit": "Total deposit",
  "the_system_will_automatically_upgrade": "The system will automatically upgrade you to VIP2, and you’ll enjoy a 10% daily income at this level, and so on.",
  "referral_system": "Referral System",
  "earn_rewards_by_reffering": "Earn rewards by referring others to join! Our 3-level referral system offers great benefits",
  "refer_level_1": "Level 1: 13% of referral's daily income",
  "refer_level_2": "Level 2: 2% of referral's daily income",
  "refer_level_3": "Level 3: 1% of referral's daily income",
  "start_referring_today": "Start referring today to boost your earnings!",
  "account_is_required": "Account is required",
  "login_password": "Login password",
  "password_is_required": "Password is required",
  "verification_code": "Verification code",
  "vcode_is_required": "Vcode is required",
  "vcode": "Vcode",
  "forgot_password": "Forgot password",
  "login": "Login",
  "register": "Register",
  "go_to_homepage": "Go to homepage",
  "total_balance": "Quantitative Account",
  "home_notice": "Welcome to Toobit – Where Smart Capital Meets Intelligent Algorithms. We’re thrilled to welcome you to Toobit, your new home for cutting-edge quantitative earning. Whether you’re a seasoned investor or just beginning your journey into the world of algorithmic income, you’ve just joined a platform built for clarity, performance, and trust. At Toobit, we don’t just believe in earning—we believe in earning intelligently. Our proprietary strategies are engineered by data scientists and financial experts to harness the power of algorithmic precision, allowing your capital to grow through real-time market opportunities. Every decision, every strategy, every return is powered by data and driven by our unwavering mission: to make advanced earning tools accessible to everyone.",
  "go_to_recharge": "Go to recharge",
  "telegram_customer_service": "Telegram Customer Service",
  "dear_user": "Dear user: Since your mining machine’s computing power/energy is about to run out, please quickly replenish {amount}TRX according to the energy value required by your account funds. Your mining machine has currently suspended mining control and revenue/withdrawal.",
  "note_to_avoid": "[Note: To avoid loss of revenue, please contact Telegram support]",
  "deposit": "Recharge",
  "withdrawal": "Withdrawal",
  "share_friends": "Invite Friends",
  "team": "Team",
  "app": "App",
  "information": "News",
  "wallet": "Wallet",
  "promotion": "Promotion",
  "join_to_be_a_sitename_millionaire": "Join to be a TRONRICO Millionaire",
  "use_the_latest_mining_machines": "Use the latest mining machines and Defi technology to ensure that all users get the most TRX income.",
  "details": "Details",
  "platform_data_display": "Platform data display",
  "income": "income",
  "Income": "Quantify",
  "cyclical_investing": "cycle investing",
  "trontin_3day_mining_machine": "TRONTIN 3-day mining machine",
  "trontin_9day_mining_machine": "TRON 9-day traffic mining machine",
  "trontin_16day_traffic_mining_machine": "RONTIN 16-day traffic mining machine",
  "trontin_45day_miner_energy": "TRONTIN 45 days miner energy",
  "trontin_18day_miner_energy": "TRON 18 days miner energy",
  "trontin_trxMining_in_46days": "TRON trxMining in 46 days",
  "tron_eth_digi_2_mining": "TRON ETH DIGI 2.0 MINING",
  "torn_80days_photolvatic_mine": "tron 80 days photovoltaic mine",
  "trontin_bnb_mining_in_65days": "TRONTIN BNB Mining in 65 days",
  "view_more": "View more",
  "cycle": "Cycle",
  "day": "Day",
  "instant_quotes": "Instant Quotes",
  "profit_withdrawal": "Profit withdrawal",
  "repurchase": "Repurchase",
  "latest_announcement": "Latest announcement",
  "registered_members_will_be_given": "Registered members will be given 56,000TRX as pledged equity. To activate the account, a minimum deposit of 10TRX and a minimum withdrawal of 5TRX are required. The income can be withdrawn or invested in mining.",
  "deposit_into_the_basic_account_and_automatically_join_the_contract": "[Basic Investment] Deposit into the basic account and automatically join the contract for 180 days [The contract period takes effect from the time of the first deposit]. The basic account has mining income every day, and can receive 9%-38% of the cumulative investment amount every day. The settlement time of our platform system is: the time of the user's first purchase, 24 hours later.",
  "the_income_will_not_be_automatically_deposited_into_the_account": "[For example: the first purchase time is 15:00, and the income will be obtained at 15:00 the next day] The income will not be automatically deposited into the account, and you need to click on the income every day; when mining enters, click actively to receive the income.",
  "accumulated_deposits_of_10-2500_trx": "Accumulated deposits of 10-2500 trx, automatically upgraded to VIP1, daily withdrawal of 9%",
  "accumulated_deposits_of_2501-10000_trx": "Accumulated deposits of 2501-10000 trx, automatically upgraded to VIP2, 10% daily withdrawal",
  "accumulated_deposits_of_10001-20000_trx": "Accumulated deposits of 10001-20000 trx, automatically upgraded to VIP3, daily withdrawals of 11%",
  "accumulated_deposits_of_20001-50000_trx": "Accumulated deposits of 20001-50000 trx,automatically upgraded to VIP4, daily withdrawals of 13%",
  "accumulated_deposits_of_50001-100000_trx": "Accumulated deposits of 50001-100000 trx, automatically upgraded to VIP5, daily withdrawal of 15%",
  "accumulated_deposits_of_100001-200000_trx": "Accumulated deposits of 100001-200000 trx, automatically upgraded to VIP6, daily withdrawals of 17%",
  "accumulated_deposits_of_200001-500000_trx": "Accumulated deposits of 200001-500000 trx, automatically upgraded to VIP7, daily withdrawal of 23%",
  "accumulated_deposits_of_500001-1000000_trx": "Accumulated deposits of 500001-1000000 trx, automatically upgraded to VIP8, daily withdrawal of 26%",
  "accumulated_deposits_of_1000001-1600000_trx": "Accumulated deposits of 1000001-1600000 trx, automatically upgraded to VIP9, daily withdrawal of 32%",
  "accumulated_deposits_of_1600001-9999999_trx": "Accumulated deposits are 1600001-9999999 trx, automatically upgraded to VIP10, with daily withdrawals of 38%",
  "automatically_upgrade_vip_level": "Automatically upgrade to VIP level",
  "the_system_will_determine_your_total_accumulated_deposit": "[The system will determine your total accumulated deposit and automatically upgrade you to the appropriate level] For example: the first recharge is 500TRX, the second recharge is 2001TRX, [the cumulative recharge is 2501TRX] the system will automatically upgrade to VIP2, and you will have VIP2 The daily income of the level is 10% and so on.",
  "previous": "Previous",
  "next": "Next",
  "close": "Close",
  "current_yield": "Current Yield",
  "miner_is_running": "Miner is running",
  "view_all": "View All",
  "earning_times": "Quantification times",
  "singapore_time_after": "Singapore time After",
  "every_day": "every day",
  "daily_rate": "Daily rate",
  "receive": "Receive",
  "basic_investment": "Basic investment",
  "record": "Record",
  "current_level": "Current level",
  "deposit_quantity": "Deposit quantity",
  "invitation_reward": "Invitation reward",
  "deposit_now": "Deposit now",
  "daily_income": "daily income",
  "daily_withdrawals": "Daily withdrawals",
  "valid_period": "Valid period",
  "remaining_days": "remaining Days",
  "status": "Status",
  "running": "Running",
  "quantity": "Quantity",
  "amount": "Amount",
  "return": "return",
  "Return": "Return",
  "profit": "profit",
  "equity_pledge": "Equity pledge",
  "end": "End",
  "invite_your_contacts": "Invite your contacts",
  "sign_up_and_recharge_to_get_great_rewards": "Sign up and recharge to get great rewards",
  "invitation_codes": "Invitation codes",
  "share_invitation_links_to_social_platforms": "Share invitation links to social platforms",
  "build_a_team_and_get_great_rewards": "Build a team and get great rewards",
  "copy_successfully": "Copy successfully",
  "copy_link": "Copy Link",
  "app_services": "App Services",
  "wallet_funds_conversion": "Transfer",
  "change_password": "Security Center",
  "notification": "Notification",
  "logout": "Sign Out",
  "my_promotion": "Team",
  "bonus": "Bonus",
  "bonus_record": "Commission Records",
  "number_of_teams": "Total People",
  "valid_number_of_invites": "Valid Invites",
  "team_cycle_investment_details": "Team cycle investment details",
  "total_people": "Total people",
  "contribution": "Commission",
  "invite_friends": "Invite friends",
  "go_now": "Go now",
  "in_progress": "In progress",
  "number_of_investments": "Number of investments",
  "total_investment": "Total investment",
  "subordinate_investment_amount": "Subordinate investment amount",
  "confirm": "Confirm",
  "Confirm": "CONFIRM",
  "last_login_time": "Last login time",
  "records": "Records",
  "transfer_to_smart_account": "Transfer to {{type}} Account",
  "transfer_to_quantitative_account": "Transfer to Quantitative Account",
  "transfer_to_smart_account_2": "Transfer to Smart Account",
  "address": "Address",
  "copy": "Copy",
  "please_do_not_top_up_other_non_bnb_assets": "Please do not top up other non-{{method}} assets. After recharging, please click",
  "submit_successfully": "Recharge Complete",
  "submit": "Submit",
  "exchange_rate": "Exchange rate",
  "if_the_account_has_not_been_received_for_a_long_time": "If the account has not been received for a long time, please click",
  "again": "again",
  "recharge_record": "Recharge record",
  "successful": "Successful",
  "purchase": "purchase",
  "Purchase": "Purchase",
  "transaction_record": "Transaction record",
  "all": "ALL",
  "recharge": "Recharge",
  "giveaway": "Giveaway",
  "withdrawal_failed": "Withdrawal Failed",
  "promotion_account": "Wallet account",
  "basic_account": "Flexible account",
  "amount_to_be_converted": "Amount to be converted",
  "withdrawable_balance": "Withdrawable balance",
  "withdrawals_arebased_one_singapore_time_and_are_withdrawn_once_a_day": "Withdrawals are based on Singapore time and are withdrawn once a day",
  "choose_withdrawal_account": "Choose withdrawal account",
  "choose": "Choose",
  "digital_currency_wallet": "Digital currency wallet",
  "cancel": "CANCEL",
  "password": "Password",
  "actual_withdrawal": "Actual withdrawal",
  "withdrawal_record": "Withdrawal Record",
  "fee": "Fee",
  "to_account": "to account",
  "account_security": "Account security",
  "modify_login_password": "Modify login password",
  "modify_payment_password": "Modify payment password",
  "transfer_to_basic_account": "Transfer to basic account",
  "transfer_to_promotion_account": "Transfer to promotion account",
  "there_are_two_investment_models_please_choose_according_to_your_needs": "There are two investment models, please choose according to your needs",
  "deposit_into_this_account_for_pledge_mining": "Deposit into this account for pledge mining. After 24 hours from the first deposit time, you can manually receive the income and return the principal when it expires",
  "recharge_to_the_promotion_account_to_purchase_periodic_mining_machines": "Recharge to the promotion account to purchase periodic mining machines, you can collect income in different cycles, and return the principal and income when it expires",
  "add_digital_currency_wallet": "Add digital currency wallet",
  "address_type": "address Type",
  "wallet_address": "wallet address",
  "start_with": "Start with",
  "digit_wallet_address": "digit wallet address",
  "set_payment_password": "Set payment password",
  "continue": "Continue",
  "are_you_sure_sign_out": "Are you sure sign out",
  "wallet_registration": "Wallet registration",
  "decentralized_wallet_download_address": "Decentralized wallet download address",
  "tutorial": "View Tutorial",
  "buy_currency": "buy currency",
  "common_problem": "common problem",
  "how_to_become_a_partner_of_trontin_mining_company": "How to become a partner of TRONRICO mining company",
  "to_become_our_partner": "To become our partner, you can get 56,000TRX for free by simply registering, and you can withdraw it within 180 days after activation",
  "what_to_do_after_registration": "What to do after registration",
  "you_need_to_log_in_to_your_account": "You need to log in to your account and the mining function will be activated automatically. To increase your daily income, make a deposit",
  "what_are_the_minimum_deposit_and_withdrawal_amounts": "What are the minimum deposit and withdrawal amounts",
  "the_minimum_deposit_is_10trx": "The minimum deposit is 10TRX and the minimum withdrawal is 5TRX.",
  "how_to_withdraw_money_what_should_i_do": "How to withdraw money, what should I do",
  "log_in_to_your_account": "Log in to your account. Enter the 'Withdrawal' page. Click the 'Withdraw' button. Bind your TRX wallet address and set a payment password for the first time, then specify the withdrawal amount and select your wallet address, and click to withdraw.",
  "what_is_level_and_how_do_i_increase_it": "What is level and how do I increase it",
  "tron_marketing_uses_level_design": "TRON marketing uses level design. The more electricity a user purchases, the higher his level. Profitability directly depends on the level of acquisition. If the initial user of VIP1 earns 8% per day, then as the power available for mining increases, the highest profitability VIP10 can earn 36% per day",
  "i_made_a_withdrawal_request_but_it_hasnt_arrived_in_my_wallet_yet": "I made a withdrawal request but it hasn't arrived in my wallet yet",
  "all_requests_are_handled_by_a_set_of_system_automatic_modes": "All requests are handled by a set of system automatic modes. The request is typically processed within 1 minute",
  "what_payment_systems_does_this_project_have_for_deposits": "What payment systems does this project have for deposits",
  "you_can_deposit_using_a_payment_system_like_this": "You can deposit using a payment system like this",
  "what_payment_systems_does_this_project_have_for_withdrawals": "What payment systems does this project have for withdrawals",
  "you_can_withdraw_money_using_this_payment_system": "You can withdraw money using this payment system",
  "how_to_change_account_password": "How to change account password",
  "click_the_change_password_function_on_the_my_tab_on_the_lower_right": "Click the 'Change Password' function on the 'My' tab on the lower right corner of the page. Enter your old password and new password to change it",
  "what_if_i_forget_my_withdrawal_password": "What if I forget my withdrawal password",
  "please_use_the_email_address_you_reserved_when_registering_to_send_username": "Please use the email address you reserved when registering to send (username: .... 'forgot withdrawal password') to our official email address: tronrico68@gmail.com",
  "what_should_i_do_if_i_need_to_change_my_wallet_address": "What should I do if I need to change my wallet address",
  "please_use_the_email_address_you_reserved_when_registering_to_send": "Please use the email address you reserved when registering to send (username and new wallet address) to our official email address: tronrico68@gmail.com",
  "how_to_top_up": "How to top up",
  "to_make_a_deposit_you_need_to_log_into_your_account": "To make a deposit, you need to log into your account and go to the mining page. At the top, you will see the 'Deposit' button. Once on the deposit page, select the currency you want to deposit. After that, you will be given a wallet address to which you need to send your cryptocurrencies. Deposits will be credited within 1 minute.",
  "your_account_may_be_frozen_under_the_following_circumstances": "Your account may be frozen under the following circumstances",
  "trontin_takes_a_responsible_approach_to_protect_the_personal_data": "TRONTIN takes a responsible approach to protect the personal data of its users and the security of its website. Any attempt to collect user personal information, hacking of the website code, improper use of the affiliate program, access to user accounts through hacking, use of third-party services to artificially increase the number of partners, and any administration that insults the website or its users may be grounds for suspension of the user's account.",
  "I_didnt_find_the_answer_to_my_question_what_should_I_do": "I didn't find the answer to my question, what should I do",
  "contact_online_customer_service_or_telegram_customer_service": "Contact online customer service or Telegram customer service",
  "how_to_deposit": "How to deposit",
  "click_deposit_on_the_platform_page": "Click 'Deposit' on the platform page",
  "choose_to_transfer_to_the_basic_account_or_promotion_account": "Choose to transfer to the basic account or promotion account. After entering, you can choose the currency to deposit.",
  "select_a_top_up_enter_to_copy_the_deposit_address": "Select a top-up. Enter to copy the deposit address.",
  "open_your_crypto_wallet_select_the_corresponding_currency_and_transfer": "Open your crypto wallet, select the corresponding currency, and transfer.",
  "paste_the_address_of_the_receiving_wallet": "Paste the address of the receiving wallet.",
  "enter_the_amount_you_plan_to_deposit_into_your_account": "Enter the amount you plan to deposit into your account.",
  "click_next_and_confirm_completion": "Click 'Next' and confirm completion.",
  "return_to_the_platform_and_click_the_recharge_button_note_the_last_step": "Return to the platform and click the 'Recharge' button. Note: The last step is to return to the platform and click 'Recharge Complete'. Once the recharge is completed, the account will be credited in time.",
  "how_to_withdraw_money": "How to withdraw money",
  "select_the_exit_button_on_the_homepage_then_use_your_exchange_wallet": "Select the exit button on the homepage, then use your exchange (wallet) to find the TRC20 address, copy and bind it to the platform to exit, and the platform settles the currency TRX. After successful withdrawal, the account will be credited in 1-3 minutes.",
  "if_you_need_help_please_click_online_customer_service": "(If you need help, please click online customer service)",
  "announcement": "Announcement",
  "my_message": "My Message",
  "company_mining_and_revenue": "【Company Mining and Revenue】",
  "registered_members_will_be_given_56000trx_as_pledged_equity": "Registered members will be given 56,000TRX as pledged equity. To activate the account, a minimum deposit of 10TRX and a minimum withdrawal of 5TRX are required. The income can be withdrawn or invested in mining.",
  "basic_investment_deposit_into_the_basic_account_and_automatically_join_the_contract_for_180_days": "[Basic Investment] Deposit into the basic account and automatically join the contract for 180 days [The contract period takes effect from the time of the first deposit]. The basic account has mining income every day, and can receive 9%-38% of the cumulative investment amount every day. The settlement time of our platform system is: the time of the user's first purchase, 24 hours later.",
  "for_example_the_first_purchase_time_is_1500_and_the_income_will_be_obtained_at_1500_the_next_day": "[For example: the first purchase time is 15:00, and the income will be obtained at 15:00 the next day] The income will not be automatically deposited into the account, and you need to click on the income every day; when mining enters, click actively to receive the income.",
  "accumulated_deposits_of_10_2500_trx_automatically_upgraded_to_vip1_daily_withdrawal": "Accumulated deposits of 10-2500 trx, automatically upgraded to VIP1, daily withdrawal of 9%.",
  "accumulated_deposits_of_2501_10000_trx_automatically_upgraded_to_vip2_10_daily_withdrawal": "Accumulated deposits of 2501-10000 trx, automatically upgraded to VIP2, 10% daily withdrawal.",
  "accumulated_deposits_of_10001_20000_trx_automatically_upgraded_to_vip3_daily_withdrawal": "Accumulated deposits of 10001-20000 trx, automatically upgraded to VIP3, daily withdrawals of 11%.",
  "accumulated_deposits_of_20001_50000_trx_automatically_upgraded_to_vip4_daily_withdrawal": "Accumulated deposits of 20001-50000 trx, automatically upgraded to VIP4, daily withdrawals of 13%.",
  "accumulated_deposits_of_50001_100000_trx_automatically_upgraded_to_vip5_daily_withdrawal": "Accumulated deposits of 50001-100000 trx, automatically upgraded to VIP5, daily withdrawal of 15%.",
  "accumulated_deposits_of_100001_200000_trx_automatically_upgraded_to_vip6_daily_withdrawal": "Accumulated deposits of 100001-200000 trx, automatically upgraded to VIP6, daily withdrawals of 17%.",
  "accumulated_deposits_of_200001_500000_trx_automatically_upgraded_to_vip7_daily_withdrawal": "Accumulated deposits of 200001-500000 trx, automatically upgraded to VIP7, daily withdrawal of 23%.",
  "accumulated_deposits_of_500001_1000000_trx_automatically_upgraded_to_vip8_daily_withdrawal": "Accumulated deposits of 500001-1000000 trx, automatically upgraded to VIP8, daily withdrawal of 26%.",
  "accumulated_deposits_of_1000001_1600000_trx_automatically_upgraded_to_vip9_daily_withdrawal": "Accumulated deposits of 1000001-1600000 trx, automatically upgraded to VIP9, daily withdrawal of 32%.",
  "accumulated_deposits_of_1600001_9999999_trx_automatically_upgraded_to_vip10_daily_withdrawal": "Accumulated deposits are 1600001-9999999 trx, automatically upgraded to VIP10, with daily withdrawals of 38%.",
  "automatically_upgrade_vip_level_instructions": "Automatically upgrade VIP level and instructions.",
  "the_system_will-determine_your_total_accumulated_deposit": "The system will determine your total accumulated deposit and automatically upgrade you to the appropriate level. For example: the first recharge is 500 TRX, the second recharge is 2001 TRX, [the cumulative recharge is 2501 TRX] the system will automatically upgrade to VIP2, and you will have VIP2. The daily income of the level is 10% and so on.",
  "share_invitation_reward_description": "Share invitation reward description",
  "invite_friends_description": "Invite friends with the promotion link and 13% of the income will be withdrawn immediately. If you recommend hundreds of people to join Trontin, you can become a millionaire. Maximum 18% (commission level 13% + level 2 2% + level 3 1%) 1: For example: You invite user A, user A deposits and invests 10,000TRX, you will receive 1,300TRX as a reward. User A invites user B, user B deposits and invests 10,000TRX, and you will receive 200TRX as a reward. User B once again inspires User C. User C deposits and invests 10,000TRX. You will receive 100TRX as a reward. The promotion income will be directly transferred to your promotion account. You can directly withdraw money or purchase financial product promotion platform links to obtain promotion income and cultivate own team members, (promotion can get a certain percentage of promotion revenue). Promote your invitation link on your family and friends, WhatsApp, Facebook group, YouTube, Instagram, Twitter, Telegram group, or any social media platform (Invitation link: Log in to the platform and click the share button to copy the link. Send the link to your friends or any social platform. Tell them this is the best investment mining platform to withdraw at least 8%-36% of the investment amount every day)",
  "official_platform_description": "Official platform of TRONRICO mining pool",
  "the_official_platform_of_trontin_mining_pool": "The official platform of TRONRICO mining pool, referred to as TRONRICO, has been certified by the TRON Blockchain Financial Center. We are an official and legal TRON operator. Provide customers with the most stable, safe and efficient services! Since 2020, we and TRON headquarters have cracked down on more than 3,000 counterfeit platforms. If you encounter a fake platform, you can contact us and we will cooperate with TRON headquarters to crack down, the official certification platform TRONRICO.",
  "trontin_msb_registration_certificate": "TRONRICO MSB registration certificate",
  "tax_registration_certificate": "tax registration certificate",
  "TRONTIN_White_Paper": "TRONRICO White Paper",
  "click_to_view_trontin_white_paper": "Click to view TRONRICO white paper",
  "news_report": "News report",
  "trontin_launches_revolutionary_cloud_mining_platform": "TRONRICO launches revolutionary cloud mining platform",
  "click_to_view": "Click to view",
  "contact_us": "contact us",
  "company_website": "Company website",
  "company_telegram": "Company Telegram",
  "telegram_channel": "Telegram channel",
  "email": "Email",
  "company_address": "8 Marina Blvd, Tower 1, Floor 31st and 32nd, Marina Bay Financial Center Singapore",
  "invite_friends_to_recharge": "Invite friends to recharge to get corresponding rebates",
  "level": "Level",
  "rebate": "Rebate",
  "price": "Price",
  "available_balance": "Available Balance",
  "limit_quantity": "Limit quantity",
  "purchase_quantity": "Purchase quantity",
  "daily_interest_rate": "Daily interest rate",
  "real_time": "Real time",
  "participate_in_investment": "Participate in investment",
  "project_rules": "Project Rules",
  "repayment_method": "Repayment method",
  "repay_principal_and_interest_at_maturity": "Repay principal and interest at maturity",
  "unit_price": "unit price",
  "daily_rate_of_return": "Daily rate of return",
  "investment_cycle": "Investment cycle",
  "expected_profit": "expected profit",
  "project_introduction": "Project Introduction",
  "tron_love_mining_machine": "TRON LOVE mining machine Short cycle and stable income is a good choice. The daily income is 4.57%-4.7%, and the cycle is 3 days. After the cycle is over, it will be directly distributed to your [promotion account] together with the principal and the income obtained during the cycle. You can withdraw money directly; this platform supports TRX, ETH, BNB, DOGE, USDT (ERC20 TRC20 BEP20) investment mining.",
  "notice": "NOTICE",
  "confirmation_transfer": "Are you sure you want to transfer in?",
  "home": "Home",
  "invest": "Invest",
  "mine": "Me",
  "Account_6_16_characters_no_spaces_allowed": "Account,6-16 characters, no spaces allowed",
  "Area_code_plus_mobile_number": "Area code + mobile number",
  "recommendation_code": "Recommendation code",
  "global_partners": "Global partners",
  "email_verification_code": "Email Verification Code",
  "otp": "OTP",
  "enter_a_new_password": "Enter a new password",
  "wallet_found": "Wallet Founds",
  "need_traded": "Need traded",
  "already_traded": "Already traded",
  "number_of_withdrawals": "Number of withdrawals",
  "allow_withdrawal": "Allow withdrawal",
  "yes": "yes",
  "minimum_withdrawal": "Minimum withdrawal",
  "enter_withdrawal_amount": "Enter withdrawal amount",
  "please_enter": "Please enter",
  "loading": "Loading",
  "confirm_password": "Confirm Password",
  "original_payment_password": "Original payment password",
  "invest_product": "Smart Investment",
  "purchased": "purchased",
  "total_income": "total income",
  "principal": "principal",
  "total_principal_and_interest": "total principal and interest",
  "how_to_deposit_funds_on_the_ai_trading_platform": "1. How to Deposit Funds on the AI Trading Platform",
  "step_1_get_your_deposit_address": "Step 1: Get Your Deposit Address",
  "log_into_your_ai_trading_account": "Log into your AI trading account",
  "head_to_the_deposit_page": "Head to the \"Deposit\" page",
  "choose_your_cryptocurrency": "Choose your cryptocurrency (TRC20, BEP20, BNB, or TRX)",
  "generate_the_deposit_address_and_copy_it_to_your_clipboard": "Generate the deposit address and copy it to your clipboard",
  "step_2_send_funds_from_your_wallet": "Step 2: Send Funds from Your Wallet",
  "open_your_crypto_wallet_app": "Open your crypto wallet app (e.g., MetaMask, Trust Wallet)",
  "select_the_correct_network": "Select the correct network (TRC20 or BEP20)",
  "paste_the_copied_deposit_address_as_the_recipient": "Paste the copied deposit address as the recipient",
  "input_the_amount_you_want_to_deposit_and_confirm_the_send": "Input the amount you want to deposit and confirm the send",
  "wait_for_confirmation_on_the_blockchain": "Wait for confirmation on the blockchain (usually a few minutes)",
  "step_3_confirm_your_deposit": "Step 3: Confirm Your Deposit",
  "go_to_transaction_history_to_track_progress": "Go to \"Transaction History\" to track progress",
  "click_complete_deposit_once_transaction_is_verified": "Click \"Complete Deposit\" once transaction is verified",
  "if_your_deposit_doesnt_reflect_within_30_minutes_reach_out_to_support": "If your deposit doesn’t reflect within 30 minutes, reach out to support",
  "how_to_withdraw_funds_from_the_ai_trading_platform": "2. How to Withdraw Funds from the AI Trading Platform",
  "step_1_choose_your_withdrawal_option": "Step 1: Choose Your Withdrawal Option",
  "log_in_and_open_the_fund_management_tab": "Log in and open the \"Fund Management\" tab",
  "click_withdraw_and_pick_your_preferred_network": "Click \"Withdraw\" and pick your preferred network (TRC20/BEP20/BNB/TRX)",
  "step_2_fill_in_withdrawal_information": "Step 2: Fill in Withdrawal Information",
  "enter_the_amount_you_want_to_withdraw": "Enter the amount you want to withdraw",
  "paste_your_wallet_address": "Paste your wallet address (ensure it matches the correct network)",
  "complete_any_required_security_verification_steps": "Complete any required security verification steps",
  "step_3_final_confirmation_and_submission": "Step 3: Final Confirmation and Submission",
  "double_check_all_the_details_before_submitting": "Double-check all the details before submitting",
  "withdrawals_usually_process_within_30_minutes": "Withdrawals usually process within 30 minutes",
  "track_the_progress_under_withdrawal_records": "Track the progress under \"Withdrawal Records\"",
  "important_notes": "Important Notes:",
  "double_check_your_wallet_address_crypto_transfers_cant_be_undone": "❗️ Double-check your wallet address – crypto transfers can’t be undone",
  "make_sure_to_meet_the_platforms_minimum_withdrawal_limit": "❗️ Make sure to meet the platform’s minimum withdrawal limit",
  "delays_can_occur_due_to_high_network_traffic": "❗️ Delays can occur due to high network traffic",
  "contact_live_chat_support_anytime_if_you_face_any_issues": "❗️ Contact live chat support anytime if you face any issues",
  "if_you_need_more_help_our_customer_service_team_is_available_24_7_via_live_chat": "If you need more help, our customer service team is available 24/7 via live chat",
  "what_is_chain_quant": "1. What is Chain Quant?",
  "chain_quant_description": "Chain Quant is an AI-powered quantitative trading platform that blends artificial intelligence and blockchain technology to analyze crypto market trends and execute automated trades—empowering users to earn stable returns with minimal effort.",
  "core_services_of_chain_quant": "2. Core Services of Chain Quant",
  "quantitative_arbitrage_trading": "Quantitative Arbitrage Trading\n – Utilizes price differences across multiple exchanges to generate low-risk profits\n – AI-driven systems track markets 24/7 and execute trades at ideal moments",
  "ai_auto_trading": "AI Auto-Trading\n – Fully automated bots using pre-built strategies like trend-following and grid systems\n – Algorithms adjust in real time to limit risk and enhance returns",
  "fund_security": "Fund Security\n – Implements multi-layer encryption with cold & hot wallet separation\n – Smart contract audits provide transparent and tamper-proof operations",
  "instant_deposits_withdrawals": "Instant Deposits/Withdrawals\n – Deposits processed within 1–3 minutes (supports TRC20/BEP20)\n – Withdrawals are fast and automated—no manual review needed",
  "multiple_trading_modes": "Multiple Trading Modes\n – Beginner Mode: Low-risk, fully hands-off trading\n – Pro Mode: Advanced tools and strategy controls for experienced users",
  "how_to_register_and_start_using_chain_quant": "3. How to Register & Start Using Chain Quant?",
  "sign_up": "Step 1: Sign Up: \n Visit the official Chain Quant website, click “Free Registration,” and verify via email or phone",
  "deposit_and_activate_ai_trading": "Step 2: Deposit & Activate AI Trading:\n Fund your account with USDT (TRC20 or BEP20)\n Deposited funds are converted into your Chain Quant trading balance",
  "launch_ai_trading": "Step 3: Launch AI Trading:\n Click “Quantitative Trading” to activate your personal AI bot\n The system begins automated trades aimed at generating daily profits",
  "how_to_earn_with_chain_quant": "How to Earn with Chain Quant?",
  "arbitrage_profits": "– Method 1: Arbitrage Profits:\n AI spots price gaps (e.g., buy low on one exchange, sell high on another)",
  "ai_trading_returns": "– Method 2: AI Trading Returns:\n Algorithms use trend data to buy low and sell high automatically",
  "referral_rewards": "– Method 3: Referral Rewards:\n Invite others and earn commissions from their trades",
  "why_choose_chain_quant": "5. Why Choose Chain Quant?",
  "ai_automation": "✓ 24/7 AI Automation – Never miss a trading opportunity",
  "military_grade_security": "✓ Military-Grade Security – Cold wallets and top-tier encryption",
  "dual_trading_modes": "✓ Dual Trading Modes – Perfect for both beginners and pros",
  "reliable_returns": "✓ Reliable Returns – Backed by real-time market analysis",
  "free_daily_withdrawals": "✓ Free Daily Withdrawals – Enjoy one no-fee withdrawal every day",
  "start_your_journey_with_chain_quant": "Start your journey with Chain Quant today and let intelligent automation work for your crypto future!",
  "chain_quant_ltd": "CHAIN QUANT LTD",
  "driving_the_future_of_ai": "Driving the Future of AI, Big Data & Automation",
  "at_chain_quant_we_harness": "At Chain Quant, we harness the power of cutting-edge artificial intelligence, big data, and advanced automation to accelerate global digital transformation. Our mission is to empower organizations with intelligent, scalable solutions that fuel business growth and shape a more connected, efficient future.",
  "core_services": "Core Services",
  "ai_solutions": "AI Solutions – Integrating machine learning and deep learning to optimize operations and maximize efficiency.",
  "big_data_analytics": "Big Data Analytics – Delivering powerful data infrastructure and actionable insights for smart decision-making and sustainable growth.",
  "automation_integration": "Automation Integration – Designing custom automation workflows that reduce costs, eliminate redundancies, and boost productivity.",
  "strategic_industry_consulting": "Strategic Industry Consulting – Providing forward-thinking, technology-driven market intelligence to guide digital transformation strategies.",
  "our_core_values": "Our Core Values",
  "innovation_driven": "Innovation-Driven – We challenge the status quo and push the boundaries of what’s possible with technology.",
  "client_centric": "Client-Centric – Every solution is tailored to our clients’ unique needs and evolving goals.",
  "integrity_accountability": "Integrity & Accountability – Transparency and trust are the foundations of every partnership we build.",
  "vision": "Vision",
  "to_lead_globally_in_ai": "To lead globally in AI and data-driven innovation, enabling SMEs to thrive in the digital economy while promoting responsible technology use and ethical transformation.",
  "innovation_philosophy": "Innovation Philosophy",
  "we_pioneer_the_smart_ecosystem": "We pioneer the Smart Ecosystem—a blockchain-secured, cross-industry digital infrastructure that enables seamless collaboration, transparency, and advanced intelligence across global markets.",
  "corporate_information": "Corporate Information",
  "legal_name": "Legal Name",
  "company_number": "Company Number",
  "incorporation_date": "Incorporation Date",
  "registered_address": "Registered Address",
  "for_official_filings": "For official filings and verifications, please refer to the UK Government registry:",
  "uk_government_registry": "UK Government Registry",
  "secure_and_fast_transactions": "24 Hours Withdrawal",
  "withdraw_account": "Withdrawal Account",
  "withdrawal_method": "Withdrawal Method",
  "quota": "Quota 1 - 650000",
  "enter_withal_address": "withdrawal address",
  "enter_password": "Password",
  "handling_fees": "Handling Fees",
  "actually_received": "Actually Receive",
  "press_release": "Press Release",
  "relese_date": "February 03, 2024",
  "we_are_thrilled_to_announce": "We are thrilled to officially announce the launch of Chain Quant on Avg 15, 2024!",
  "Chain_Quant_is_a_global_powerhouse": "Chain Quant is a global powerhouse in AI-driven quantitative trading and cryptocurrency arbitrage, offering lightning-fast, intelligent trading solutions that maximize profitability and empower the evolution of digital finance.",
  "platform_highlights": "Platform Highlights",
  "seamless_multi_exchange_integration": "Seamless Multi-Exchange Integration – Supports Binance, Coinbase, Huobi, and more",
  "ultra_fast_arbitrage_execution": "Ultra-Fast Arbitrage Execution – Sub-second buy-low/sell-high opportunities",
  "fully_autonomous_trading": "Fully Autonomous Trading – 100% AI-powered, no manual input needed",
  "be_among_the_first_to_experience": "Be among the first to experience next-generation trading.",
  "register_now": "Register now and take control of the future with Chain Quant—where precision meets performance in smart finance.",
  "chain_quantity_quantitative_investment_program": "Chain Quantity Quantitative Investment Program. Tiered VIP System for Automated Passive Income",
  "vip_levels_rewards": "VIP Levels & Rewards",
  "vip_level_deposit_range_daily_return": "VIP Level Deposit Range (USDT) Daily Return (%)",
  "vip_1_deposit_range_daily_return": "VIP 1 $10 – $199 2.46% – 2.52%",
  "vip_2_deposit_range_daily_return": "VIP 2 $200 – $999 2.71% – 2.72%",
  "vip_3_deposit_range_daily_return": "VIP 3 $1,000 – $4,999 2.92% – 2.98%",
  "vip_4_deposit_range_daily_return": "VIP 4 $5,000 – $9,999 3.15% – 3.19%",
  "vip_5_deposit_range_daily_return": "VIP 5 $10,000 – $14,999 3.36% – 3.40%",
  "vip_6_deposit_range_daily_return": "VIP 6 $15,000 – $29,999 3.69% – 3.73%",
  "vip_7_deposit_range_daily_return": "VIP 7 $30,000 – $59,999 3.92% – 3.97%",
  "vip_8_deposit_range_daily_return": "VIP 8 $60,000 – $99,999 4.25% – 4.27%",
  "vip_9_deposit_range_daily_return": "VIP 9 $100,000 – $149,999 4.54% – 4.58%",
  "vip_10_deposit_range_daily_return": "VIP 10 $150,000 – $200,000 5.01% – 5.10%",
  "chain_quantity_operates_on_progressive_model": "Chain Quantity operates on a progressive investment model designed for scalability and simplicity.",
  "start_with_10_usdt_activate_quantity_1": "Start with just 10 USDT to activate Quantity 1",
  "upgrade_to_quantity_2_by_adding_989_usdt": "Upgrade to Quantity 2 by adding 989 USDT (Total: 999 USDT)",
  "minimum_deposit_10_usdt": "Low deposit: 10 USDT",
  "minimum_withdrawal_2_usdt": "Minimum Withdrawal: 2 USDT",
  "example_investing_1000_usdt_unlocks_vip_3": "Investing 1,000 USDT unlocks VIP 3",
  "daily_earnings_example": "Daily Earnings = 1,000 × 2.92% = 29.2 USDT",
  "program_highlights": "Program Highlights",
  "validity_per_vip_tier": "⏳ 180-Day Validity per VIP tier",
  "daily_system_reset": "🕛 Daily System Reset at 00:00 SGT",
  "automatic_upgrades": "🔓 Automatic Upgrades upon reaching the next threshold",
  "instant_withdrawals": "💸 Instant Withdrawals from commission balance",
  "why_choose_chain_quantity": "Why Choose Chain Quantity?",
  "higher_tiers_offer_better_returns": "✅ Higher tiers offer significantly better returns",
  "no_lock_up_periods": "✅ No lock-up periods – funds remain accessible",
  "real_time_profit_tracking": "✅ Real-time profit tracking via dashboard",
  "transparent_automated_system": "✅ 100% transparent, automated system",
  "sustainable_passive_income_model": "Earn sustainable, passive income with our intelligent tiered model — built for growth, optimized for rewards.",
  "example": "Example",
  "chain_quantity_team_rewards_program": "Chain Quantity Team Rewards Program",
  "unlock_powerful_earning_potential": "Unlock powerful earning potential with our structured multi-level commission system and exclusive agent opportunities.",
  "multi_level_commission_structure": "Multi-Level Commission Structure",
  "maximize_rewards_tiered_referral_program": "Maximize your rewards through our tiered referral program:",
  "level_1_direct_referrals_earn_15_percent": "Level 1 (Direct Referrals): Earn 15% commission",
  "level_2_indirect_referrals_earn_2_percent": "Level 2 (Indirect Referrals): Earn 2% commission",
  "level_3_extended_network_earn_1_percent": "Level 3 (Extended Network): Earn 1% commission",
  "earn_every_time_referrals_deposit_funds": "You earn every time your referrals — and their referrals — deposit funds.",
  "global_agent_recruitment": "Global Agent Recruitment",
  "expanding_reach_motivated_partners": "We’re expanding our reach and looking for motivated partners:",
  "national_agents_earn_5_percent": "National Agents: Earn 5% commission",
  "city_agents_earn_4_percent": "City Agents: Earn 4% commission",
  "regional_agents_earn_3_percent": "Regional Agents: Earn 3% commission",
  "build_your_network": "Build Your Network:",
  "launch_telegram_whatsapp_community": "Launch your own Telegram or WhatsApp community",
  "invite_official_support_team": "Invite our official support team to participate",
  "grow_team_unlock_exponential_earning": "Grow your team and unlock exponential earning opportunities",
  "referral_bonus_example": "Referral Bonus Example",
  "member_deposit_commission_rate_earnings": "Member Deposit Commission Rate Your Earnings",
  "member_a_1000_usdt_15_percent_150_usdt": "Member A 1,000 USDT 15% 150 USDT",
  "member_b_1000_usdt_2_percent_20_usdt": "Member B 1,000 USDT 2% 20 USDT",
  "member_c_1000_usdt_1_percent_10_usdt": "Member C 1,000 USDT 1% 10 USDT",
  "earn_bonuses_team_members_deposit": "You earn bonuses every time your team members deposit.",
  "daily_agent_bonus_rewards": "Daily Agent Bonus Rewards",
  "top_performing_agents_rewarded_daily": "Top-performing agents are rewarded automatically, based on daily team deposits:",
  "1000_usdt_60_usdt_bonus": "1,000 USDT → 60 USDT BONUS",
  "5000_usdt_188_usdt_bonus": "5,000 USDT → 188 USDT BONUS",
  "16000_usdt_388_usdt_bonus": "16,000 USDT → 388 USDT BONUS",
  "58000_usdt_1483_usdt_bonus": "58,000 USDT → 1,483 USDT BONUS",
  "100000_usdt_6450_usdt_bonus": "100,000 USDT → 6,450 USDT BONUS",
  "500000_usdt_99999_usdt_bonus": "500,000 USDT → 99,999 USDT BONUS",
  "bonuses_cumulative_instantly_withdrawable": "All bonuses are cumulative and instantly withdrawable in USDT.",
  "join_today_grow_network_start_earning": "Join today, grow your network, and start earning like never before.",
  "recharge_amount": "Recharge Amount",
  "current_amount": "Current available amount",
  "todays_earning": "Today's Earnings",
  "total_revenue": "Total Revenue",
  "invitation_rewareds": "Invitation rewards",
  "more_level_comming": "More levels coming soon...",
  "per_day": "Quantification Times Per Day",
  "agree_with_our": "Agree with our",
  "terms_of_use": "Term Of Use",
  "and": "And",
  "privacy_policy": "Privacy Policy",
  "no_account": "No Account?",
  "security_password": "Security password",
  "processing": "Processing…",
  "already_have_an_account": "Already have an account?",
  "verify_email_title": "Verify Email",
  "enter_your_verification_code": "Enter Your Verification code",
  "verifying": "Verifying...",
  "verify_email": "Verify Email",
  "check_inbox_and_spam_html": "Please check your inbox and folder for the verification email.",
  "total_assets": "Total Assets",
  "quantitative_account": "Quantitative Account",
  "agent_corperation": "Agent Cooperation",
  "activity": "Team Activity",
  "unread_messages_alert": "You have got unread messages on the site, please go and check the message content!",
  "vip": "VIP",
  "trial_fee": "Trial Fee",
  "profit_assets": "Profit Assets",
  "todays_earnings": "Today's Earnings",
  "quantifiable_number_of_days": "Quantifiable Number Of Days",
  "countdown_days": "Countdown Days",
  "quantify_reset_time": "Quantify Reset Time",
  "start_quantify": "Start Quantify",
  "quantification_process": "Quantification Process",
  "start_quantification": "Start quantification...",
  "start_queuing": "Start queuing up...",
  "start_executing_buy_order": "Start executing buy order...",
  "start_executing_sell_order": "Start executing sell order...",
  "start_capturing_market_prices": "Start capturing trading market prices...",
  "start_distributing_commissions": "Start distributing commissions...",
  "operation_complete": "The operation is complete and ending.",
  "current_vip": "Current VIP",
  "click_to_unlock": "Click To Unlock",
  "quantification_times_per_day": "Quantification Times Per Day",
  "profit_ratio": "Profit Ratio",
  "minimum_unlock_amount": "Minimum Unlock Amount",
  "recharge_unlock_message": "Recharge automatically unlocks Recharge {{minUnclock}}USDT",
  "quantitative_benefits": "Quantitative benefits",
  "deposit_into_basic_wallet": "Deposit into basic wallet",
  "invest_record": "Invest Record",
  "build_team_rewards": "Build a team and get generous rewards",
  "my_invitation_code": "My Invitation Code",
  "invite_link": "Invite Link",
  "view_the_team": "View The Team",
  "daily_commissions": "Daily Commisions",
  "invited_friends_recharge_rebates": "Invite friends to get corresponding rebates when they recharge:",
  "recharge_rebate": "Recharge rebate",
  "quantify_rebate": "Quantify rebate",
  "copy_success": "Copy Success",
  "withdraw": "Withdraw",
  "sign_out": "Sign Out",
  "hello_username": "Hello, {{username}}",
  "welcome_back": "Welcome back",
  "investment_accounts": "Investment Accounts",
  "commission_today": "Commission Today",
  "yesterdays_earnings": "Yesterday's Earnings",
  "detail": "Detail",
  "transfer": "Transfer",
  "news": "News",
  "security_center": "Security Center",
  "company_profile": "Company Profile",
  "about_us": "About Us",
  "twenty_four_hour_withdrawal": "48-hour withdrawal",
  "withdrawable": "Withdrawable",
  "amount_to_be_processed": "Amount to be processed",
  "payment_method": "Payment method",
  "withdrawal_limit_range": "Withdrawal limit range 7.00 - 99999999.00",
  "withdrawal_address": "Withdrawal Address",
  "handling_fee": "Handling Fee",
  "receipt": "Receipt",
  "withdrawal_note": "Withdrawal Note",
  "withdrawal_policy_title": "Withdrawal Policy (ToobitQuant)",
  "minimum_withdrawal_amount": "Minimum Withdrawal Amount",
  "withdrawal_fee": "Withdrawal Fee",
  "withdrawal_frequency": "Withdrawal Frequency",
  "withdrawal_frequency_desc": "Once daily, available Monday through Sunday (Singapore Time)",
  "processing_time": "Processing Time",
  "processing_time_desc": "Withdrawals are typically processed within 0-48 hours after the request is submitted and will be transferred directly to your wallet.",
  "mining_machine_energy_failure": "Mining machine energy failure, please recharge {{amount}} USDT",
  "financial": "Financial",
  "usdt": "USDT",
  "failed_to_fetch_data": "Failed to fetch data.",
  "note_before_switching_accounts": "Note: Before switching recharge accounts, please confirm that the previous recharge has been received!",
  "quant_account_desc": "Deposit into this account for intelligent quantified returns",
  "investment_account_desc": "Deposits into this account can be used to invest in crowdfunding projects",
  "recharge_address": "Recharge Address",
  "recharge_complete": "Recharge Complete",
  "deposit_instruction_1": "1. Copy the address above or scan the QR code, and select the",
  "network_deposit": "network to deposit Asset.",
  "invite_top_up_rewards": "Invite friends to top up for the first time and you can get the following rewards",
  "number_of_invited_people": "Number of invited people",
  "invitation_rewards_label": "Invitation rewards：",
  "usdt_automatic_distribution": "USDT Automatic Distribution",
  "invitee_first_recharge_needs_to_be_in": "The invitee’s first recharge needs to be in",
  "above": "above",
  "tiered_rewards_intro": "Invite a certain number of people and receive tiered rewards:",
  "count": "Count",
  "award": "Award",
  "unlimited": "Unlimited",
  "auto": "Auto",
  "claimed": "Claimed",
  "remaining": "Remaining",
  "failed_to_load_invite_rewards": "Failed to load invite rewards.",
  "reward_claimed_successfully": "Reward claimed successfully.",
  "unable_to_claim_reward": "Unable to claim reward. Please try again.",
  "agent_cooperation": "Agent Cooperation",
  "global_recruitment_title": "Global Recruitment for Full-Time Employees Job Information:",
  "positions_available_subtitle": "6 Positions Available in the Marketing Department",
  "job_description_promotion_title": "Job Description and Promotion Criteria:",
  "job_description_promotion_body": "The Marketing Department is offering the following 6 positions based on the total number of users with successful recharge levels at Level 1 and Level 2. The positions are as follows:",
  "salary_tiers_intro": "Each position has different salary tiers. The higher the position, the higher the salary. The details are as follows:",
  "position": "Position",
  "level_1": "Level 1",
  "level_1_plus": "Level 1+",
  "level_2": "Level 2",
  "weekly": "Weekly",
  "salary": "Salary",
  "growth_catalyst": "Growth Catalyst",
  "brand_architect": "Brand Architect",
  "engagement_guru": "Teacher engagement",
  "visionary_strategist": "Visionary Strategist",
  "innovation_leader": "Innovation Leader",
  "territory_commander": "Territory Commander",
  "meet_requirements_contact_manager": "For users who meet the position requirements, please reach out to the project manager for verification.",
  "salary_payment_method_timing": "Salary Payment Method and Timing:",
  "salary_distribution_detail": "Salaries will be distributed to the ToobitQuant wallet account every Monday after 6 PM.",
  "additional_rewards_title": "Additional Rewards for Full-Time Employees:",
  "additional_rewards_body": "Once an employee becomes a permanent member, they will also receive a percentage of their team’s total weekly deposits as an additional reward. The reward structure is as follows:",
  "total_weekly_deposits_usdt": "Total weekly deposits (USDT)",
  "reward_percentage": "Reward Percentage",
  "commission": "Commission",
  "commission_records": "Commission Records",
  "valid_invitation_people_number": "Valid invitation people number",
  "team_report": "Team Report",
  "team_total_recharge": "Team total recharge：",
  "team_total_withdrawal": "Team total withdrawal：",
  "level_3": "Level 3",
  "total_valid_label": "Total/Valid:",
  "get_commission_label": "Get Commission:",
  "now_go": "Now Go",
  "brand_name": "TOOBIT",
  "press_release_date": "June 25, 2025",
  "launch_announcement_prefix": "We are excited to announce the launch of",
  "launch_announcement_suffix": ", a revolutionary AI-powered platform that is now live as of September 5, 2025.",
  "platform_description": "TOOBIT is is designed to elevate the future of digital asset trading, combining the power of artificial intelligence with lightning-fast execution. Crafted for the next generation of investors, our platform offers precision-driven tools to optimize crypto arbitrage and quantitative trading strategies, ensuring that your portfolio thrives in today’s highly competitive market.",
  "key_features_title": "Key Features of Toobit:",
  "feature_multi_exchange_title": "• Seamless Multi-Exchange Integration",
  "feature_multi_exchange_desc": "Connect effortlessly with leading platforms like Binance, Coinbase, Kraken, and others, enabling efficient trading across exchanges.",
  "feature_realtime_arbitrage_title": "• Real-Time Arbitrage Detection",
  "feature_realtime_arbitrage_desc": "With millisecond-level responsiveness, Toobit identifies and exploits profitable opportunities as they arise, ensuring you stay ahead of the curve.",
  "feature_ai_autonomous_title": "• AI-Optimized, Fully Autonomous",
  "feature_ai_autonomous_desc": "Our platform is powered by cutting-edge AI, enabling automated, data-driven strategies with no manual input required, so you can sit back and watch your portfolio grow.",
  "platform_mission": "Toobit is here to reshape the digital asset landscape, empowering you to trade smarter, faster, and more efficiently. Whether you’re a seasoned trader or just starting out, Toobit unlocks a new realm of possibilities for maximizing returns.",
  "platform_future_line": "Step into the future of trading—where innovation meets precision.",
  "agent_program_heading": "QUANT Agent Partnership Program",
  "agent_program_headline_prefix": "Step Into the Future of AI-Driven Finance with",
  "agent_program_headline_suffix": "Global Agent Program",
  "agent_program_welcome": "Welcome to the next era of smart wealth creation. TOOBIT is proud to launch its Global Agent Program - a unique opportunity to earn long-term, passive income by tapping into the power of AI-powered quantitative trading.",
  "agent_program_revolution": "As the digital finance revolution gains momentum, Toobit invites marketers, community leaders, and investors to take part in shaping the future of decentralized finance. Our agent network is built for scalability, flexibility, and profitability, offering an exciting way to grow your income while helping others thrive in the digital economy.",
  "agent_program_highlights": "Program Highlights:",
  "agent_program_income": "• Multi-Tiered Income Potential - Earn rebates based on your network’s activities, creating a recurring income stream as your community expands. Your referral link makes it easy to promote, with no experience necessary.",
  "agent_program_tools": "• Comprehensive Support & Tools - Access cutting-edge platform features, real-time rebates, and AI-driven trading automation to make the promotion seamless and rewarding.",
  "agent_program_growth": "• Growth-Driven Opportunities - Progress through tiers (City, National, Global Partner) and unlock exclusive rewards, including lifetime profit-sharing of 20%+ and special regional privileges for top agents.",
  "agent_program_closing": "Whether you’re engaging through social media, investor networks, or local communities, Toobit ensures that your efforts are rewarded. Start building your future today, and join us as we lead the charge in the world of intelligent finance. The future of trading is here. Toobit invites you to be part of it.",
  "company_name_legal": "TOOBIT AI LIMITED",
  "cp_p1_rest": "was founded in London, UK in 2025 and is committed to becoming a leading enterprise in the field of blockchain-based intelligent trading.",
  "cp_p2_rest": "is an advanced quantitative trading system powered by artificial intelligence technology. Its core capability lies in the automatic execution of trading strategies to maximize investment returns while minimizing risk. Specifically, TOOBIT transforms investment decisions into executable computer algorithms, enabling transparent, efficient, and rapid trading operations that adapt seamlessly to real-time market fluctuations.",
  "cp_p3_suffix": "’s trading strategies are grounded in modern mathematics, statistics, machine learning, and continuous analysis of market trends and digital asset prices to determine the most effective trading actions. Through complex algorithms and modeling, the system evaluates market risks and investment opportunities, automatically optimizing portfolio allocations in response to changing expectations of risk and return.",
  "cp_p4": "This fully automated approach eliminates human error, enhances transactional accuracy, and ensures consistent adaptation to volatile and uncertain market conditions.",
  "cp_p5_prefix": "In essence,",
  "cp_p5_suffix": "is a next-generation quantitative trading system that merges artificial intelligence with modern financial theory to automatically implement strategies aimed at maximizing profit and minimizing risk.",
  "label_company_name": "Company Name",
  "label_company_number": "Company Number",
  "label_incorporation_date": "Date of Incorporation",
  "label_registered_capital": "Registered Capital",
  "label_email": "Email",
  "label_phone": "Phone",
  "label_registered_office": "Registered Office",
  "company_number_value": "16289541",
  "incorporation_date_value": "March 04, 2025",
  "registered_capital_value": "GBP 100,000,000",
  "email_value": "TOOBITquant.ai@gmail.com",
  "phone_value": "+44 7742 043280",
  "registered_office_value": "32 London Bridge St, London, United Kingdom SE1 9SG",
  "platform_bonus": "Platform Bonus",
  "failed_to_load_notices": "Failed to load notices",
  "welcome_title": "Welcome to TOOBIT: Unlocking a Smart Future Together",
  "withdraw_success": "Withdraw Success",
  "deposit_success": "Deposit Success",
  "income_received": "Income Received",
  "product": "Product",
  "project_rule": "Project Rule",
  "repayment": "Repayment",
  "maturity_principal_interest": "Maturity Principal And Interest",
  "daily_return": "Daily Return",
  "invest_cycle": "Invest Cycle",
  "estimated_revenue": "Estimated Revenue",
  "balance_not_enough_recharge": "Balance not enough, Please Recharge {{amount}} USDT",
  "ok": "Ok",
  "transfer_amount": "Transfer Amount",
  "old_login_password": "Old Login Password",
  "new_login_password": "New Login Password",
  "old_payment_password": "Old Payment Password",
  "new_payment_password": "New Payment Password",
  "about_p1_tail": "is a cutting-edge quantitative trading system powered by artificial intelligence. Its core feature is the automatic execution of trading strategies designed to maximize investment returns while minimizing risk. By transforming trading decisions into computer algorithms, it automates predefined strategies, making the trading process more transparent, efficient, and highly responsive to market changes.",
  "about_p2_a": "The quantitative strategies employed by",
  "about_p2_b": "leverage modern mathematics, statistics, machine learning, and real-time analysis of market trends and cryptocurrency prices. These advanced technologies enable the platform to formulate highly optimized trading plans.",
  "about_p2_c": "At the same time,",
  "about_p2_d": "utilizes complex models to evaluate market risks and identify investment opportunities, automatically rebalancing portfolios based on the expected risk–return ratio. This fully automated approach eliminates human error, enhances accuracy, and ensures the system can swiftly adapt to volatile market conditions.",
  "about_p3_a": "In essence,",
  "about_p3_b": "integrates artificial intelligence with modern financial theory to autonomously execute investment strategies—pursuing the twin goals of maximizing profit and reducing risk.",
  "about_p4_heading_tail": "Income Source and Financial Security",
  "about_p5_tail": "operates on a mutually beneficial business model alongside its users. All profits are generated through price fluctuations in the global cryptocurrency markets. The decentralized and tamper-resistant nature of blockchain technology ensures an open, transparent investment environment, offering users a stronger layer of financial protection.",
  "about_p6_a": "In summary,",
  "about_p6_b": "empowers users with a smart trading system designed to support consistent and sustainable wealth growth. Every transaction not only delivers returns to users but also generates platform revenue—forming a win–win structure that supports long-term financial stability for both parties.",
  "about_p7_a": "Let’s work together to drive the healthy development of the blockchain industry. With",
  "about_p7_b": "more individuals can confidently and efficiently master the principle of buying low and selling high through intelligent, AI-powered trading systems.",
  "about_p8_a": "Now in its fourth generation,",
  "about_p8_b": "has evolved to become even more powerful—offering enhanced features while streamlining the user experience. With a single click to “Start Quantification,” users can begin generating returns in just one minute. This is the future of intelligent investing.",
  "open_support_drawer": "Open support drawer",
  "online_service": "Online service",
  "choose_support_method": "Choose your preferred online customer service contact method",
  "customer_support": "Customer Support",
  "community_group": "Community Group",
  "verify_code": "Verify Code",
  "click_to_refresh": "Click to refresh",
  "request_already_processing": "Your request is already being processed",
  "credential_not_match": "This credential does not match our records",
  "generic_error": "Something went wrong. Please try again.",
  "system_notice": "System Notice",
  "failed_to_load_notice": "Failed to load notice",
  "no_data": "No data",
  "welcome_heading": "Welcome to TOOBIT!",
  "welcome_p1": "We’re excited to have you as part of the TOOBIT community. As a forward-thinking technology company at the forefront of innovation, we’re here to help you explore the boundless potential of artificial intelligence.",
  "welcome_p2": "Thank you for choosing TOOBIT, let’s unlock a smarter, more connected future. If you ever have questions, our support team is always ready to assist you.",
  "email_verification": "Email varify",
  "pending": "Pending",
  "withdraw_asset": "Withdraw Assets",
  "withdraw_deduction": "Withdrawal deduction",
  "quantitative_earning": "Quantitative earning",
  "invited_friends_daily_commissions": "Invite friends to get corresponding daily commisions when they recharge:",
  "rejected": "Rejected",
  "consent_intro": "By continuing with an account located in",
  "country_name": "United Kingdom",
  "consent_agreement": "you agree to our",
  "terms_of_service": "Terms of Service",
  "view_daily_check_in": "View Daily Check-In",
  "last_price_binance_spot": "Last Price • Binance Spot",
  "high": "High",
  "low": "Low",
  "volume": "Volume",
  "trades": "Trades",
  "core_cooperative_financial_institutions": "Core Cooperative Financial Institutions",

  "reward_page_title": "Invitation Rewards",
  "tab_direct": "Direct",
  "tab_missions": "Missions",
  "reward_task_prefix": "Complete the task with",
  "reward_task_middle": "active members at level",
  "mission_invite_prefix": "Invite",
  "mission_invite_unit": "friends",
  "mission_invite_suffix": "to register",
  "mission_deposit_prefix": "Get",
  "mission_deposit_middle": "total deposits",
  "mission_deposit_suffix": "from your team",
  "unit_usdt": "USDT",
  "progress_label": "Progress",
  "refresh_label": "Refresh",

  "streak_title": "Current Streak: {{current}} / {{goal}} Days",
  "streak_info": "Claim daily to maintain your streak and earn bonuses. Missing a day will reset your progress.",
  "reward_small": "0.01 USDT",
  "reward_big": "1 USDT",
  "claim_button": "Claim Daily Reward",

  "company_profile_title": "Company Profile",
  "company_intro_1": "TOOBIT FOR TOOBIT LTD was founded in London, UK in 2004 and is committed to becoming a leading enterprise in the field of blockchain-based intelligent trading.",
  "company_intro_2": "TOOBIT is an advanced quantitative trading system powered by artificial intelligence technology. Its core capability lies in the automatic execution of trading strategies to maximize investment returns while minimizing risk.",
  "company_intro_3": "TOOBIT’s trading strategies are grounded in modern mathematics, statistics, machine learning, and continuous analysis of market trends and digital asset prices to determine the most effective trading actions.",
  "company_intro_4": "This fully automated approach eliminates human error, enhances transactional accuracy, and ensures consistent adaptation to volatile and uncertain market conditions.",
  "company_intro_5": "In essence, TOOBIT is a next-generation quantitative trading system that merges artificial intelligence with modern financial theory to automatically implement strategies aimed at maximizing profit and minimizing risk.",
  "company_name_label": "Company Name:",
  "company_number_label": "Company Number:",
  "date_of_incorporation_label": "Date of Incorporation:",
  "registered_office_label": "Registered Office:",

  "notice_title": "Secrets to Wealth Growth",
  "notice_paragraph1": "Don’t forget to reinvest your income and grow your wealth every day!",
  "notice_paragraph2": "Through compound interest, your money works for you—profiting not only from your initial investment but also from your profits.",
  "notice_paragraph3": "Maximize your potential and multiply your income.",
  "notice_paragraph4": "Don't miss this opportunity—let's compound and grow together!",
  "notice_paragraph5": "Join the Toobit investment program now and let USDT automatically generate returns for you! Join us and reach new heights of wealth together!",
  "notice_closeButton": "Close"
}
