{
    "account": "Nombre de usuario",
    "quantify_records": "Cuantificar registros",
    "finish": "Finalizar",
    "buy_platform": "Comprar plataforma",
    "purchase_price": "Precio de compra",
    "sales_platform": "plataforma de ventas",
    "selling_price": "precio de venta",
    "service_charge": "Cargo por servicio",
    "model": "Modelo",
    "vip_model": "MODELO VIP",
    "quantitative_strategy": "Estrategia cuantitativa",
    "popular": "Popular",
    "cryptocurrency_trading": "comercio de criptomonedas",
    "no_more_data": "No más datos",
    "check": "Controlar",
    "execute_position": "Ejecutar posición",
    "wallet_account_balance": "Saldo de la cuenta de billetera",
    "not_limited": "No limitado",
    "daily_interest_payment": "Pago diario de intereses, reembolso del principal al vencimiento",
    "share_rules": "Compartir reglas",
    "hello": "Hola",
    "register_an_account": "Registrar una cuenta",
    "flexible_account": "Cuenta Cuantitativa",
    "wallet_account": "Cuenta inteligente",
    "wave_field": "Centro de ayuda",
    "chain_quant": "Chain Quant: Introducción y guía del usuario para la plataforma de comercio cuantitativo inteligente",
    "how_to_get_benefits": "Cómo depositar y retirar fondos",
    "bandwidth": "Introducción de la empresa: cadena cuantitativa",
    "energy": "Fuerza",
    "welcome_to": "Bienvenido a",
    "official_telegram_channel": "Canal oficial de Telegram",
    "cloud_mining_hosting": "TRONOKX ofrece servicios confiables de minería y participación en la nube, lo que garantiza retornos principales dentro de los 12 días. Nuestra plataforma ofrece múltiples niveles VIP con diferentes montos de depósito y tasas de retiro diarias para satisfacer diferentes necesidades de inversión:",
    "cloud_mining_hosting_2": "Nos complace presentarle TRONOKX, una plataforma de vanguardia dedicada a brindar servicios innovadores de minería y participación en la nube que brindan retornos seguros, confiables y rentables. Nuestro sistema garantiza un rendimiento del capital en 12 días, ofreciéndole la oportunidad de hacer crecer su inversión rápidamente mientras forma parte de un ecosistema financiero apasionante y sostenible.",
    "cloud_mining_hosting_3": "En TRONOKX, ofrecemos una gama de niveles VIP diseñados para satisfacer diferentes capacidades de inversión. Cada nivel tiene rangos de depósito específicos y tasas de retiro diarias, lo que brinda opciones flexibles para los usuarios que buscan obtener retornos diarios de sus inversiones. Aquí hay una descripción general de los distintos niveles VIP:",
    "the_amount_of_vip1": "VIP 1: rango de depósito de 10 a 1000 TRX, retiro del 9 % diario",
    "the_amount_of_vip2": "VIP 2: rango de depósito 1001-2000 TRX, retiro del 10% diario",
    "the_amount_of_vip3": "VIP 3: rango de depósito de 2001 a 10 000 TRX, retiro del 13 % diario",
    "the_amount_of_vip4": "VIP 4: rango de depósito de 10 001 a 50 000 TRX, retiro del 15 % diario",
    "the_amount_of_vip5": "VIP 5: rango de depósito 50 001-200 000 TRX, retiro del 17 % diario",
    "the_amount_of_vip6": "VIP 6: rango de depósito 200 001-300 000 TRX, retiro del 20 % diario",
    "the_amount_of_vip7": "VIP 7: rango de depósito 300 001-500 000 TRX, retiro del 23 % diario",
    "the_amount_of_vip8": "VIP 8: rango de depósito 500 001-800 000 TRX, retiro del 28 % diario",
    "the_amount_of_vip9": "VIP 9: rango de depósito 800 001-1 500 000 TRX, retiro del 35 % diario",
    "the_amount_of_vip10": "VIP 10: rango de depósito 1,500,001+ TRX, retiro 42% diario",
    "the_amount_of_vip1_ann": "VIP 1: para depósitos que oscilan entre 10 y 1000 TRX, obtenga un rendimiento diario del 9%.",
    "the_amount_of_vip2_ann": "VIP 2: Para depósitos entre 1001 y 2000 TRX, disfrute de un retiro diario del 10%.",
    "the_amount_of_vip3_ann": "VIP 3: Los depósitos de 2001 a 10 000 TRX califican para un retiro diario del 13%.",
    "the_amount_of_vip4_ann": "VIP 4: Para inversiones entre 10,001 y 50,000 TRX, reciba un 15% diario.",
    "the_amount_of_vip5_ann": "VIP 5: Si depositas entre 50,001 y 200,000 TRX, serás elegible para un retorno diario del 17%.",
    "the_amount_of_vip6_ann": "VIP 6: Los depósitos de 200.001 a 300.000 TRX ganarán un 20% diario.",
    "the_amount_of_vip7_ann": "VIP 6: Los depósitos de 200.001 a 300.000 TRX ganarán un 20% diario.",
    "the_amount_of_vip8_ann": "VIP 8: Los depósitos de 500.001 a 800.000 TRX reciben un rendimiento diario del 28%.",
    "the_amount_of_vip9_ann": "VIP 9: para depósitos mayores de 800 001 a 1 500 000 TRX, disfrute de un retiro diario del 35 %.",
    "the_amount_of_vip10_ann": "VIP 10: el nivel más alto, para depósitos superiores a 1.500.001 TRX, ofrece un impresionante rendimiento diario del 42%.",
    "financial_turnaround": "También ofrecemos un plan financiero a corto plazo para aquellos que buscan obtener retornos rápidamente, con el reembolso del capital en solo 3 días. Este plan es ideal para usuarios que buscan una recuperación financiera más inmediata.",
    "periodic_financial_management": "Además, ofrecemos un plan financiero a corto plazo que asegura el retorno de su inversión principal en tan solo 3 días. También puedes ganar recompensas adicionales invitando a amigos a unirse a nuestra plataforma. El programa de referidos está estructurado en tres niveles:",
    "periodic_financial_management_ann": "Además de estas excepcionales oportunidades de inversión, creemos en el poder de la comunidad. Nuestro programa de recompensas por invitación le permite ganar aún más compartiendo la plataforma con amigos y familiares. Así es como funciona nuestro sistema de referencias por niveles:",
    "the_unit_price_of_tron": "Nivel 1: 13% de recompensa por referencias directas",
    "the_unit_price_of_tron2": "Nivel 2: 2% de recompensa por referencias de segundo nivel",
    "the_unit_price_of_tron3": "Nivel 3: recompensa del 1% por referencias de tercer nivel",
    "the_unit_price_of_tron4": "TRONOKX está diseñado para la sostenibilidad a largo plazo y ofrece una plataforma que seguirá prosperando mientras existan las criptomonedas. ¡Únase a nosotros hoy para comenzar a ganar y hacer crecer su inversión con confianza!",
    "the_unit_price_of_tron_ann": "Nivel 1: Las referencias directas le otorgarán una recompensa del 13 % por sus actividades.",
    "the_unit_price_of_tron2_ann": "Nivel 2: Para referidos de segundo nivel, recibirás el 2% de sus actividades.",
    "the_unit_price_of_tron3_ann": "Nivel 3: Los referidos del tercer nivel te recompensarán con el 1% de sus actividades.",
    "the_unit_price_of_tron4_ann": "Este sistema de recompensas de varios niveles garantiza que el crecimiento de su red contribuya directamente a su éxito, creando un efecto de bola de nieve de potencial de ingresos.",
    "the_unit_price_of_tron5_ann": "La base de TRONOKX se basa en el crecimiento a largo plazo y nuestra plataforma está diseñada para sostener sus operaciones mientras las criptomonedas sigan prosperando. Nuestro modelo garantiza que el valor que invierta hoy seguirá generando rentabilidad en los años venideros. Al unirse a TRONOKX, se convierte en parte de una comunidad comprometida con la creación de oportunidades financieras duraderas que se alineen con el mundo en evolución de los activos digitales.",
    "the_unit_price_of_tron6_ann": "Le animamos a empezar ahora, invertir sabiamente y aprovechar al máximo las numerosas oportunidades que ofrece TRONOKX. A través de programas de referencia, apuestas y minería en la nube, tiene la oportunidad de ampliar su riqueza y convertirse en un participante clave en el mundo de las criptomonedas.",
    "join_now_ann": "Únase a nosotros ahora y comience a ganar hoy: ¡el futuro de las finanzas digitales está aquí!",
    "received": "Recibió",
    "minimum_yeild_requires": "La cuantificación mínima requiere al menos un depósito.",
    "share_to": "Compartir con",
    "transiction_records": "Registros de transición",
    "transfer_to_flexible_account": "Transferencia a cuenta cuantitativa",
    "transfer_into_flexible_account": "1. La transferencia a esta cuenta se puede utilizar para depositar dinero y ganar intereses, y puede recibir los ingresos manualmente 24 horas después de la primera inversión y devolver el capital cuando expire.",
    "transfer_to_wallet_account": "Transferir a cuenta inteligente",
    "transfer_into_wallet_account": "2. La transferencia a esta cuenta se puede utilizar para comprar productos regulares. Diferentes productos tienen diferentes ciclos y rendimientos. Para más detalles, consulte la introducción del producto.",
    "no_records": "Sin registros",
    "energy_bandwidth": "Se lanza oficialmente la cantidad de cadena",
    "you_send_virtual_currency_to_the_platform": "Usando su billetera digital, envía moneda virtual a la dirección de compra especificada y TRONOKX se encarga de la distribución automática de recursos. Nuestra plataforma apuesta activos dentro de la red TRON para generar ancho de banda y energía. Luego, estos recursos se alquilan a las billeteras de los socios y las ganancias del alquiler regresan a TRONOKX, que los redistribuye entre los usuarios.",
    "income_has_arrived": "han llegado los ingresos",
    "profit_received": "beneficio recibido",
    "invitation_rewards": "Programa de asociación de agentes de cantidad de cadena",
    "by_sharing_the_agent": "Adéntrese en el futuro de las finanzas impulsadas por la IA con el Programa de agentes globales de Chain Quant, su puerta de entrada a ingresos pasivos a largo plazo a través del comercio cuantitativo inteligente. A medida que se acelera el mercado de comercio de IA, Chain Quant está ampliando su presencia mundial al invitar a especialistas en marketing, líderes comunitarios e inversores con visión de futuro a formar parte de nuestra red de agentes. Disfrute de un potente sistema de recompensas de varios niveles con comisiones del 15 % -2 % -1 % y obtenga ingresos recurrentes tanto de las ganancias comerciales como del crecimiento de las referencias. Cada miembro recibe un enlace de referencia personal, lo que hace que la promoción sea fluida y accesible para todos, sin necesidad de experiencia. Ya sea que esté aprovechando las redes sociales, grupos de inversionistas privados o comunidades locales, estará respaldado por una plataforma de alto rendimiento y reembolsos automáticos en tiempo real. A medida que su equipo crece, también lo hacen sus beneficios, y los mejores empleados avanzan al estado de socio local, nacional o global, desbloqueando más del 20 % de participación en las ganancias de por vida y beneficios regionales exclusivos. Únase a Chain Quant hoy y construya su legado en la nueva era de creación de riqueza inteligente.",
    "sharing_is_polite": "compartir es cortés",
    "when_the_cumulative_recharge_reaches": "Cuando su recarga total alcance 10 TRX o más, comparta su enlace de registro en las plataformas sociales para recibir una recompensa aleatoria entre 0,01 TRX y 18,88 TRX. ¡Cada usuario puede participar una vez al día!",
    "time": "tiempo",
    "tron_is_a_distributed_operating_system": "TRON es un sistema operativo descentralizado impulsado por blockchain con su criptomoneda nativa, TRX. Lanzado en 2017 por el empresario chino Justin Sun, su objetivo es fomentar una economía digital descentralizada.",
    "architecture_in_the_torn": "Arquitectura: dentro del protocolo de red TRON, los titulares de TRX disfrutan de igual acceso a recursos como ancho de banda y energía. La red funciona con una máquina virtual descentralizada que aprovecha los nodos públicos de todo el mundo para ejecutar contratos inteligentes. Sin tarifas de transacción y con capacidad para manejar aproximadamente 2000 transacciones por segundo, garantiza una experiencia de red rápida y eficiente.",
    "goverance_tron_online_community": "Gobernanza: La comunidad TRON elige 27 Súper Representantes mediante votación en línea. Estos representantes son responsables de la generación y verificación de bloques cada 3 segundos en promedio, formando una organización autónoma descentralizada. Son reelegidos cada 6 horas y desempeñan un papel crucial en la gestión de propuestas de red y la votación de las propuestas de mejora de TRON (TIP).",
    "advantages_usdt_has_always": "Ventajas: USDT es la moneda estable más reconocida y Tether la ha emitido en 13 redes blockchain, con TRON a la cabeza, representando más del 54% del suministro total. Le sigue Ethereum con un 44% y Solana representa un 2,7%, lo que consolida a TRON como la red principal para la emisión de USDT.",
    "bandwith_all_types": "Ancho de banda: cada transacción en la red TRON requiere puntos de ancho de banda. Las transacciones se almacenan y transmiten como matrices de bytes, y cada byte consume un punto de ancho de banda. El costo total del ancho de banda de una transacción está determinado por su tamaño de bytes. Si un usuario carece de suficiente ancho de banda, se debe grabar TRX para cubrir los puntos de ancho de banda requeridos.",
    "the_unit_price_of_the_targe": "La tasa de consumo oficial para el consumo de ancho de banda se establece en 1000 SUN por unidad.",
    "energy_each_instruction": "Energía: cada ejecución de contrato inteligente consume una cantidad específica de energía, dependiendo de su complejidad. Los contratos más complejos requieren más energía. A medida que se ejecuta el contrato, la energía se calcula y se deduce según la instrucción. Si una cuenta carece de energía suficiente, se debe quemar TRX para cubrir los costos de energía requeridos.",
    "the_current_offical_unit_price": "La tasa oficial de consumo de energía se establece actualmente en 420 SUN por unidad.",
    "smart_investment": "Inversión inteligente",
    "international_lines": "Líneas Internacionales",
    "basic_investment_plan": "Plan de Inversión Básico",
    "invest_in_our_basic": "¡Invierta en nuestra Cuenta Básica y comience a obtener ingresos mineros diarios! Tras su primer depósito, automáticamente celebrará un contrato de 180 días. El contrato comienza tan pronto como se realiza el primer depósito.",
    "key_features": "Características clave",
    "earn_daily_between": "Gane diariamente entre el 8% y el 36% de su inversión acumulada.",
    "incomoe_is_settled": "Los ingresos se liquidan 24 horas después de su primer depósito (Ejemplo: depósito a las 3:00 p. m., ingresos disponibles a las 3:00 p. m. del día siguiente).",
    "you_must_manually": "Debe hacer clic manualmente para cobrar los ingresos diarios.",
    "vip_levels_benefits": "Niveles VIP y beneficios",
    "daily_withdrawal": "retiro diario",
    "how_it_works": "Cómo funciona",
    "deposit_funds": "Depósito de fondos: comience su inversión realizando un depósito inicial.",
    "earn_daily_income": "Obtenga ingresos diarios: disfrute de ingresos mineros cada 24 horas.",
    "collect_income": "Recaudar ingresos: inicie sesión diariamente para cobrar manualmente sus ganancias.",
    "start_today_and_enjoy": "¡Empiece hoy y disfrute de rendimientos de alto rendimiento con nuestro Plan de Inversión Básico!",
    "our_system_will_automatically": "Nuestro sistema determinará automáticamente sus depósitos totales acumulados y lo actualizará al nivel VIP apropiado. Por ejemplo:",
    "first_deposit": "Primer deposito",
    "second_deposit": "Segundo deposito",
    "total_deposit": "Depósito total",
    "the_system_will_automatically_upgrade": "El sistema lo actualizará automáticamente a VIP2 y disfrutará de un ingreso diario del 10% en este nivel, y así sucesivamente.",
    "referral_system": "Sistema de referencia",
    "earn_rewards_by_reffering": "¡Gane recompensas recomendando a otros para que se unan! Nuestro sistema de referencia de 3 niveles ofrece grandes beneficios",
    "refer_level_1": "Nivel 1: 13% del ingreso diario del referido",
    "refer_level_2": "Nivel 2: 2% del ingreso diario del referido",
    "refer_level_3": "Nivel 3: 1% del ingreso diario del referido",
    "start_referring_today": "¡Empiece a recomendar hoy para aumentar sus ganancias!",
    "account_is_required": "Se requiere cuenta",
    "login_password": "Contraseña de inicio de sesión",
    "password_is_required": "Se requiere contraseña",
    "verification_code": "Código de verificación",
    "vcode_is_required": "Se requiere código V",
    "vcode": "código V",
    "forgot_password": "Has olvidado tu contraseña",
    "login": "Acceso",
    "register": "Registro",
    "go_to_homepage": "Ir a la página de inicio",
    "total_balance": "Cuenta Cuantitativa",
    "home_notice": "Bienvenido a Toobit: donde el capital inteligente se encuentra con los algoritmos inteligentes. Estamos encantados de darle la bienvenida a Toobit, su nuevo hogar para obtener ganancias cuantitativas de vanguardia. Ya sea que sea un inversor experimentado o esté comenzando su viaje hacia el mundo de los ingresos algorítmicos, acaba de unirse a una plataforma creada para brindar claridad, rendimiento y confianza. En Toobit, no solo creemos en ganar dinero: creemos en ganar dinero de forma inteligente. Nuestras estrategias patentadas están diseñadas por científicos de datos y expertos financieros para aprovechar el poder de la precisión algorítmica, permitiendo que su capital crezca a través de oportunidades de mercado en tiempo real. Cada decisión, cada estrategia, cada retorno está impulsado por datos y impulsado por nuestra misión inquebrantable: hacer que las herramientas de generación de ingresos avanzadas sean accesibles para todos.",
    "go_to_recharge": "ir a recargar",
    "telegram_customer_service": "Servicio al cliente de Telegrama",
    "dear_user": "Estimado usuario: Dado que la potencia informática\/energía de su máquina minera está a punto de agotarse, reponga rápidamente {amount}TRX de acuerdo con el valor de energía requerido por los fondos de su cuenta. Su máquina minera actualmente ha suspendido el control de minería y los ingresos\/retiros.",
    "note_to_avoid": "[Nota: para evitar la pérdida de ingresos, comuníquese con el soporte de Telegram]",
    "deposit": "Recargar",
    "withdrawal": "Retiro",
    "share_friends": "invitar amigos",
    "team": "Equipo",
    "app": "Aplicación",
    "information": "Noticias",
    "wallet": "Billetera",
    "promotion": "Promoción",
    "join_to_be_a_sitename_millionaire": "Únete para ser Millonario de TRONRICO",
    "use_the_latest_mining_machines": "Utilice las últimas máquinas de minería y tecnología Defi para garantizar que todos los usuarios obtengan los mayores ingresos de TRX.",
    "details": "Detalles",
    "platform_data_display": "Visualización de datos de la plataforma",
    "income": "ingreso",
    "Income": "Cuantificar",
    "cyclical_investing": "inversión en ciclo",
    "trontin_3day_mining_machine": "TRONTIN máquina de minería de 3 días",
    "trontin_9day_mining_machine": "Máquina de minería de tráfico TRON de 9 días",
    "trontin_16day_traffic_mining_machine": "Máquina de minería de tráfico RONTIN de 16 días",
    "trontin_45day_miner_energy": "TRONTIN 45 días energía minera",
    "trontin_18day_miner_energy": "TRON 18 días energía minera",
    "trontin_trxMining_in_46days": "TRON trxMinería en 46 días",
    "tron_eth_digi_2_mining": "TRON ETH DIGI 2.0 MINERÍA",
    "torn_80days_photolvatic_mine": "mina fotovoltaica tron ​​80 días",
    "trontin_bnb_mining_in_65days": "TRONTIN BNB Minería en 65 días",
    "view_more": "Ver más",
    "cycle": "Ciclo",
    "day": "Día",
    "instant_quotes": "Cotizaciones instantáneas",
    "profit_withdrawal": "Retiro de ganancias",
    "repurchase": "Readquirir",
    "latest_announcement": "Último anuncio",
    "registered_members_will_be_given": "Los miembros registrados recibirán 56,000TRX como capital prometido. Para activar la cuenta se requiere un depósito mínimo de 10TRX y un retiro mínimo de 5TRX. Los ingresos se pueden retirar o invertir en minería.",
    "deposit_into_the_basic_account_and_automatically_join_the_contract": "[Inversión básica] Deposite en la cuenta básica y únase automáticamente al contrato durante 180 días [El período del contrato entra en vigor desde el momento del primer depósito]. La cuenta básica tiene ingresos mineros todos los días y puede recibir entre el 9% y el 38% del monto de inversión acumulada todos los días. El tiempo de liquidación de nuestro sistema de plataforma es: el momento de la primera compra del usuario, 24 horas después.",
    "the_income_will_not_be_automatically_deposited_into_the_account": "[Por ejemplo: la primera compra es a las 15:00 y los ingresos se obtendrán a las 15:00 del día siguiente] Los ingresos no se depositarán automáticamente en la cuenta y deberá hacer clic en los ingresos todos los días; cuando entre la minería, haz clic activamente para recibir los ingresos.",
    "accumulated_deposits_of_10-2500_trx": "Depósitos acumulados de 10-2500 trx, actualizados automáticamente a VIP1, retiro diario del 9%",
    "accumulated_deposits_of_2501-10000_trx": "Depósitos acumulados de 2501-10000 trx, actualizados automáticamente a VIP2, 10% de retiro diario",
    "accumulated_deposits_of_10001-20000_trx": "Depósitos acumulados de 10001-20000 trx, actualizados automáticamente a VIP3, retiros diarios del 11%",
    "accumulated_deposits_of_20001-50000_trx": "Depósitos acumulados de 20001-50000 trx, actualizados automáticamente a VIP4, retiros diarios del 13%",
    "accumulated_deposits_of_50001-100000_trx": "Depósitos acumulados de 50001-100000 trx, actualizados automáticamente a VIP5, retiro diario del 15%",
    "accumulated_deposits_of_100001-200000_trx": "Depósitos acumulados de 100001-200000 trx, actualizados automáticamente a VIP6, retiros diarios del 17%",
    "accumulated_deposits_of_200001-500000_trx": "Depósitos acumulados de 200001-500000 trx, actualizados automáticamente a VIP7, retiro diario del 23%",
    "accumulated_deposits_of_500001-1000000_trx": "Depósitos acumulados de 500001-1000000 trx, actualizados automáticamente a VIP8, retiro diario del 26%",
    "accumulated_deposits_of_1000001-1600000_trx": "Depósitos acumulados de 1000001-1600000 trx, actualizados automáticamente a VIP9, retiro diario del 32%",
    "accumulated_deposits_of_1600001-9999999_trx": "Los depósitos acumulados son 1600001-9999999 trx, actualizados automáticamente a VIP10, con retiros diarios del 38%",
    "automatically_upgrade_vip_level": "Actualiza automáticamente al nivel VIP",
    "the_system_will_determine_your_total_accumulated_deposit": "[El sistema determinará su depósito total acumulado y lo actualizará automáticamente al nivel apropiado] Por ejemplo: la primera recarga es 500TRX, la segunda recarga es 2001TRX, [la recarga acumulada es 2501TRX] el sistema actualizará automáticamente a VIP2 y tendrá VIP2 El ingreso diario del nivel es del 10% y así sucesivamente.",
    "previous": "Anterior",
    "next": "Próximo",
    "close": "Cerca",
    "current_yield": "Rendimiento actual",
    "miner_is_running": "minero esta corriendo",
    "view_all": "Ver todo",
    "earning_times": "Tiempos de cuantificación",
    "singapore_time_after": "Hora de Singapur después",
    "every_day": "cada día",
    "daily_rate": "Tarifa diaria",
    "receive": "Recibir",
    "basic_investment": "Inversión básica",
    "record": "Registro",
    "current_level": "Nivel actual",
    "deposit_quantity": "Cantidad de depósito",
    "invitation_reward": "Recompensa por invitación",
    "deposit_now": "Depositar ahora",
    "daily_income": "ingreso diario",
    "daily_withdrawals": "Retiros diarios",
    "valid_period": "Periodo de validez",
    "remaining_days": "días restantes",
    "status": "Estado",
    "running": "Correr",
    "quantity": "Cantidad",
    "amount": "Cantidad",
    "return": "devolver",
    "Return": "Devolver",
    "profit": "ganancia",
    "equity_pledge": "Promesa de capital",
    "end": "Fin",
    "invite_your_contacts": "Invita a tus contactos",
    "sign_up_and_recharge_to_get_great_rewards": "Regístrate y recarga para obtener grandes recompensas",
    "invitation_codes": "Códigos de invitación",
    "share_invitation_links_to_social_platforms": "Compartir enlaces de invitación a plataformas sociales",
    "build_a_team_and_get_great_rewards": "Forma un equipo y obtén grandes recompensas",
    "copy_successfully": "Copiar con éxito",
    "copy_link": "Copiar enlace",
    "app_services": "Servicios de aplicaciones",
    "wallet_funds_conversion": "Transferir",
    "change_password": "Centro de seguridad",
    "notification": "Notificación",
    "logout": "Desconectar",
    "my_promotion": "Equipo",
    "bonus": "Prima",
    "bonus_record": "Registros de comisiones",
    "number_of_teams": "Total de personas",
    "valid_number_of_invites": "Invitaciones válidas",
    "team_cycle_investment_details": "Detalles de inversión del ciclo del equipo",
    "total_people": "personas totales",
    "contribution": "Comisión",
    "invite_friends": "invitar amigos",
    "go_now": "ir ahora",
    "in_progress": "En curso",
    "number_of_investments": "Número de inversiones",
    "total_investment": "Inversión total",
    "subordinate_investment_amount": "Monto de inversión subordinada",
    "confirm": "Confirmar",
    "Confirm": "CONFIRMAR",
    "last_login_time": "Hora del último inicio de sesión",
    "records": "Archivos",
    "transfer_to_smart_account": "Transferir a la cuenta {{type}}",
    "transfer_to_quantitative_account": "Transferencia a cuenta cuantitativa",
    "transfer_to_smart_account_2": "Transferir a cuenta inteligente",
    "address": "DIRECCIÓN",
    "copy": "Copiar",
    "please_do_not_top_up_other_non_bnb_assets": "No recargue otros activos que no sean {{method}}. Después de recargar, haga clic en",
    "submit_successfully": "Recarga completa",
    "submit": "Entregar",
    "exchange_rate": "Tipo de cambio",
    "if_the_account_has_not_been_received_for_a_long_time": "Si la cuenta no se ha recibido durante mucho tiempo, haga clic en",
    "again": "de nuevo",
    "recharge_record": "Registro de recarga",
    "successful": "Exitoso",
    "purchase": "compra",
    "Purchase": "Compra",
    "transaction_record": "Registro de transacciones",
    "all": "TODO",
    "recharge": "Recargar",
    "giveaway": "Donar",
    "withdrawal_failed": "Retiro fallido",
    "promotion_account": "Cuenta de billetera",
    "basic_account": "cuenta flexible",
    "amount_to_be_converted": "Cantidad a convertir",
    "withdrawable_balance": "Saldo retirable",
    "withdrawals_arebased_one_singapore_time_and_are_withdrawn_once_a_day": "Los retiros se basan en la hora de Singapur y se retiran una vez al día.",
    "choose_withdrawal_account": "Elija cuenta de retiro",
    "choose": "Elegir",
    "digital_currency_wallet": "Billetera de moneda digital",
    "cancel": "CANCELAR",
    "password": "Contraseña",
    "actual_withdrawal": "Retiro real",
    "withdrawal_record": "Registro de retiro",
    "fee": "Tarifa",
    "to_account": "a la cuenta",
    "account_security": "Seguridad de la cuenta",
    "modify_login_password": "Modificar contraseña de inicio de sesión",
    "modify_payment_password": "Modificar contraseña de pago",
    "transfer_to_basic_account": "Transferir a cuenta básica",
    "transfer_to_promotion_account": "Transferir a cuenta de promoción",
    "there_are_two_investment_models_please_choose_according_to_your_needs": "Hay dos modelos de inversión, elija según sus necesidades",
    "deposit_into_this_account_for_pledge_mining": "Deposite en esta cuenta para realizar minería de promesas. Después de 24 horas desde el momento del primer depósito, puede recibir los ingresos manualmente y devolver el capital cuando expire.",
    "recharge_to_the_promotion_account_to_purchase_periodic_mining_machines": "Recargue a la cuenta de promoción para comprar máquinas de minería periódicas, puede cobrar ingresos en diferentes ciclos y devolver el capital y los ingresos cuando caduquen.",
    "add_digital_currency_wallet": "Agregar billetera de moneda digital",
    "address_type": "tipo de dirección",
    "wallet_address": "dirección de billetera",
    "start_with": "Empezar con",
    "digit_wallet_address": "dirección de billetera de dígitos",
    "set_payment_password": "Establecer contraseña de pago",
    "continue": "Continuar",
    "are_you_sure_sign_out": "¿Estás seguro de cerrar sesión?",
    "wallet_registration": "Registro de billetera",
    "decentralized_wallet_download_address": "Dirección de descarga de billetera descentralizada",
    "tutorial": "Ver tutorial",
    "buy_currency": "comprar moneda",
    "common_problem": "problema común",
    "how_to_become_a_partner_of_trontin_mining_company": "Cómo hacerse socio de la empresa minera TRONRICO",
    "to_become_our_partner": "Para convertirse en nuestro socio, puede obtener 56,000TRX gratis simplemente registrándose y puede retirarlos dentro de los 180 días posteriores a la activación.",
    "what_to_do_after_registration": "Qué hacer después del registro",
    "you_need_to_log_in_to_your_account": "Debe iniciar sesión en su cuenta y la función de minería se activará automáticamente. Para aumentar sus ingresos diarios, haga un depósito",
    "what_are_the_minimum_deposit_and_withdrawal_amounts": "¿Cuáles son los montos mínimos de depósito y retiro?",
    "the_minimum_deposit_is_10trx": "El depósito mínimo es 10TRX y el retiro mínimo es 5TRX.",
    "how_to_withdraw_money_what_should_i_do": "Cómo retirar dinero, qué debo hacer",
    "log_in_to_your_account": "Inicie sesión en su cuenta. Ingrese a la página 'Retiro'. Haga clic en el botón 'Retirar'. Vincule la dirección de su billetera TRX y establezca una contraseña de pago por primera vez, luego especifique el monto del retiro, seleccione la dirección de su billetera y haga clic para retirar.",
    "what_is_level_and_how_do_i_increase_it": "¿Qué es el nivel y cómo lo aumento?",
    "tron_marketing_uses_level_design": "El marketing de TRON utiliza el diseño de niveles. Cuanta más electricidad compre un usuario, mayor será su nivel. La rentabilidad depende directamente del nivel de adquisición. Si el usuario inicial de VIP1 gana un 8% por día, a medida que aumenta la potencia disponible para la minería, el VIP10 con mayor rentabilidad puede ganar un 36% por día.",
    "i_made_a_withdrawal_request_but_it_hasnt_arrived_in_my_wallet_yet": "Hice una solicitud de retiro pero aún no llega a mi billetera",
    "all_requests_are_handled_by_a_set_of_system_automatic_modes": "Todas las solicitudes son manejadas por un conjunto de modos automáticos del sistema. La solicitud normalmente se procesa en 1 minuto.",
    "what_payment_systems_does_this_project_have_for_deposits": "¿Qué sistemas de pago tiene este proyecto para los depósitos?",
    "you_can_deposit_using_a_payment_system_like_this": "Puedes depositar usando un sistema de pago como este",
    "what_payment_systems_does_this_project_have_for_withdrawals": "¿Qué sistemas de pago tiene este proyecto para retiros?",
    "you_can_withdraw_money_using_this_payment_system": "Puedes retirar dinero usando este sistema de pago",
    "how_to_change_account_password": "Cómo cambiar la contraseña de la cuenta",
    "click_the_change_password_function_on_the_my_tab_on_the_lower_right": "Haga clic en la función 'Cambiar contraseña' en la pestaña 'Mi' en la esquina inferior derecha de la página. Ingrese su contraseña anterior y la nueva para cambiarla",
    "what_if_i_forget_my_withdrawal_password": "¿Qué pasa si olvido mi contraseña de retiro?",
    "please_use_the_email_address_you_reserved_when_registering_to_send_username": "Utilice la dirección de correo electrónico que reservó al registrarse para enviar (nombre de usuario: .... 'olvidé la contraseña de retiro') a nuestra dirección de correo electrónico oficial: tronrico68@gmail.com",
    "what_should_i_do_if_i_need_to_change_my_wallet_address": "¿Qué debo hacer si necesito cambiar la dirección de mi billetera?",
    "please_use_the_email_address_you_reserved_when_registering_to_send": "Utilice la dirección de correo electrónico que reservó al registrarse para enviar (nombre de usuario y nueva dirección de billetera) a nuestra dirección de correo electrónico oficial: tronrico68@gmail.com",
    "how_to_top_up": "Cómo recargar",
    "to_make_a_deposit_you_need_to_log_into_your_account": "Para realizar un depósito, debe iniciar sesión en su cuenta e ir a la página de minería. En la parte superior verás el botón \"Depositar\". Una vez en la página de depósito, seleccione la moneda que desea depositar. Después de eso, se le proporcionará una dirección de billetera a la que deberá enviar sus criptomonedas. Los depósitos se acreditarán en 1 minuto.",
    "your_account_may_be_frozen_under_the_following_circumstances": "Su cuenta puede ser congelada bajo las siguientes circunstancias",
    "trontin_takes_a_responsible_approach_to_protect_the_personal_data": "TRONTIN adopta un enfoque responsable para proteger los datos personales de sus usuarios y la seguridad de su sitio web. Cualquier intento de recopilar información personal del usuario, piratería del código del sitio web, uso indebido del programa de afiliados, acceso a cuentas de usuarios mediante piratería, uso de servicios de terceros para aumentar artificialmente el número de socios y cualquier administración que insulte al sitio web o a sus usuarios puede ser motivo de suspensión de la cuenta del usuario.",
    "I_didnt_find_the_answer_to_my_question_what_should_I_do": "No encontré la respuesta a mi pregunta, ¿qué debo hacer?",
    "contact_online_customer_service_or_telegram_customer_service": "Póngase en contacto con el servicio de atención al cliente en línea o con el servicio de atención al cliente de Telegram",
    "how_to_deposit": "como depositar",
    "click_deposit_on_the_platform_page": "Haga clic en 'Depositar' en la página de la plataforma.",
    "choose_to_transfer_to_the_basic_account_or_promotion_account": "Elija transferir a la cuenta básica o a la cuenta de promoción. Después de ingresar, podrás elegir la moneda a depositar.",
    "select_a_top_up_enter_to_copy_the_deposit_address": "Selecciona una recarga. Ingrese para copiar la dirección de depósito.",
    "open_your_crypto_wallet_select_the_corresponding_currency_and_transfer": "Abra su billetera criptográfica, seleccione la moneda correspondiente y realice la transferencia.",
    "paste_the_address_of_the_receiving_wallet": "Pegue la dirección de la billetera receptora.",
    "enter_the_amount_you_plan_to_deposit_into_your_account": "Ingrese el monto que planea depositar en su cuenta.",
    "click_next_and_confirm_completion": "Haga clic en 'Siguiente' y confirme la finalización.",
    "return_to_the_platform_and_click_the_recharge_button_note_the_last_step": "Regrese a la plataforma y haga clic en el botón 'Recargar'. Nota: El último paso es regresar a la plataforma y hacer clic en 'Recarga completa'. Una vez completada la recarga, la cuenta será acreditada a tiempo.",
    "how_to_withdraw_money": "Cómo retirar dinero",
    "select_the_exit_button_on_the_homepage_then_use_your_exchange_wallet": "Seleccione el botón de salida en la página de inicio, luego use su intercambio (billetera) para encontrar la dirección TRC20, cópiela y vincúlela a la plataforma para salir, y la plataforma liquidará la moneda TRX. Después de un retiro exitoso, la cuenta se acreditará en 1 a 3 minutos.",
    "if_you_need_help_please_click_online_customer_service": "(Si necesita ayuda, haga clic en servicio al cliente en línea)",
    "announcement": "Anuncio",
    "my_message": "mi mensaje",
    "company_mining_and_revenue": "【Minería e ingresos de la empresa】",
    "registered_members_will_be_given_56000trx_as_pledged_equity": "Los miembros registrados recibirán 56,000TRX como capital prometido. Para activar la cuenta se requiere un depósito mínimo de 10TRX y un retiro mínimo de 5TRX. Los ingresos se pueden retirar o invertir en minería.",
    "basic_investment_deposit_into_the_basic_account_and_automatically_join_the_contract_for_180_days": "[Inversión básica] Deposite en la cuenta básica y únase automáticamente al contrato durante 180 días [El período del contrato entra en vigor desde el momento del primer depósito]. La cuenta básica tiene ingresos mineros todos los días y puede recibir entre el 9% y el 38% del monto de inversión acumulada todos los días. El tiempo de liquidación de nuestro sistema de plataforma es: el momento de la primera compra del usuario, 24 horas después.",
    "for_example_the_first_purchase_time_is_1500_and_the_income_will_be_obtained_at_1500_the_next_day": "[Por ejemplo: la primera compra es a las 15:00 y los ingresos se obtendrán a las 15:00 del día siguiente] Los ingresos no se depositarán automáticamente en la cuenta y deberá hacer clic en los ingresos todos los días; cuando entre la minería, haz clic activamente para recibir los ingresos.",
    "accumulated_deposits_of_10_2500_trx_automatically_upgraded_to_vip1_daily_withdrawal": "Depósitos acumulados de 10-2500 trx, actualizados automáticamente a VIP1, retiro diario del 9%.",
    "accumulated_deposits_of_2501_10000_trx_automatically_upgraded_to_vip2_10_daily_withdrawal": "Depósitos acumulados de 2501-10000 trx, actualizados automáticamente a VIP2, 10% de retiro diario.",
    "accumulated_deposits_of_10001_20000_trx_automatically_upgraded_to_vip3_daily_withdrawal": "Depósitos acumulados de 10001-20000 trx, actualizados automáticamente a VIP3, retiros diarios del 11%.",
    "accumulated_deposits_of_20001_50000_trx_automatically_upgraded_to_vip4_daily_withdrawal": "Depósitos acumulados de 20001-50000 trx, actualizados automáticamente a VIP4, retiros diarios del 13%.",
    "accumulated_deposits_of_50001_100000_trx_automatically_upgraded_to_vip5_daily_withdrawal": "Depósitos acumulados de 50001-100000 trx, actualizados automáticamente a VIP5, retiro diario del 15%.",
    "accumulated_deposits_of_100001_200000_trx_automatically_upgraded_to_vip6_daily_withdrawal": "Depósitos acumulados de 100001-200000 trx, actualizados automáticamente a VIP6, retiros diarios del 17%.",
    "accumulated_deposits_of_200001_500000_trx_automatically_upgraded_to_vip7_daily_withdrawal": "Depósitos acumulados de 200001-500000 trx, actualizados automáticamente a VIP7, retiro diario del 23%.",
    "accumulated_deposits_of_500001_1000000_trx_automatically_upgraded_to_vip8_daily_withdrawal": "Depósitos acumulados de 500001-1000000 trx, actualizados automáticamente a VIP8, retiro diario del 26%.",
    "accumulated_deposits_of_1000001_1600000_trx_automatically_upgraded_to_vip9_daily_withdrawal": "Depósitos acumulados de 1000001-1600000 trx, actualizados automáticamente a VIP9, retiro diario del 32%.",
    "accumulated_deposits_of_1600001_9999999_trx_automatically_upgraded_to_vip10_daily_withdrawal": "Los depósitos acumulados son 1600001-9999999 trx, actualizados automáticamente a VIP10, con retiros diarios del 38%.",
    "automatically_upgrade_vip_level_instructions": "Actualice automáticamente el nivel VIP y las instrucciones.",
    "the_system_will-determine_your_total_accumulated_deposit": "El sistema determinará su depósito total acumulado y lo actualizará automáticamente al nivel apropiado. Por ejemplo: la primera recarga es 500 TRX, la segunda recarga es 2001 TRX, [la recarga acumulada es 2501 TRX] el sistema se actualizará automáticamente a VIP2 y tendrás VIP2. El ingreso diario del nivel es del 10% y así sucesivamente.",
    "share_invitation_reward_description": "Compartir descripción de recompensa de invitación",
    "invite_friends_description": "Invita a amigos con el enlace de promoción y el 13% de los ingresos se retirará inmediatamente. Si recomiendas a cientos de personas que se unan a Trontin, podrás convertirte en millonario. Máximo 18% (nivel de comisión 13% + nivel 2 2% + nivel 3 1%) 1: Por ejemplo: invitas al usuario A, el usuario A deposita e invierte 10,000TRX, recibirás 1,300TRX como recompensa. El usuario A invita al usuario B, el usuario B deposita e invierte 10,000TRX y usted recibirá 200TRX como recompensa. El usuario B inspira una vez más al usuario C. El usuario C deposita e invierte 10,000TRX. Recibirás 100TRX como recompensa. Los ingresos de la promoción se transferirán directamente a su cuenta de promoción. Puede retirar dinero directamente o comprar enlaces de plataformas de promoción de productos financieros para obtener ingresos por promoción y cultivar miembros de su propio equipo (la promoción puede obtener un cierto porcentaje de los ingresos por promoción). Promocione su enlace de invitación en su familia y amigos, WhatsApp, grupo de Facebook, YouTube, Instagram, Twitter, grupo de Telegram o cualquier plataforma de redes sociales (enlace de invitación: inicie sesión en la plataforma y haga clic en el botón de compartir para copiar el enlace. Envíe el enlace a sus amigos o a cualquier plataforma social. Dígales que esta es la mejor plataforma de minería de inversión para retirar al menos entre el 8% y el 36% del monto de la inversión todos los días)",
    "official_platform_description": "Plataforma oficial del pool minero TRONRICO",
    "the_official_platform_of_trontin_mining_pool": "La plataforma oficial del grupo minero TRONRICO, denominada TRONRICO, ha sido certificada por el Centro Financiero Blockchain de TRON. Somos un operador TRON oficial y legal. ¡Brinde a los clientes los servicios más estables, seguros y eficientes! Desde 2020, nosotros y la sede de TRON hemos tomado medidas enérgicas contra más de 3000 plataformas falsificadas. Si encuentra una plataforma falsa, puede contactarnos y cooperaremos con la sede de TRON para tomar medidas enérgicas, la plataforma de certificación oficial TRONRICO.",
    "trontin_msb_registration_certificate": "Certificado de registro TRONRICO MSB",
    "tax_registration_certificate": "certificado de registro fiscal",
    "TRONTIN_White_Paper": "Libro Blanco de TRONRICO",
    "click_to_view_trontin_white_paper": "Haga clic para ver el documento técnico de TRONRICO",
    "news_report": "Informe de noticias",
    "trontin_launches_revolutionary_cloud_mining_platform": "TRONRICO lanza revolucionaria plataforma de minería en la nube",
    "click_to_view": "Haga clic para ver",
    "contact_us": "contáctanos",
    "company_website": "Sitio web de la empresa",
    "company_telegram": "Telegrama de empresa",
    "telegram_channel": "canal de telegramas",
    "email": "Correo electrónico",
    "company_address": "8 Marina Blvd, Torre 1, Piso 31 y 32, Centro Financiero Marina Bay Singapur",
    "invite_friends_to_recharge": "Invita a tus amigos a recargar para obtener los reembolsos correspondientes",
    "level": "Nivel",
    "rebate": "Reembolso",
    "price": "Precio",
    "available_balance": "Saldo disponible",
    "limit_quantity": "Cantidad límite",
    "purchase_quantity": "Cantidad de compra",
    "daily_interest_rate": "Tasa de interés diaria",
    "real_time": "Tiempo real",
    "participate_in_investment": "participar en la inversión",
    "project_rules": "Reglas del proyecto",
    "repayment_method": "Método de pago",
    "repay_principal_and_interest_at_maturity": "Pagar el capital y los intereses al vencimiento",
    "unit_price": "precio unitario",
    "daily_rate_of_return": "Tasa de rendimiento diaria",
    "investment_cycle": "Ciclo de inversión",
    "expected_profit": "beneficio esperado",
    "project_introduction": "Introducción al proyecto",
    "tron_love_mining_machine": "La máquina minera TRON LOVE de ciclo corto e ingresos estables es una buena opción. El ingreso diario es 4,57% -4,7% y el ciclo es de 3 días. Una vez finalizado el ciclo, se distribuirá directamente a tu [cuenta de promoción] junto con el capital y los ingresos obtenidos durante el ciclo. Puedes retirar dinero directamente; esta plataforma admite minería de inversión TRX, ETH, BNB, DOGE, USDT (ERC20 TRC20 BEP20).",
    "notice": "AVISO",
    "confirmation_transfer": "¿Estás seguro de que quieres transferirte?",
    "home": "Hogar",
    "invest": "Invertir",
    "mine": "A mí",
    "Account_6_16_characters_no_spaces_allowed": "Cuenta, 6-16 caracteres, no se permiten espacios",
    "Area_code_plus_mobile_number": "Código de área + número de móvil",
    "recommendation_code": "Código de recomendación",
    "global_partners": "Socios globales",
    "email_verification_code": "Código de verificación de correo electrónico",
    "otp": "OTP",
    "enter_a_new_password": "Ingrese una nueva contraseña",
    "wallet_found": "Fondos de billetera",
    "need_traded": "Necesidad negociada",
    "already_traded": "Ya negociado",
    "number_of_withdrawals": "Número de retiros",
    "allow_withdrawal": "Permitir retiro",
    "yes": "Sí",
    "minimum_withdrawal": "Retiro mínimo",
    "enter_withdrawal_amount": "Ingrese el monto del retiro",
    "please_enter": "Por favor ingresa",
    "loading": "Cargando",
    "confirm_password": "confirmar Contraseña",
    "original_payment_password": "Contraseña de pago original",
    "invest_product": "Inversión inteligente",
    "purchased": "comprado",
    "total_income": "ingresos totales",
    "principal": "principal",
    "total_principal_and_interest": "capital e intereses totales",
    "how_to_deposit_funds_on_the_ai_trading_platform": "1. Cómo depositar fondos en la plataforma de operaciones AI",
    "step_1_get_your_deposit_address": "Paso 1: obtenga su dirección de depósito",
    "log_into_your_ai_trading_account": "Inicie sesión en su cuenta comercial de IA",
    "head_to_the_deposit_page": "Dirígete a la página \"Depósito\"",
    "choose_your_cryptocurrency": "Elija su criptomoneda (TRC20, BEP20, BNB o TRX)",
    "generate_the_deposit_address_and_copy_it_to_your_clipboard": "Genera la dirección de depósito y cópiala en tu portapapeles",
    "step_2_send_funds_from_your_wallet": "Paso 2: envíe fondos desde su billetera",
    "open_your_crypto_wallet_app": "Abra su aplicación de billetera criptográfica (por ejemplo, MetaMask, Trust Wallet)",
    "select_the_correct_network": "Seleccione la red correcta (TRC20 o BEP20)",
    "paste_the_copied_deposit_address_as_the_recipient": "Pegue la dirección de depósito copiada como destinatario",
    "input_the_amount_you_want_to_deposit_and_confirm_the_send": "Ingresa el monto que deseas depositar y confirma el envío",
    "wait_for_confirmation_on_the_blockchain": "Espere la confirmación en la cadena de bloques (normalmente unos minutos)",
    "step_3_confirm_your_deposit": "Paso 3: confirma tu depósito",
    "go_to_transaction_history_to_track_progress": "Vaya a \"Historial de transacciones\" para realizar un seguimiento del progreso",
    "click_complete_deposit_once_transaction_is_verified": "Haga clic en \"Completar depósito\" una vez que se verifique la transacción.",
    "if_your_deposit_doesnt_reflect_within_30_minutes_reach_out_to_support": "Si su depósito no se refleja en 30 minutos, comuníquese con el soporte",
    "how_to_withdraw_funds_from_the_ai_trading_platform": "2. Cómo retirar fondos de la plataforma de operaciones AI",
    "step_1_choose_your_withdrawal_option": "Paso 1: elija su opción de retiro",
    "log_in_and_open_the_fund_management_tab": "Inicie sesión y abra la pestaña \"Gestión de fondos\"",
    "click_withdraw_and_pick_your_preferred_network": "Haga clic en \"Retirar\" y elija su red preferida (TRC20\/BEP20\/BNB\/TRX)",
    "step_2_fill_in_withdrawal_information": "Paso 2: complete la información de retiro",
    "enter_the_amount_you_want_to_withdraw": "Ingresa el monto que deseas retirar",
    "paste_your_wallet_address": "Pegue la dirección de su billetera (asegúrese de que coincida con la red correcta)",
    "complete_any_required_security_verification_steps": "Complete los pasos de verificación de seguridad requeridos",
    "step_3_final_confirmation_and_submission": "Paso 3: Confirmación final y envío",
    "double_check_all_the_details_before_submitting": "Verifique todos los detalles antes de enviar",
    "withdrawals_usually_process_within_30_minutes": "Los retiros generalmente se procesan en 30 minutos.",
    "track_the_progress_under_withdrawal_records": "Realice un seguimiento del progreso en \"Registros de retiro\"",
    "important_notes": "Notas importantes:",
    "double_check_your_wallet_address_crypto_transfers_cant_be_undone": "❗️ Vuelva a verificar la dirección de su billetera: las transferencias criptográficas no se pueden deshacer",
    "make_sure_to_meet_the_platforms_minimum_withdrawal_limit": "❗️ Asegúrate de cumplir con el límite mínimo de retiro de la plataforma",
    "delays_can_occur_due_to_high_network_traffic": "❗️ Pueden ocurrir retrasos debido al alto tráfico de la red",
    "contact_live_chat_support_anytime_if_you_face_any_issues": "❗️ Comuníquese con el soporte de chat en vivo en cualquier momento si tiene algún problema",
    "if_you_need_more_help_our_customer_service_team_is_available_24_7_via_live_chat": "Si necesita más ayuda, nuestro equipo de atención al cliente está disponible las 24 horas, los 7 días de la semana a través del chat en vivo.",
    "what_is_chain_quant": "1. ¿Qué es la cadena cuantitativa?",
    "chain_quant_description": "Chain Quant es una plataforma de comercio cuantitativo impulsada por IA que combina inteligencia artificial y tecnología blockchain para analizar las tendencias del mercado de cifrado y ejecutar operaciones automatizadas, lo que permite a los usuarios obtener rendimientos estables con un mínimo esfuerzo.",
    "core_services_of_chain_quant": "2. Servicios principales de Chain Quant",
    "quantitative_arbitrage_trading": "Comercio de arbitraje cuantitativo\n – Utiliza diferencias de precios en múltiples intercambios para generar ganancias de bajo riesgo.\n – Los sistemas impulsados por IA rastrean los mercados las 24 horas del día, los 7 días de la semana y ejecutan operaciones en los momentos ideales",
    "ai_auto_trading": "Comercio automático con IA\n – Bots totalmente automatizados que utilizan estrategias prediseñadas como seguimiento de tendencias y sistemas de cuadrícula.\n – Los algoritmos se ajustan en tiempo real para limitar el riesgo y mejorar la rentabilidad.",
    "fund_security": "Seguridad del fondo\n – Implementa cifrado multicapa con separación de billetera fría y caliente\n – Las auditorías de contratos inteligentes proporcionan operaciones transparentes y a prueba de manipulaciones.",
    "instant_deposits_withdrawals": "Depósitos\/Retiros Instantáneos\n – Depósitos procesados en 1 a 3 minutos (admite TRC20\/BEP20)\n – Los retiros son rápidos y automatizados; no se necesita revisión manual",
    "multiple_trading_modes": "Múltiples modos de negociación\n – Modo principiante: comercio de bajo riesgo y sin intervención\n – Modo Pro: herramientas avanzadas y controles estratégicos para usuarios experimentados",
    "how_to_register_and_start_using_chain_quant": "3. ¿Cómo registrarse y comenzar a utilizar Chain Quant?",
    "sign_up": "Paso 1: Regístrate: \n Visite el sitio web oficial de Chain Quant, haga clic en \"Registro gratuito\" y verifique por correo electrónico o por teléfono",
    "deposit_and_activate_ai_trading": "Paso 2: Deposite y active el comercio con IA:\n Deposite fondos en su cuenta con USDT (TRC20 o BEP20)\n Los fondos depositados se convierten en su saldo comercial de Chain Quant",
    "launch_ai_trading": "Paso 3: Inicie el comercio con IA:\n Haga clic en \"Comercio cuantitativo\" para activar su robot de IA personal\n El sistema inicia operaciones automatizadas destinadas a generar ganancias diarias.",
    "how_to_earn_with_chain_quant": "¿Cómo ganar dinero con Chain Quant?",
    "arbitrage_profits": "– Método 1: Beneficios del arbitraje:\n La IA detecta brechas de precios (por ejemplo, comprar barato en un intercambio, vender caro en otro)",
    "ai_trading_returns": "– Método 2: Devoluciones comerciales de IA:\n Los algoritmos utilizan datos de tendencias para comprar barato y vender caro automáticamente",
    "referral_rewards": "– Método 3: Recompensas por recomendación:\n Invita a otros y gana comisiones por sus operaciones.",
    "why_choose_chain_quant": "5. ¿Por qué elegir Chain Quant?",
    "ai_automation": "✓ Automatización de IA 24 horas al día, 7 días a la semana: nunca pierda una oportunidad comercial",
    "military_grade_security": "✓ Seguridad de grado militar: billeteras frías y cifrado de primer nivel",
    "dual_trading_modes": "✓ Modos de negociación duales: perfectos tanto para principiantes como para profesionales",
    "reliable_returns": "✓ Rentabilidades confiables: respaldadas por análisis de mercado en tiempo real",
    "free_daily_withdrawals": "✓ Retiros diarios gratuitos: disfrute de un retiro sin cargo todos los días",
    "start_your_journey_with_chain_quant": "¡Comience su viaje con Chain Quant hoy y deje que la automatización inteligente trabaje para su futuro criptográfico!",
    "chain_quant_ltd": "CADENA QUANT LTD",
    "driving_the_future_of_ai": "Impulsando el futuro de la IA, el Big Data y la automatización",
    "at_chain_quant_we_harness": "En Chain Quant, aprovechamos el poder de la inteligencia artificial de vanguardia, el big data y la automatización avanzada para acelerar la transformación digital global. Nuestra misión es brindar a las organizaciones soluciones inteligentes y escalables que impulsen el crecimiento empresarial y den forma a un futuro más conectado y eficiente.",
    "core_services": "Servicios principales",
    "ai_solutions": "Soluciones de IA: integración del aprendizaje automático y el aprendizaje profundo para optimizar las operaciones y maximizar la eficiencia.",
    "big_data_analytics": "Big Data Analytics: ofrece una potente infraestructura de datos y conocimientos prácticos para una toma de decisiones inteligente y un crecimiento sostenible.",
    "automation_integration": "Integración de automatización: diseño de flujos de trabajo de automatización personalizados que reducen costos, eliminan redundancias y aumentan la productividad.",
    "strategic_industry_consulting": "Consultoría estratégica de la industria: proporciona inteligencia de mercado con visión de futuro e impulsada por la tecnología para guiar las estrategias de transformación digital.",
    "our_core_values": "Nuestros valores fundamentales",
    "innovation_driven": "Impulsado por la innovación: desafiamos el status quo y traspasamos los límites de lo que es posible con la tecnología.",
    "client_centric": "Centrado en el cliente: cada solución se adapta a las necesidades únicas y los objetivos cambiantes de nuestros clientes.",
    "integrity_accountability": "Integridad y responsabilidad: la transparencia y la confianza son las bases de cada asociación que construimos.",
    "vision": "Visión",
    "to_lead_globally_in_ai": "Liderar a nivel mundial en inteligencia artificial e innovación basada en datos, permitiendo a las pymes prosperar en la economía digital y al mismo tiempo promover el uso responsable de la tecnología y la transformación ética.",
    "innovation_philosophy": "Filosofía de Innovación",
    "we_pioneer_the_smart_ecosystem": "Somos pioneros en el ecosistema inteligente: una infraestructura digital intersectorial protegida por blockchain que permite una colaboración fluida, transparencia e inteligencia avanzada en los mercados globales.",
    "corporate_information": "Información corporativa",
    "legal_name": "Nombre Legal",
    "company_number": "Número de empresa",
    "incorporation_date": "Fecha de constitución",
    "registered_address": "Dirección registrada",
    "for_official_filings": "Para presentaciones y verificaciones oficiales, consulte el registro del gobierno del Reino Unido:",
    "uk_government_registry": "Registro del gobierno del Reino Unido",
    "secure_and_fast_transactions": "Retiro en 24 horas",
    "withdraw_account": "Cuenta de retiro",
    "withdrawal_method": "Método de retiro",
    "quota": "Cuota 1 - 650000",
    "enter_withal_address": "dirección de retiro",
    "enter_password": "Contraseña",
    "handling_fees": "Tarifas de manejo",
    "actually_received": "Recibir realmente",
    "press_release": "Presione soltar",
    "relese_date": "03 de febrero de 2024",
    "we_are_thrilled_to_announce": "¡Estamos encantados de anunciar oficialmente el lanzamiento de Chain Quant el 15 de diciembre de 2024!",
    "Chain_Quant_is_a_global_powerhouse": "Chain Quant es una potencia mundial en comercio cuantitativo impulsado por IA y arbitraje de criptomonedas, que ofrece soluciones comerciales inteligentes y ultrarrápidas que maximizan la rentabilidad y potencian la evolución de las finanzas digitales.",
    "platform_highlights": "Aspectos destacados de la plataforma",
    "seamless_multi_exchange_integration": "Integración perfecta de múltiples intercambios: admite Binance, Coinbase, Huobi y más",
    "ultra_fast_arbitrage_execution": "Ejecución de arbitraje ultrarrápida: oportunidades de compra baja\/venta alta en menos de un segundo",
    "fully_autonomous_trading": "Comercio totalmente autónomo: 100 % impulsado por IA, no se necesita entrada manual",
    "be_among_the_first_to_experience": "Sea uno de los primeros en experimentar el comercio de próxima generación.",
    "register_now": "Regístrese ahora y tome el control del futuro con Chain Quant, donde la precisión se une al rendimiento en las finanzas inteligentes.",
    "chain_quantity_quantitative_investment_program": "Programa de Inversión Cuantitativa de Cantidad en Cadena. Sistema VIP escalonado para ingresos pasivos automatizados",
    "vip_levels_rewards": "Niveles VIP y recompensas",
    "vip_level_deposit_range_daily_return": "Rango de depósito de nivel VIP (USDT) Retorno diario (%)",
    "vip_1_deposit_range_daily_return": "VIP 1 $10 – $199 2,46% – 2,52%",
    "vip_2_deposit_range_daily_return": "VIP 2 $200 – $999 2,71% – 2,72%",
    "vip_3_deposit_range_daily_return": "VIP 3 $1000 – $4999 2,92% – 2,98%",
    "vip_4_deposit_range_daily_return": "VIP 4 $5000 – $9999 3,15% – 3,19%",
    "vip_5_deposit_range_daily_return": "VIP 5 $10,000 – $14,999 3.36% – 3.40%",
    "vip_6_deposit_range_daily_return": "VIP 6 $15,000 – $29,999 3.69% – 3.73%",
    "vip_7_deposit_range_daily_return": "VIP 7 $30 000 – $59 999 3,92 % – 3,97 %",
    "vip_8_deposit_range_daily_return": "VIP 8 $60 000 – $99 999 4,25 % – 4,27 %",
    "vip_9_deposit_range_daily_return": "VIP 9 $100.000 – $149.999 4,54% – 4,58%",
    "vip_10_deposit_range_daily_return": "VIP 10 $150.000 – $200.000 5,01% – 5,10%",
    "chain_quantity_operates_on_progressive_model": "Chain Quantity opera con un modelo de inversión progresivo diseñado para brindar escalabilidad y simplicidad.",
    "start_with_10_usdt_activate_quantity_1": "Comience con solo 10 USDT para activar la Cantidad 1",
    "upgrade_to_quantity_2_by_adding_989_usdt": "Actualice a la Cantidad 2 agregando 989 USDT (Total: 999 USDT)",
    "minimum_deposit_10_usdt": "Depósito bajo: 10 USDT",
    "minimum_withdrawal_2_usdt": "Retiro mínimo: 2 USDT",
    "example_investing_1000_usdt_unlocks_vip_3": "Invertir 1000 USDT desbloquea VIP 3",
    "daily_earnings_example": "Ganancias diarias = 1000 × 2,92% = 29,2 USDT",
    "program_highlights": "Aspectos destacados del programa",
    "validity_per_vip_tier": "⏳ Validez de 180 días por nivel VIP",
    "daily_system_reset": "🕛 Reinicio diario del sistema a las 00:00 SGT",
    "automatic_upgrades": "🔓 Actualizaciones automáticas al alcanzar el siguiente umbral",
    "instant_withdrawals": "💸 Retiros instantáneos del saldo de comisiones",
    "why_choose_chain_quantity": "¿Por qué elegir la cantidad de cadena?",
    "higher_tiers_offer_better_returns": "✅ Los niveles más altos ofrecen retornos significativamente mejores",
    "no_lock_up_periods": "✅ Sin períodos de bloqueo: los fondos siguen siendo accesibles",
    "real_time_profit_tracking": "✅ Seguimiento de ganancias en tiempo real a través del panel",
    "transparent_automated_system": "✅ Sistema automatizado 100% transparente",
    "sustainable_passive_income_model": "Obtenga ingresos pasivos y sostenibles con nuestro modelo inteligente por niveles, creado para el crecimiento y optimizado para obtener recompensas.",
    "example": "Ejemplo",
    "chain_quantity_team_rewards_program": "Programa de recompensas del equipo de cantidad en cadena",
    "unlock_powerful_earning_potential": "Desbloquee un poderoso potencial de ganancias con nuestro sistema estructurado de comisiones multinivel y oportunidades exclusivas para agentes.",
    "multi_level_commission_structure": "Estructura de comisión multinivel",
    "maximize_rewards_tiered_referral_program": "Maximice sus recompensas a través de nuestro programa de referencias escalonados:",
    "level_1_direct_referrals_earn_15_percent": "Nivel 1 (Recomendaciones directas): Gana 15% de comisión",
    "level_2_indirect_referrals_earn_2_percent": "Nivel 2 (Recomendaciones indirectas): Gana 2% de comisión",
    "level_3_extended_network_earn_1_percent": "Nivel 3 (Red extendida): Gana 1% de comisión",
    "earn_every_time_referrals_deposit_funds": "Usted gana cada vez que sus referidos (y sus referidos) depositan fondos.",
    "global_agent_recruitment": "Reclutamiento de agentes globales",
    "expanding_reach_motivated_partners": "Estamos ampliando nuestro alcance y buscando socios motivados:",
    "national_agents_earn_5_percent": "Agentes Nacionales: Gana 5% de comisión",
    "city_agents_earn_4_percent": "Agentes de la ciudad: gane una comisión del 4%",
    "regional_agents_earn_3_percent": "Agentes Regionales: Gana 3% de comisión",
    "build_your_network": "Construya su red:",
    "launch_telegram_whatsapp_community": "Lanza tu propia comunidad de Telegram o WhatsApp",
    "invite_official_support_team": "Invita a nuestro equipo de soporte oficial a participar",
    "grow_team_unlock_exponential_earning": "Haga crecer su equipo y desbloquee oportunidades de ganancias exponenciales",
    "referral_bonus_example": "Ejemplo de bonificación por recomendación",
    "member_deposit_commission_rate_earnings": "Comisión de depósito para miembros Califique sus ganancias",
    "member_a_1000_usdt_15_percent_150_usdt": "Miembro A 1000 USDT 15% 150 USDT",
    "member_b_1000_usdt_2_percent_20_usdt": "Miembro B 1000 USDT 2% 20 USDT",
    "member_c_1000_usdt_1_percent_10_usdt": "Miembro C 1000 USDT 1% 10 USDT",
    "earn_bonuses_team_members_deposit": "Obtienes bonificaciones cada vez que los miembros de tu equipo depositan.",
    "daily_agent_bonus_rewards": "Recompensas de bonificación diarias para agentes",
    "top_performing_agents_rewarded_daily": "Los agentes con mejor desempeño son recompensados ​​automáticamente, según los depósitos diarios del equipo:",
    "1000_usdt_60_usdt_bonus": "1000 USDT → BONO DE 60 USDT",
    "5000_usdt_188_usdt_bonus": "5000 USDT → BONO DE 188 USDT",
    "16000_usdt_388_usdt_bonus": "16,000 USDT → BONO DE 388 USDT",
    "58000_usdt_1483_usdt_bonus": "58,000 USDT → BONO DE 1,483 USDT",
    "100000_usdt_6450_usdt_bonus": "100.000 USDT → BONO DE 6.450 USDT",
    "500000_usdt_99999_usdt_bonus": "500.000 USDT → BONO DE 99.999 USDT",
    "bonuses_cumulative_instantly_withdrawable": "Todos los bonos son acumulativos y se pueden retirar instantáneamente en USDT.",
    "join_today_grow_network_start_earning": "Únase hoy, haga crecer su red y comience a ganar como nunca antes.",
    "recharge_amount": "Cantidad de recarga",
    "current_amount": "Cantidad disponible actualmente",
    "todays_earning": "Ganancias de hoy",
    "total_revenue": "Ingresos totales",
    "invitation_rewareds": "Recompensas por invitación",
    "more_level_comming": "Más niveles próximamente...",
    "per_day": "Tiempos de cuantificación por día",
    "agree_with_our": "De acuerdo con nuestro",
    "terms_of_use": "Término de uso",
    "and": "Y",
    "privacy_policy": "política de privacidad",
    "no_account": "¿Sin cuenta?",
    "security_password": "Contraseña de seguridad",
    "processing": "Tratamiento…",
    "already_have_an_account": "¿Ya tienes una cuenta?",
    "verify_email_title": "Verificar correo electrónico",
    "enter_your_verification_code": "Ingrese su código de verificación",
    "verifying": "Verificando...",
    "verify_email": "Verificar correo electrónico",
    "check_inbox_and_spam_html": "Por favor revise su bandeja de entrada y carpeta para ver el correo electrónico de verificación.",
    "total_assets": "Activos totales",
    "quantitative_account": "Cuenta Cuantitativa",
    "agent_corperation": "Cooperación de agentes",
    "activity": "Actividad del equipo",
    "unread_messages_alert": "Tienes mensajes no leídos en el sitio, ¡ve y revisa el contenido del mensaje!",
    "vip": "personaje",
    "trial_fee": "Tarifa de prueba",
    "profit_assets": "Activos de ganancias",
    "todays_earnings": "Ganancias de hoy",
    "quantifiable_number_of_days": "Número cuantificable de días",
    "countdown_days": "Días de cuenta regresiva",
    "quantify_reset_time": "Cuantificar el tiempo de reinicio",
    "start_quantify": "Iniciar cuantificar",
    "quantification_process": "Proceso de cuantificación",
    "start_quantification": "Iniciar cuantificación...",
    "start_queuing": "Empieza a hacer cola...",
    "start_executing_buy_order": "Comience a ejecutar la orden de compra...",
    "start_executing_sell_order": "Comience a ejecutar la orden de venta...",
    "start_capturing_market_prices": "Comience a capturar los precios del mercado comercial...",
    "start_distributing_commissions": "Empieza a repartir comisiones...",
    "operation_complete": "La operación está completa y finalizando.",
    "current_vip": "VIP actual",
    "click_to_unlock": "Haga clic para desbloquear",
    "quantification_times_per_day": "Tiempos de cuantificación por día",
    "profit_ratio": "Relación de beneficio",
    "minimum_unlock_amount": "Cantidad mínima de desbloqueo",
    "recharge_unlock_message": "La recarga desbloquea automáticamente la recarga {{minUnclock}}USDT",
    "quantitative_benefits": "Beneficios cuantitativos",
    "deposit_into_basic_wallet": "Depositar en billetera básica",
    "invest_record": "Registro de inversiones",
    "build_team_rewards": "Forma un equipo y obtén generosas recompensas",
    "my_invitation_code": "Mi código de invitación",
    "invite_link": "Enlace de invitación",
    "view_the_team": "Ver el equipo",
    "daily_commissions": "Comisiones Diarias",
    "invited_friends_recharge_rebates": "Invita a tus amigos a obtener los reembolsos correspondientes cuando recarguen:",
    "recharge_rebate": "Reembolso de recarga",
    "quantify_rebate": "Cuantificar reembolso",
    "copy_success": "Copia exitosa",
    "withdraw": "Retirar",
    "sign_out": "Desconectar",
    "hello_username": "Hola, {{nombre de usuario}}",
    "welcome_back": "Bienvenido de nuevo",
    "investment_accounts": "Cuentas de inversión",
    "commission_today": "Comisión hoy",
    "yesterdays_earnings": "Ganancias de ayer",
    "detail": "Detalle",
    "transfer": "Transferir",
    "news": "Noticias",
    "security_center": "Centro de seguridad",
    "company_profile": "Perfil de la empresa",
    "about_us": "Sobre nosotros",
    "twenty_four_hour_withdrawal": "retiro de 48 horas",
    "withdrawable": "Retirable",
    "amount_to_be_processed": "Monto a procesar",
    "payment_method": "Método de pago",
    "withdrawal_limit_range": "Rango de límite de retiro 7,00 - 99999999,00",
    "withdrawal_address": "Dirección de retiro",
    "handling_fee": "Tarifa de manejo",
    "receipt": "Recibo",
    "withdrawal_note": "Nota de retiro",
    "withdrawal_policy_title": "Política de retiro (ToobitQuant)",
    "minimum_withdrawal_amount": "Monto mínimo de retiro",
    "withdrawal_fee": "Tarifa de retiro",
    "withdrawal_frequency": "Frecuencia de retiro",
    "withdrawal_frequency_desc": "Una vez al día, disponible de lunes a domingo (hora de Singapur)",
    "processing_time": "Tiempo de procesamiento",
    "processing_time_desc": "Los retiros generalmente se procesan entre 0 y 48 horas después de enviar la solicitud y se transferirán directamente a su billetera.",
    "mining_machine_energy_failure": "Fallo de energía de la máquina minera, recargue {{amount}} USDT",
    "financial": "Financiero",
    "usdt": "USDT",
    "failed_to_fetch_data": "No se pudieron recuperar los datos.",
    "note_before_switching_accounts": "Nota: Antes de cambiar de cuenta de recarga, ¡confirme que se haya recibido la recarga anterior!",
    "quant_account_desc": "Deposite en esta cuenta para obtener retornos cuantificados inteligentes",
    "investment_account_desc": "Los depósitos en esta cuenta se pueden utilizar para invertir en proyectos de financiación colectiva.",
    "recharge_address": "Dirección de recarga",
    "recharge_complete": "Recarga completa",
    "deposit_instruction_1": "1. Copie la dirección anterior o escanee el código QR y seleccione el",
    "network_deposit": "red para depositar Activos.",
    "invite_top_up_rewards": "Invita a tus amigos a recargar por primera vez y podrás obtener las siguientes recompensas",
    "number_of_invited_people": "Número de personas invitadas",
    "invitation_rewards_label": "Recompensas por invitación:",
    "usdt_automatic_distribution": "Distribución automática de USDT",
    "invitee_first_recharge_needs_to_be_in": "La primera recarga del invitado debe realizarse",
    "above": "arriba",
    "tiered_rewards_intro": "Invita a una cierta cantidad de personas y recibe recompensas escalonadas:",
    "count": "Contar",
    "award": "Otorgar",
    "unlimited": "Ilimitado",
    "auto": "Auto",
    "claimed": "Reclamado",
    "remaining": "Restante",
    "failed_to_load_invite_rewards": "No se pudieron cargar las recompensas de invitación.",
    "reward_claimed_successfully": "Recompensa reclamada exitosamente.",
    "unable_to_claim_reward": "No se puede reclamar la recompensa. Por favor inténtalo de nuevo.",
    "agent_cooperation": "Cooperación de agentes",
    "global_recruitment_title": "Reclutamiento global para empleados de tiempo completo Información laboral:",
    "positions_available_subtitle": "6 puestos disponibles en el departamento de marketing",
    "job_description_promotion_title": "Descripción del puesto y criterios de promoción:",
    "job_description_promotion_body": "El Departamento de Marketing ofrece los siguientes 6 puestos según el número total de usuarios con niveles de recarga exitosos en el Nivel 1 y Nivel 2. Los puestos son los siguientes:",
    "salary_tiers_intro": "Cada puesto tiene diferentes niveles salariales. Cuanto más alto sea el puesto, mayor será el salario. Los detalles son los siguientes:",
    "position": "Posición",
    "level_1": "Nivel 1",
    "level_1_plus": "Nivel 1+",
    "level_2": "Nivel 2",
    "weekly": "Semanalmente",
    "salary": "Salario",
    "growth_catalyst": "Catalizador de crecimiento",
    "brand_architect": "Arquitecto de marca",
    "engagement_guru": "Compromiso docente",
    "visionary_strategist": "Estratega visionario",
    "innovation_leader": "Líder de Innovación",
    "territory_commander": "Comandante del territorio",
    "meet_requirements_contact_manager": "Para los usuarios que cumplen con los requisitos del puesto, comuníquese con el gerente del proyecto para su verificación.",
    "salary_payment_method_timing": "Método y momento de pago del salario:",
    "salary_distribution_detail": "Los salarios se distribuirán a la cuenta de billetera ToobitQuant todos los lunes después de las 6 p.m.",
    "additional_rewards_title": "Recompensas adicionales para empleados de tiempo completo:",
    "additional_rewards_body": "Una vez que un empleado se convierte en miembro permanente, también recibirá un porcentaje del total de los depósitos semanales de su equipo como recompensa adicional. La estructura de recompensas es la siguiente:",
    "total_weekly_deposits_usdt": "Depósitos semanales totales (USDT)",
    "reward_percentage": "Porcentaje de recompensa",
    "commission": "Comisión",
    "commission_records": "Registros de comisiones",
    "valid_invitation_people_number": "Número de personas de invitación válidas",
    "team_report": "Informe del equipo",
    "team_total_recharge": "Recarga total del equipo:",
    "team_total_withdrawal": "Retiro total del equipo:",
    "level_3": "Nivel 3",
    "total_valid_label": "Total\/Válido:",
    "get_commission_label": "Obtener comisión:",
    "now_go": "Ahora ve",
    "brand_name": "demasiado",
    "press_release_date": "25 de junio de 2025",
    "launch_announcement_prefix": "Estamos emocionados de anunciar el lanzamiento de",
    "launch_announcement_suffix": ", una revolucionaria plataforma impulsada por IA que ya está disponible a partir del 5 de septiembre de 2025.",
    "platform_description": "TOOBIT está diseñado para elevar el futuro del comercio de activos digitales, combinando el poder de la inteligencia artificial con una ejecución ultrarrápida. Diseñada para la próxima generación de inversores, nuestra plataforma ofrece herramientas de precisión para optimizar el arbitraje criptográfico y las estrategias comerciales cuantitativas, garantizando que su cartera prospere en el mercado altamente competitivo de hoy.",
    "key_features_title": "Características clave de Toobit:",
    "feature_multi_exchange_title": "• Integración perfecta de múltiples intercambios",
    "feature_multi_exchange_desc": "Conéctese sin esfuerzo con plataformas líderes como Binance, Coinbase, Kraken y otras, lo que permite realizar transacciones eficientes en todos los intercambios.",
    "feature_realtime_arbitrage_title": "• Detección de arbitraje en tiempo real",
    "feature_realtime_arbitrage_desc": "Con una capacidad de respuesta de milisegundos, Toobit identifica y explota oportunidades rentables a medida que surgen, garantizando que usted se mantenga a la vanguardia.",
    "feature_ai_autonomous_title": "• Optimizado para IA, totalmente autónomo",
    "feature_ai_autonomous_desc": "Nuestra plataforma está impulsada por IA de vanguardia, lo que permite estrategias automatizadas basadas en datos sin necesidad de entrada manual, para que pueda sentarse y ver crecer su cartera.",
    "platform_mission": "Toobit está aquí para remodelar el panorama de los activos digitales, permitiéndole operar de manera más inteligente, rápida y eficiente. Ya sea que sea un operador experimentado o esté comenzando, Toobit abre un nuevo ámbito de posibilidades para maximizar la rentabilidad.",
    "platform_future_line": "Adéntrese en el futuro del comercio, donde la innovación se une a la precisión.",
    "agent_program_heading": "Programa de asociación de agentes QUANT",
    "agent_program_headline_prefix": "Adéntrate en el futuro de las finanzas impulsadas por la IA con",
    "agent_program_headline_suffix": "Programa de agente global",
    "agent_program_welcome": "Bienvenido a la próxima era de creación de riqueza inteligente. TOOBIT se enorgullece de lanzar su Programa de Agentes Globales: una oportunidad única para obtener ingresos pasivos a largo plazo aprovechando el poder del comercio cuantitativo impulsado por IA.",
    "agent_program_revolution": "A medida que la revolución de las finanzas digitales cobra impulso, Toobit invita a los especialistas en marketing, líderes comunitarios e inversores a participar en la configuración del futuro de las finanzas descentralizadas. Nuestra red de agentes está diseñada para brindar escalabilidad, flexibilidad y rentabilidad, y ofrece una manera interesante de aumentar sus ingresos mientras ayuda a otros a prosperar en la economía digital.",
    "agent_program_highlights": "Aspectos destacados del programa:",
    "agent_program_income": "• Potencial de ingresos de varios niveles: obtenga reembolsos según las actividades de su red, creando un flujo de ingresos recurrente a medida que su comunidad se expande. Su enlace de referencia facilita la promoción, sin necesidad de experiencia.",
    "agent_program_tools": "• Soporte y herramientas integrales: acceda a funciones de plataforma de vanguardia, reembolsos en tiempo real y automatización comercial impulsada por IA para que la promoción sea fluida y gratificante.",
    "agent_program_growth": "• Oportunidades impulsadas por el crecimiento: progrese a través de niveles (Ciudad, Nacional, Socio global) y desbloquee recompensas exclusivas, incluida una participación en las ganancias de por vida de más del 20 % y privilegios regionales especiales para los mejores agentes.",
    "agent_program_closing": "Ya sea que participe a través de las redes sociales, redes de inversionistas o comunidades locales, Toobit garantiza que sus esfuerzos sean recompensados. Comience a construir su futuro hoy y únase a nosotros mientras lideramos el avance en el mundo de las finanzas inteligentes. El futuro del comercio está aquí. Toobit te invita a ser parte de ello.",
    "company_name_legal": "TOOBIT AI LIMITADO",
    "cp_p1_rest": "se fundó en Londres, Reino Unido, en 2025 y se compromete a convertirse en una empresa líder en el campo del comercio inteligente basado en blockchain.",
    "cp_p2_rest": "es un sistema de comercio cuantitativo avanzado impulsado por tecnología de inteligencia artificial. Su capacidad principal radica en la ejecución automática de estrategias comerciales para maximizar el rendimiento de la inversión y minimizar el riesgo. Específicamente, TOOBIT transforma las decisiones de inversión en algoritmos informáticos ejecutables, lo que permite operaciones comerciales transparentes, eficientes y rápidas que se adaptan perfectamente a las fluctuaciones del mercado en tiempo real.",
    "cp_p3_suffix": "Las estrategias comerciales de se basan en matemáticas modernas, estadísticas, aprendizaje automático y análisis continuo de las tendencias del mercado y los precios de los activos digitales para determinar las acciones comerciales más efectivas. A través de complejos algoritmos y modelos, el sistema evalúa los riesgos de mercado y las oportunidades de inversión, optimizando automáticamente las asignaciones de cartera en respuesta a las expectativas cambiantes de riesgo y rendimiento.",
    "cp_p4": "Este enfoque totalmente automatizado elimina el error humano, mejora la precisión de las transacciones y garantiza una adaptación consistente a las condiciones de mercado volátiles e inciertas.",
    "cp_p5_prefix": "En esencia,",
    "cp_p5_suffix": "es un sistema de comercio cuantitativo de próxima generación que combina la inteligencia artificial con la teoría financiera moderna para implementar automáticamente estrategias destinadas a maximizar las ganancias y minimizar el riesgo.",
    "label_company_name": "nombre de empresa",
    "label_company_number": "Número de empresa",
    "label_incorporation_date": "Fecha de Constitución",
    "label_registered_capital": "Capital registrado",
    "label_email": "Correo electrónico",
    "label_phone": "Teléfono",
    "label_registered_office": "Oficina registrada",
    "company_number_value": "16289541",
    "incorporation_date_value": "04 de marzo de 2025",
    "registered_capital_value": "100.000.000 libras esterlinas",
    "email_value": "TOOBITquant.ai@gmail.com",
    "phone_value": "+44 7742 043280",
    "registered_office_value": "32 London Bridge St, Londres, Reino Unido SE1 9SG",
    "platform_bonus": "Bono de plataforma",
    "failed_to_load_notices": "No se pudieron cargar los avisos",
    "welcome_title": "Bienvenido a TOOBIT: Desbloqueando juntos un futuro inteligente",
    "withdraw_success": "Retirar el éxito",
    "deposit_success": "Depósito exitoso",
    "income_received": "Ingresos recibidos",
    "product": "Producto",
    "project_rule": "Regla del proyecto",
    "repayment": "Reembolso",
    "maturity_principal_interest": "Vencimiento Principal e Intereses",
    "daily_return": "Regreso diario",
    "invest_cycle": "Ciclo de inversión",
    "estimated_revenue": "Ingresos estimados",
    "balance_not_enough_recharge": "El saldo no es suficiente. Recargue {{amount}} USDT",
    "ok": "De acuerdo",
    "transfer_amount": "Monto de la transferencia",
    "old_login_password": "Contraseña de inicio de sesión anterior",
    "new_login_password": "Nueva contraseña de inicio de sesión",
    "old_payment_password": "Contraseña de pago anterior",
    "new_payment_password": "Nueva contraseña de pago",
    "about_p1_tail": "es un sistema de comercio cuantitativo de vanguardia impulsado por inteligencia artificial. Su característica principal es la ejecución automática de estrategias comerciales diseñadas para maximizar el rendimiento de la inversión y minimizar el riesgo. Al transformar las decisiones comerciales en algoritmos informáticos, automatiza estrategias predefinidas, haciendo que el proceso comercial sea más transparente, eficiente y altamente receptivo a los cambios del mercado.",
    "about_p2_a": "Las estrategias cuantitativas empleadas por",
    "about_p2_b": "aproveche las matemáticas modernas, las estadísticas, el aprendizaje automático y el análisis en tiempo real de las tendencias del mercado y los precios de las criptomonedas. Estas tecnologías avanzadas permiten que la plataforma formule planes comerciales altamente optimizados.",
    "about_p2_c": "Al mismo tiempo,",
    "about_p2_d": "utiliza modelos complejos para evaluar los riesgos de mercado e identificar oportunidades de inversión, reequilibrando automáticamente las carteras en función de la relación riesgo-retorno esperada. Este enfoque totalmente automatizado elimina el error humano, mejora la precisión y garantiza que el sistema pueda adaptarse rápidamente a las condiciones volátiles del mercado.",
    "about_p3_a": "En esencia,",
    "about_p3_b": "integra la inteligencia artificial con la teoría financiera moderna para ejecutar de forma autónoma estrategias de inversión, persiguiendo el doble objetivo de maximizar las ganancias y reducir el riesgo.",
    "about_p4_heading_tail": "Fuente de ingresos y seguridad financiera",
    "about_p5_tail": "opera con un modelo de negocio mutuamente beneficioso junto con sus usuarios. Todas las ganancias se generan a través de las fluctuaciones de precios en los mercados globales de criptomonedas. La naturaleza descentralizada y a prueba de manipulaciones de la tecnología blockchain garantiza un entorno de inversión abierto y transparente, ofreciendo a los usuarios una capa más sólida de protección financiera.",
    "about_p6_a": "En resumen,",
    "about_p6_b": "brinda a los usuarios un sistema de comercio inteligente diseñado para respaldar un crecimiento de riqueza constante y sostenible. Cada transacción no solo genera retornos para los usuarios sino que también genera ingresos para la plataforma, formando una estructura en la que todos ganan y respalda la estabilidad financiera a largo plazo para ambas partes.",
    "about_p7_a": "Trabajemos juntos para impulsar el desarrollo saludable de la industria blockchain. Con",
    "about_p7_b": "más personas pueden dominar con confianza y eficiencia el principio de comprar barato y vender caro a través de sistemas comerciales inteligentes impulsados ​​por inteligencia artificial.",
    "about_p8_a": "Ahora en su cuarta generación,",
    "about_p8_b": "ha evolucionado para volverse aún más potente, ofreciendo funciones mejoradas y al mismo tiempo optimizando la experiencia del usuario. Con un solo clic para \"Iniciar cuantificación\", los usuarios pueden comenzar a generar retornos en solo un minuto. Este es el futuro de la inversión inteligente.",
    "open_support_drawer": "Cajón de soporte abierto",
    "online_service": "Servicio en línea",
    "choose_support_method": "Elija su método de contacto de servicio al cliente en línea preferido",
    "customer_support": "Atención al cliente",
    "community_group": "Grupo comunitario",
    "verify_code": "Verificar código",
    "click_to_refresh": "Haga clic para actualizar",
    "request_already_processing": "Tu solicitud ya está siendo procesada",
    "credential_not_match": "Esta credencial no coincide con nuestros registros.",
    "generic_error": "Algo salió mal. Por favor inténtalo de nuevo.",
    "system_notice": "Aviso del sistema",
    "failed_to_load_notice": "No se pudo cargar el aviso",
    "no_data": "Sin datos",
    "welcome_heading": "¡Bienvenido a TOOBIT!",
    "welcome_p1": "Estamos emocionados de tenerte como parte de la comunidad TOOBIT. Como empresa de tecnología con visión de futuro a la vanguardia de la innovación, estamos aquí para ayudarlo a explorar el potencial ilimitado de la inteligencia artificial.",
    "welcome_p2": "Gracias por elegir TOOBIT, liberemos un futuro más inteligente y conectado. Si alguna vez tiene preguntas, nuestro equipo de soporte siempre está listo para ayudarlo.",
    "email_verification": "Verificar correo electrónico",
    "pending": "Pendiente",
    "withdraw_asset": "Retirar activos",
    "withdraw_deduction": "Deducción por retiro",
    "quantitative_earning": "Ganancia cuantitativa",
    "invited_friends_daily_commissions": "Invita a tus amigos a obtener las comisiones diarias correspondientes cuando recarguen:",
    "rejected": "Rechazado",
    "consent_intro": "Al continuar con una cuenta ubicada en",
    "country_name": "Reino Unido",
    "consent_agreement": "estás de acuerdo con nuestro",
    "terms_of_service": "Términos de servicio",
    "view_daily_check_in": "Ver registro diario",
    "last_price_binance_spot": "Último precio • Binance Spot",
    "high": "Alto",
    "low": "Bajo",
    "volume": "Volumen",
    "trades": "Vientos alisios",
    "core_cooperative_financial_institutions": "Instituciones financieras cooperativas básicas",
    "reward_page_title": "Recompensas por invitación",
    "tab_direct": "Directo",
    "tab_missions": "Misiones",
    "reward_task_prefix": "Completa la tarea con",
    "reward_task_middle": "miembros activos a nivel",
    "mission_invite_prefix": "Invitar",
    "mission_invite_unit": "amigos",
    "mission_invite_suffix": "registrarse",
    "mission_deposit_prefix": "Conseguir",
    "mission_deposit_middle": "depósitos totales",
    "mission_deposit_suffix": "de tu equipo",
    "unit_usdt": "USDT",
    "progress_label": "Progreso",
    "refresh_label": "Refrescar",
    "streak_title": "Racha actual: {{current}} \/ {{goal}} días",
    "streak_info": "Reclama diariamente para mantener tu racha y ganar bonificaciones. Si te saltas un día se restablecerá tu progreso.",
    "reward_small": "0,01 USDT",
    "reward_big": "1 dólar",
    "claim_button": "Reclamar recompensa diaria",
    "company_profile_title": "Perfil de la empresa",
    "company_intro_1": "TOOBIT FOR TOOBIT LTD se fundó en Londres, Reino Unido, en 2004 y se compromete a convertirse en una empresa líder en el campo del comercio inteligente basado en blockchain.",
    "company_intro_2": "TOOBIT es un sistema de comercio cuantitativo avanzado impulsado por tecnología de inteligencia artificial. Su capacidad principal radica en la ejecución automática de estrategias comerciales para maximizar el rendimiento de la inversión y minimizar el riesgo.",
    "company_intro_3": "Las estrategias comerciales de TOOBIT se basan en matemáticas modernas, estadísticas, aprendizaje automático y análisis continuo de las tendencias del mercado y los precios de los activos digitales para determinar las acciones comerciales más efectivas.",
    "company_intro_4": "Este enfoque totalmente automatizado elimina el error humano, mejora la precisión de las transacciones y garantiza una adaptación consistente a las condiciones de mercado volátiles e inciertas.",
    "company_intro_5": "En esencia, TOOBIT es un sistema de comercio cuantitativo de próxima generación que combina la inteligencia artificial con la teoría financiera moderna para implementar automáticamente estrategias destinadas a maximizar las ganancias y minimizar el riesgo.",
    "company_name_label": "Nombre de empresa:",
    "company_number_label": "Número de empresa:",
    "date_of_incorporation_label": "Fecha de Constitución:",
    "registered_office_label": "Oficina registrada:",
    "notice_title": "Secretos para el crecimiento de la riqueza",
    "notice_paragraph1": "¡No olvide reinvertir sus ingresos y aumentar su patrimonio todos los días!",
    "notice_paragraph2": "A través del interés compuesto, su dinero trabaja para usted, beneficiándose no sólo de su inversión inicial sino también de sus ganancias.",
    "notice_paragraph3": "Maximiza tu potencial y multiplica tus ingresos.",
    "notice_paragraph4": "No pierda esta oportunidad: ¡compongamos y crezcamos juntos!",
    "notice_paragraph5": "¡Únase al programa de inversión de Toobit ahora y deje que USDT genere retornos automáticamente para usted! ¡Únase a nosotros y alcancemos juntos nuevas alturas de riqueza!",
    "notice_closeButton": "Cerca"
}