{
    "account": "用户名",
    "quantify_records": "量化记录",
    "finish": "结束",
    "buy_platform": "购买平台",
    "purchase_price": "购买价格",
    "sales_platform": "销售平台",
    "selling_price": "售价",
    "service_charge": "服务费",
    "model": "模型",
    "vip_model": "贵宾模型",
    "quantitative_strategy": "量化策略",
    "popular": "受欢迎的",
    "cryptocurrency_trading": "加密货币交易",
    "no_more_data": "没有更多数据",
    "check": "查看",
    "execute_position": "执行位置",
    "wallet_account_balance": "钱包账户余额",
    "not_limited": "不限",
    "daily_interest_payment": "每日付息，到期还本",
    "share_rules": "分享规则",
    "hello": "你好",
    "register_an_account": "注册账户",
    "flexible_account": "量化账户",
    "wallet_account": "智能账户",
    "wave_field": "帮助中心",
    "chain_quant": "Chain Quant：智能量化交易平台简介及使用指南",
    "how_to_get_benefits": "如何存取款",
    "bandwidth": "公司简介：Chain Quant",
    "energy": "力量",
    "welcome_to": "欢迎来到",
    "official_telegram_channel": "官方电报频道",
    "cloud_mining_hosting": "TRONOKX提供可靠的云挖矿和质押服务，确保12天内本金返还。我们的平台提供多个VIP级别，不同的存款金额和每日提款利率，以满足不同的投资需求：",
    "cloud_mining_hosting_2": "我们很高兴向您介绍 TRONOKX，这是一个致力于提供创新的云挖矿和质押服务的尖端平台，可带来安全、可靠和有利可图的回报。我们的系统可确保在 12 天内收回本金，为您提供快速增加投资的机会，同时成为令人兴奋的可持续金融生态系统的一部分。",
    "cloud_mining_hosting_3": "在 TRONOKX，我们提供一系列 VIP 级别，旨在满足不同的投资能力。每个级别都有特定的存款范围和每日提款利率，为希望从投资中赚取每日回报的用户提供灵活的选择。以下是各个 VIP 级别的概述：",
    "the_amount_of_vip1": "VIP 1：存款范围10-1,000 TRX，每日提现9%",
    "the_amount_of_vip2": "VIP 2：存款范围1,001-2,000 TRX，每日提现10%",
    "the_amount_of_vip3": "VIP 3：存款范围2,001-10,000 TRX，每日提现13%",
    "the_amount_of_vip4": "VIP 4：充值范围10,001-50,000 TRX，每日提现15%",
    "the_amount_of_vip5": "VIP 5：充值范围50,001-200,000 TRX，每日提现17%",
    "the_amount_of_vip6": "VIP 6：充值范围200,001-300,000 TRX，每日提现20%",
    "the_amount_of_vip7": "VIP 7：存款范围 300,001-500,000 TRX，每日提现 23%",
    "the_amount_of_vip8": "VIP 8：充值范围500,001-800,000 TRX，每日提现28%",
    "the_amount_of_vip9": "VIP 9：充值范围800,001-1,500,000 TRX，每日提现35%",
    "the_amount_of_vip10": "VIP 10：充值范围1,500,001+TRX，每日提现42%",
    "the_amount_of_vip1_ann": "VIP 1：存款10至1,000 TRX，每日收益9%。",
    "the_amount_of_vip2_ann": "VIP 2：存款1,001至2,000 TRX之间，享受每日提现10%。",
    "the_amount_of_vip3_ann": "VIP 3：存款 2,001 至 10,000 TRX 有资格获得每日 13% 的提款。",
    "the_amount_of_vip4_ann": "VIP 4：投资 10,001 至 50,000 TRX 之间，每日可获得 15% 收益。",
    "the_amount_of_vip5_ann": "VIP 5：如果您存入 50,001 至 200,000 TRX，您将有资格获得 17% 的每日回报。",
    "the_amount_of_vip6_ann": "VIP 6：充值200,001至300,000 TRX，每日赚取20%。",
    "the_amount_of_vip7_ann": "VIP 6：充值200,001至300,000 TRX，每日赚取20%。",
    "the_amount_of_vip8_ann": "VIP 8：存款 500,001 至 800,000 TRX 每日可获得 28% 的回报。",
    "the_amount_of_vip9_ann": "VIP 9：大额存款800,001至1,500,000 TRX，享受每日35%提款。",
    "the_amount_of_vip10_ann": "VIP 10：最高级别，存款超过 1,500,001 TRX，每日回报率高达 42%，令人印象深刻。",
    "financial_turnaround": "我们还为那些希望快速看到回报的人提供短期财务计划，本金在短短 3 天内返还。该计划非常适合寻求更直接的财务周转的用户。",
    "periodic_financial_management": "此外，我们还提供短期财务计划，确保您在短短 3 天内收回本金投资。您还可以通过邀请朋友加入我们的平台来获得额外奖励。推荐计划分为三个层次：",
    "periodic_financial_management_ann": "除了这些特殊的投资机会之外，我们还相信社区的力量。我们的邀请奖励计划可让您通过与朋友和家人共享平台来赚取更多收入。以下是我们的分层推荐系统的运作方式：",
    "the_unit_price_of_tron": "1 级：直接推荐 13% 奖励",
    "the_unit_price_of_tron2": "2 级：二级推荐奖励 2%",
    "the_unit_price_of_tron3": "3级：三级推荐奖励1%",
    "the_unit_price_of_tron4": "TRONOKX 专为长期可持续发展而设计，提供一个只要加密货币存在就将继续蓬勃发展的平台。今天就加入我们，充满信心地开始赚钱并增加您的投资！",
    "the_unit_price_of_tron_ann": "1 级：直接推荐将使您从他们的活动中获得 13% 的奖励。",
    "the_unit_price_of_tron2_ann": "2 级：对于二级推荐，您将获得其活动的 2%。",
    "the_unit_price_of_tron3_ann": "第三级：第三级的推荐将奖励您其活动的 1%。",
    "the_unit_price_of_tron4_ann": "这种多层次的奖励系统可确保您的网络增长直接促进您的成功，从而创造收入潜力的滚雪球效应。",
    "the_unit_price_of_tron5_ann": "TRONOKX 的基础建立在长期增长之上，只要加密货币继续蓬勃发展，我们的平台就能维持其运营。我们的模型确保您今天投资的价值将在未来几年继续产生回报。通过加入 TRONOKX，您将成为致力于创造与不断发展的数字资产世界相一致的持久金融机会的社区的一员。",
    "the_unit_price_of_tron6_ann": "我们鼓励您立即开始，明智地投资，并充分利用 TRONOKX 提供的众多机会。通过云挖矿、质押和推荐计划，您有机会扩大您的财富，并成为加密货币世界的关键参与者。",
    "join_now_ann": "现在加入我们，今天就开始赚钱——数字金融的未来就在这里！",
    "received": "已收到",
    "minimum_yeild_requires": "最低数量需要至少存款",
    "share_to": "分享至",
    "transiction_records": "交易记录",
    "transfer_to_flexible_account": "转入量化账户",
    "transfer_into_flexible_account": "1、转入该账户可用于存钱赚取利息，首次投资后24小时即可手动领取收益，到期返还本金。",
    "transfer_to_wallet_account": "转账至智能账户",
    "transfer_into_wallet_account": "2. 转账至此账户可用于购买普通产品。不同的产品有不同的周期和产量。详情请参阅产品介绍。",
    "no_records": "没有记录",
    "energy_bandwidth": "Chain Quantity正式上线",
    "you_send_virtual_currency_to_the_platform": "使用您的数字钱包，您可以将虚拟货币发送到指定的购买地址，TRONOKX 负责自动资源分配。我们的平台在 TRON 网络中抵押资产来产生带宽和能源。然后这些资源被租赁给合作伙伴钱包，租金收入流回 TRONOKX，TRONOKX 将其重新分配给用户！",
    "income_has_arrived": "收入已到",
    "profit_received": "收到的利润",
    "invitation_rewards": "连锁量代理合作计划",
    "by_sharing_the_agent": "通过 Chain Quant 的全球代理计划步入人工智能驱动的金融的未来——通过智能量化交易获得长期被动收入的门户。随着人工智能交易市场的加速发展，Chain Quant 正在通过邀请营销人员、社区领袖和有远见的投资者成为我们代理网络的一部分来扩大其全球足迹。享受强大的多层奖励系统，佣金为15%-2%-1%，从交易利润和推荐增长中赚取经常性收入。每个会员都会收到一个个人推荐链接，使促销活动变得无缝且任何人都可以访问——无需任何经验。无论您是利用社交媒体、私人投资者团体还是当地社区，您都将获得高性能平台和实时自动回扣的支持。随着您的团队规模不断扩大，您的收益也会随之增加，表现最佳的员工将晋升为城市、国家或全球合作伙伴身份，获得 20% 以上的终生利润分成和独家区域福利。立即加入 Chain Quant，在智能财富创造的新时代打造您的遗产。",
    "sharing_is_polite": "分享是有礼貌的",
    "when_the_cumulative_recharge_reaches": "当您的总充值达到10 TRX或更多时，在社交平台上分享您的注册链接即可获得0.01 TRX至18.88 TRX之间的随机奖励。每个用户每天只能参与一次！",
    "time": "时间",
    "tron_is_a_distributed_operating_system": "TRON 是一个由区块链驱动的去中心化操作系统，拥有原生加密货币 TRX。它由中国企业家孙宇晨于 2017 年发起，旨在培育去中心化的数字经济。",
    "architecture_in_the_torn": "架构：在TRON网络协议中，TRX持有者享有平等的带宽、能源等资源使用权。该网络由去中心化虚拟机提供支持，该虚拟机利用全球公共节点来执行智能合约。无需交易费用，每秒可处理约2000笔交易，保证快捷高效的网络体验。",
    "goverance_tron_online_community": "治理：TRON社区通过网络投票选举27名超级代表。这些代表平均每3秒负责一次区块的生成和验证，形成一个去中心化的自治组织。他们每 6 小时重新选举一次，在管理网络提案和对 TRON 改进提案（TIP）进行投票方面发挥着至关重要的作用。",
    "advantages_usdt_has_always": "优点：USDT是最广泛认可的稳定币，Tether已在13个区块链网络上发行，其中TRON处于领先地位，占总供应量的54%以上。以太坊紧随其后，占 44%，Solana 占 2.7%，巩固了 TRON 作为 USDT 发行主要网络的地位。",
    "bandwith_all_types": "带宽：TRON网络上的每笔交易都需要带宽点。交易以字节数组的形式存储和传输，每个字节消耗一个带宽点。事务的总带宽成本由其字节大小决定。如果用户缺乏足够的带宽，则必须烧毁TRX以覆盖所需的带宽点。",
    "the_unit_price_of_the_targe": "官方的带宽消耗消耗率设定为每单位 1,000 SUN。",
    "energy_each_instruction": "能源：每个智能合约的执行都会消耗一定量的能源，具体取决于其复杂性。更复杂的合约需要更多的能量。当合约运行时，将根据每条指令计算并扣除能量。如果账户能量不足，则必须销毁 TRX 以支付所需的能量成本。",
    "the_current_offical_unit_price": "官方能源消耗燃烧率目前设定为每单位 420 SUN。",
    "smart_investment": "明智投资",
    "international_lines": "国际航线",
    "basic_investment_plan": "基本投资计划",
    "invest_in_our_basic": "投资我们的基本账户并开始赚取每日挖矿收入！首次存款后，您将自动签订 180 天的合同。一旦存入第一笔存款，合同即开始生效。",
    "key_features": "主要特点",
    "earn_daily_between": "每日赚取累计投资的 8%-36%。",
    "incomoe_is_settled": "首次存款后 24 小时即可结算收入（例如：下午 3:00 存款，第二天下午 3:00 即可获得收入）。",
    "you_must_manually": "您必须手动点击才能收取每日收入。",
    "vip_levels_benefits": "VIP 级别和福利",
    "daily_withdrawal": "每日提款",
    "how_it_works": "它是如何运作的",
    "deposit_funds": "存入资金：通过初始存款开始您的投资。",
    "earn_daily_income": "赚取每日收入：每24小时享受挖矿收入。",
    "collect_income": "收取收入：每天登录以手动收取您的收入。",
    "start_today_and_enjoy": "从今天开始，通过我们的基本投资计划享受高收益回报！",
    "our_system_will_automatically": "我们的系统将自动确定您的累计存款总额并将您升级至相应的 VIP 级别。例如：",
    "first_deposit": "首次存款",
    "second_deposit": "第二次存款",
    "total_deposit": "总存款",
    "the_system_will_automatically_upgrade": "系统会自动将您升级为VIP2，在此级别您将享受每日10%的收益，以此类推。",
    "referral_system": "推荐系统",
    "earn_rewards_by_reffering": "推荐其他人加入即可获得奖励！我们的三级推荐系统提供巨大的好处",
    "refer_level_1": "1级：被推荐人每日收入的13%",
    "refer_level_2": "2级：推荐人每日收入的2%",
    "refer_level_3": "3级：被推荐人每日收入的1%",
    "start_referring_today": "从今天开始推荐来增加您的收入！",
    "account_is_required": "需要帐号",
    "login_password": "登录密码",
    "password_is_required": "需要密码",
    "verification_code": "验证码",
    "vcode_is_required": "需要V码",
    "vcode": "电压码",
    "forgot_password": "忘记密码",
    "login": "登录",
    "register": "登记",
    "go_to_homepage": "前往主页",
    "total_balance": "量化账户",
    "home_notice": "欢迎来到 Toobit——智能资本与智能算法的邂逅。我们很高兴欢迎您来到 Toobit，这是您尖端量化赚钱的新家。无论您是经验丰富的投资者还是刚刚开始进入算法收入世界，您都刚刚加入了一个为清晰度、性能和信任而构建的平台。在 Toobit，我们不仅仅相信赚钱，我们还相信明智地赚钱。我们的专有策略由数据科学家和金融专家设计，利用算法精度的力量，让您的资本通过实时市场机会增长。每一个决定、每一个策略、每一个回报都由数据驱动，并由我们坚定不移的使命驱动：让每个人都能使用先进的赚钱工具。",
    "go_to_recharge": "前往充值",
    "telegram_customer_service": "电报客户服务",
    "dear_user": "尊敬的用户：由于您的矿机算力\/能量即将耗尽，请根据您账户资金所需的能量值快速补充{amount}TRX。您的矿机目前已暂停挖矿控制和收益\/提现。",
    "note_to_avoid": "[注意：为避免收入损失，请联系 Telegram 支持]",
    "deposit": "充值",
    "withdrawal": "提款",
    "share_friends": "邀请好友",
    "team": "团队",
    "app": "应用程序",
    "information": "消息",
    "wallet": "钱包",
    "promotion": "晋升",
    "join_to_be_a_sitename_millionaire": "加入成为 TRONRICO 百万富翁",
    "use_the_latest_mining_machines": "使用最新的矿机和Defi技术，确保所有用户获得最大的TRX收益。",
    "details": "细节",
    "platform_data_display": "平台数据展示",
    "income": "收入",
    "Income": "量化",
    "cyclical_investing": "周期投资",
    "trontin_3day_mining_machine": "TRONTIN 3天矿机",
    "trontin_9day_mining_machine": "TRON 9天流量矿机",
    "trontin_16day_traffic_mining_machine": "RONTIN 16天流量矿机",
    "trontin_45day_miner_energy": "TRONTIN 45天矿工能量",
    "trontin_18day_miner_energy": "TRON 18天矿工能量",
    "trontin_trxMining_in_46days": "TRON trx挖矿46天",
    "tron_eth_digi_2_mining": "波场 ETH 数字 2.0 挖矿",
    "torn_80days_photolvatic_mine": "tron 80天光伏矿场",
    "trontin_bnb_mining_in_65days": "65天内TRONTIN BNB挖矿",
    "view_more": "查看更多",
    "cycle": "循环",
    "day": "天",
    "instant_quotes": "即时报价",
    "profit_withdrawal": "利润提取",
    "repurchase": "回购",
    "latest_announcement": "最新公告",
    "registered_members_will_be_given": "注册会员将获得56,000TRX作为质押股权。要激活账户，最低存款额为 10TRX，最低取款额为 5TRX。收入可以提取或投资于采矿。",
    "deposit_into_the_basic_account_and_automatically_join_the_contract": "【基础投资】存入基础账户，自动加入合约180天【合约期自首次入金时生效】。基础账户每天都有挖矿收益，每天可以获得累计投资额的9%-38%。我们平台系统的结算时间为：用户首次购买的时间，24小时后。",
    "the_income_will_not_be_automatically_deposited_into_the_account": "【例如：首次购买时间为15:00，次日15:00即可获得收益】收益不会自动存入账户，需要每天点击收益；挖矿进入后，主动点击即可获得收益。",
    "accumulated_deposits_of_10-2500_trx": "累计充值10-2500 trx，自动升级VIP1，每日提现9%",
    "accumulated_deposits_of_2501-10000_trx": "累计充值2501-10000 trx，自动升级VIP2，每日提现10%",
    "accumulated_deposits_of_10001-20000_trx": "累计充值10001-20000 trx，自动升级为VIP3，每日提现11%",
    "accumulated_deposits_of_20001-50000_trx": "累计充值20001-50000 trx，自动升级为VIP4，每日提现13%",
    "accumulated_deposits_of_50001-100000_trx": "累计充值50001-100000 trx，自动升级为VIP5，每日提现15%",
    "accumulated_deposits_of_100001-200000_trx": "累计充值100001-200000 trx，自动升级为VIP6，每日提现17%",
    "accumulated_deposits_of_200001-500000_trx": "累计充值200001-500000 trx，自动升级VIP7，每日提现23%",
    "accumulated_deposits_of_500001-1000000_trx": "累计充值500001-1000000 trx，自动升级VIP8，每日提现26%",
    "accumulated_deposits_of_1000001-1600000_trx": "累计充值1000001-1600000 trx，自动升级VIP9，每日提现32%",
    "accumulated_deposits_of_1600001-9999999_trx": "累计充值1600001-9999999 trx，自动升级VIP10，每日提现38%",
    "automatically_upgrade_vip_level": "自动升级至VIP等级",
    "the_system_will_determine_your_total_accumulated_deposit": "【系统会判断您的累计充值总额，自动将您升级至相应级别】例如：首次充值500TRX，第二次充值2001TRX，【累计充值2501TRX】系统将自动升级至VIP2，您将拥有VIP2级别每日收益的10%等。",
    "previous": "以前的",
    "next": "下一个",
    "close": "关闭",
    "current_yield": "当前收益率",
    "miner_is_running": "矿机正在运行",
    "view_all": "查看全部",
    "earning_times": "定量次数",
    "singapore_time_after": "新加坡时间 之后",
    "every_day": "每天",
    "daily_rate": "每日费率",
    "receive": "收到",
    "basic_investment": "基本投资",
    "record": "记录",
    "current_level": "当前级别",
    "deposit_quantity": "存款数量",
    "invitation_reward": "邀请奖励",
    "deposit_now": "立即存款",
    "daily_income": "每日收入",
    "daily_withdrawals": "每日提款",
    "valid_period": "有效期",
    "remaining_days": "剩余天数",
    "status": "地位",
    "running": "跑步",
    "quantity": "数量",
    "amount": "数量",
    "return": "返回",
    "Return": "返回",
    "profit": "利润",
    "equity_pledge": "股权质押",
    "end": "结尾",
    "invite_your_contacts": "邀请您的联系人",
    "sign_up_and_recharge_to_get_great_rewards": "注册并充值即可获得丰厚奖励",
    "invitation_codes": "邀请码",
    "share_invitation_links_to_social_platforms": "将邀请链接分享到社交平台",
    "build_a_team_and_get_great_rewards": "组建团队并获得丰厚奖励",
    "copy_successfully": "复制成功",
    "copy_link": "复制链接",
    "app_services": "应用服务",
    "wallet_funds_conversion": "转移",
    "change_password": "安全中心",
    "notification": "通知",
    "logout": "登出",
    "my_promotion": "团队",
    "bonus": "奖金",
    "bonus_record": "佣金记录",
    "number_of_teams": "总人数",
    "valid_number_of_invites": "有效邀请",
    "team_cycle_investment_details": "团队周期投资详情",
    "total_people": "总人数",
    "contribution": "委员会",
    "invite_friends": "邀请朋友",
    "go_now": "现在就去",
    "in_progress": "进行中",
    "number_of_investments": "投资数量",
    "total_investment": "总投资",
    "subordinate_investment_amount": "附属投资金额",
    "confirm": "确认",
    "Confirm": "确认",
    "last_login_time": "最后登录时间",
    "records": "记录",
    "transfer_to_smart_account": "转账至 {{type}} 账户",
    "transfer_to_quantitative_account": "转入量化账户",
    "transfer_to_smart_account_2": "转账至智能账户",
    "address": "地址",
    "copy": "复制",
    "please_do_not_top_up_other_non_bnb_assets": "请不要充值其他非{{method}}资产。充值后，请点击",
    "submit_successfully": "充值完成",
    "submit": "提交",
    "exchange_rate": "汇率",
    "if_the_account_has_not_been_received_for_a_long_time": "如果长时间未收到账号，请点击",
    "again": "再次",
    "recharge_record": "充值记录",
    "successful": "成功的",
    "purchase": "购买",
    "Purchase": "购买",
    "transaction_record": "交易记录",
    "all": "全部",
    "recharge": "充值",
    "giveaway": "送",
    "withdrawal_failed": "提现失败",
    "promotion_account": "钱包账户",
    "basic_account": "灵活的账户",
    "amount_to_be_converted": "待转换金额",
    "withdrawable_balance": "可提取余额",
    "withdrawals_arebased_one_singapore_time_and_are_withdrawn_once_a_day": "提款以新加坡时间为准，每天提款一次",
    "choose_withdrawal_account": "选择提款账户",
    "choose": "选择",
    "digital_currency_wallet": "数字货币钱包",
    "cancel": "取消",
    "password": "密码",
    "actual_withdrawal": "实际提款",
    "withdrawal_record": "提币记录",
    "fee": "费用",
    "to_account": "记账",
    "account_security": "账户安全",
    "modify_login_password": "修改登录密码",
    "modify_payment_password": "修改支付密码",
    "transfer_to_basic_account": "转入基本账户",
    "transfer_to_promotion_account": "转账至促销账户",
    "there_are_two_investment_models_please_choose_according_to_your_needs": "有两种投资模式，请根据您的需求选择",
    "deposit_into_this_account_for_pledge_mining": "存入该账户进行质押挖矿。首次充值24小时后，您可以手动领取收益，到期返还本金",
    "recharge_to_the_promotion_account_to_purchase_periodic_mining_machines": "充值推广账户购买周期矿机，可分不同周期收取收益，到期返还本金和收益",
    "add_digital_currency_wallet": "添加数字货币钱包",
    "address_type": "地址类型",
    "wallet_address": "钱包地址",
    "start_with": "开始于",
    "digit_wallet_address": "数字钱包地址",
    "set_payment_password": "设置支付密码",
    "continue": "继续",
    "are_you_sure_sign_out": "您确定退出吗",
    "wallet_registration": "钱包注册",
    "decentralized_wallet_download_address": "去中心化钱包下载地址",
    "tutorial": "查看教程",
    "buy_currency": "购买货币",
    "common_problem": "常见问题",
    "how_to_become_a_partner_of_trontin_mining_company": "如何成为TRONRICO矿业公司的合作伙伴",
    "to_become_our_partner": "成为我们的合作伙伴，只需注册即可免费获得56,000TRX，激活后180天内可提现",
    "what_to_do_after_registration": "注册后做什么",
    "you_need_to_log_in_to_your_account": "您需要登录您的账户，挖矿功能将自动激活。为了增加您的日常收入，请存款",
    "what_are_the_minimum_deposit_and_withdrawal_amounts": "最低存款和取款金额是多少",
    "the_minimum_deposit_is_10trx": "最低存款额为10TRX，最低取款额为5TRX。",
    "how_to_withdraw_money_what_should_i_do": "如何取款，我该怎么办",
    "log_in_to_your_account": "登录您的帐户。进入“提现”页面。点击“提款”按钮。首次绑定您的TRX钱包地址并设置支付密码，然后指定提现金额并选择您的钱包地址，点击提现。",
    "what_is_level_and_how_do_i_increase_it": "什么是等级以及如何提高等级",
    "tron_marketing_uses_level_design": "TRON营销采用关卡设计。用户购买的电量越多，其等级越高。盈利能力直接取决于收购水平。如果VIP1初始用户每天收益8%，那么随着可挖矿算力的增加，收益最高的VIP10每天可以收益36%",
    "i_made_a_withdrawal_request_but_it_hasnt_arrived_in_my_wallet_yet": "我提出了提款请求，但尚未到达我的钱包",
    "all_requests_are_handled_by_a_set_of_system_automatic_modes": "所有请求均由一组系统自动模式处理。请求通常会在 1 分钟内得到处理",
    "what_payment_systems_does_this_project_have_for_deposits": "该项目有哪些存款支付系统",
    "you_can_deposit_using_a_payment_system_like_this": "您可以使用这样的支付系统存款",
    "what_payment_systems_does_this_project_have_for_withdrawals": "该项目有哪些支付系统用于提款",
    "you_can_withdraw_money_using_this_payment_system": "您可以使用此支付系统提款",
    "how_to_change_account_password": "如何更改账户密码",
    "click_the_change_password_function_on_the_my_tab_on_the_lower_right": "点击页面右下角“我的”选项卡上的“更改密码”功能。输入您的旧密码和新密码以进行更改",
    "what_if_i_forget_my_withdrawal_password": "如果我忘记提款密码怎么办",
    "please_use_the_email_address_you_reserved_when_registering_to_send_username": "请使用您注册时预留的邮箱地址发送（用户名：...'忘记提现密码'）至我们的官方邮箱：tronrico68@gmail.com",
    "what_should_i_do_if_i_need_to_change_my_wallet_address": "如果我需要更改钱包地址该怎么办",
    "please_use_the_email_address_you_reserved_when_registering_to_send": "请使用您注册时预留的邮箱地址发送（用户名和新钱包地址）至我们的官方邮箱：tronrico68@gmail.com",
    "how_to_top_up": "如何充值",
    "to_make_a_deposit_you_need_to_log_into_your_account": "要存款，您需要登录您的帐户并进入挖矿页面。在顶部，您会看到“存款”按钮。进入存款页面后，选择您要存款的货币。之后，您将获得一个钱包地址，您需要将加密货币发送到该地址。存款将在 1 分钟内到账。",
    "your_account_may_be_frozen_under_the_following_circumstances": "以下情况您的账户可能会被冻结",
    "trontin_takes_a_responsible_approach_to_protect_the_personal_data": "TRONTIN 采取负责任的方法来保护用户的个人数据和网站的安全。任何试图收集用户个人信息、黑客攻击网站代码、不当使用联属计划、通过黑客访问用户帐户、使用第三方服务人为增加合作伙伴数量以及任何侮辱网站或其用户的管理行为都可能成为暂停用户帐户的理由。",
    "I_didnt_find_the_answer_to_my_question_what_should_I_do": "我没有找到问题的答案，我该怎么办",
    "contact_online_customer_service_or_telegram_customer_service": "联系在线客服或Telegram客服",
    "how_to_deposit": "如何存款",
    "click_deposit_on_the_platform_page": "在平台页面点击“充值”",
    "choose_to_transfer_to_the_basic_account_or_promotion_account": "选择转账至基本账户或促销账户。进入后，您可以选择存入的币种。",
    "select_a_top_up_enter_to_copy_the_deposit_address": "选择充值。输入复制充值地址。",
    "open_your_crypto_wallet_select_the_corresponding_currency_and_transfer": "打开您的加密钱包，选择相应的币种，然后进行转账。",
    "paste_the_address_of_the_receiving_wallet": "粘贴接收钱包的地址。",
    "enter_the_amount_you_plan_to_deposit_into_your_account": "输入您计划存入帐户的金额。",
    "click_next_and_confirm_completion": "单击“下一步”并确认完成。",
    "return_to_the_platform_and_click_the_recharge_button_note_the_last_step": "返回平台并点击“充值”按钮。注：最后一步是返回平台，点击“充值完成”。充值完成后，将及时到账。",
    "how_to_withdraw_money": "如何取款",
    "select_the_exit_button_on_the_homepage_then_use_your_exchange_wallet": "选择主页上的退出按钮，然后使用您的交易所（钱包）找到TRC20地址，复制并绑定到平台退出，平台结算币种TRX。提现成功后，1-3分钟内到账。",
    "if_you_need_help_please_click_online_customer_service": "（如需帮助请点击在线客服）",
    "announcement": "公告",
    "my_message": "我的留言",
    "company_mining_and_revenue": "【公司挖矿及收益】",
    "registered_members_will_be_given_56000trx_as_pledged_equity": "注册会员将获得56,000TRX作为质押股权。要激活账户，最低存款额为 10TRX，最低取款额为 5TRX。收入可以提取或投资于采矿。",
    "basic_investment_deposit_into_the_basic_account_and_automatically_join_the_contract_for_180_days": "【基础投资】存入基础账户，自动加入合约180天【合约期自首次入金时生效】。基础账户每天都有挖矿收益，每天可以获得累计投资额的9%-38%。我们平台系统的结算时间为：用户首次购买的时间，24小时后。",
    "for_example_the_first_purchase_time_is_1500_and_the_income_will_be_obtained_at_1500_the_next_day": "【例如：首次购买时间为15:00，次日15:00即可获得收益】收益不会自动存入账户，需要每天点击收益；挖矿进入后，主动点击即可获得收益。",
    "accumulated_deposits_of_10_2500_trx_automatically_upgraded_to_vip1_daily_withdrawal": "累计充值10-2500 trx，自动升级为VIP1，每日提现9%。",
    "accumulated_deposits_of_2501_10000_trx_automatically_upgraded_to_vip2_10_daily_withdrawal": "累计充值2501-10000 trx，自动升级为VIP2，每日提现10%。",
    "accumulated_deposits_of_10001_20000_trx_automatically_upgraded_to_vip3_daily_withdrawal": "累计存款10001-20000 trx，自动升级为VIP3，每日提现11%。",
    "accumulated_deposits_of_20001_50000_trx_automatically_upgraded_to_vip4_daily_withdrawal": "累计存款20001-50000 trx，自动升级为VIP4，每日提现13%。",
    "accumulated_deposits_of_50001_100000_trx_automatically_upgraded_to_vip5_daily_withdrawal": "累计充值50001-100000 trx，自动升级为VIP5，每日提现15%。",
    "accumulated_deposits_of_100001_200000_trx_automatically_upgraded_to_vip6_daily_withdrawal": "累计存款100001-200000 trx，自动升级为VIP6，每日提现17%。",
    "accumulated_deposits_of_200001_500000_trx_automatically_upgraded_to_vip7_daily_withdrawal": "累计充值200001-500000 trx，自动升级为VIP7，每日提现23%。",
    "accumulated_deposits_of_500001_1000000_trx_automatically_upgraded_to_vip8_daily_withdrawal": "累计充值500001-1000000 trx，自动升级为VIP8，每日提现26%。",
    "accumulated_deposits_of_1000001_1600000_trx_automatically_upgraded_to_vip9_daily_withdrawal": "累计充值1000001-1600000 trx，自动升级为VIP9，每日提现32%。",
    "accumulated_deposits_of_1600001_9999999_trx_automatically_upgraded_to_vip10_daily_withdrawal": "累计充值1600001-9999999 trx，自动升级VIP10，每日提现38%。",
    "automatically_upgrade_vip_level_instructions": "自动升级VIP等级和指令。",
    "the_system_will-determine_your_total_accumulated_deposit": "系统将确定您的累计存款总额并自动将您升级到适当的级别。例如：首次充值500TRX，第二次充值2001TRX，【累计充值2501TRX】系统将自动升级为VIP2，您将拥有VIP2。该级别日收入为10%等。",
    "share_invitation_reward_description": "分享邀请奖励说明",
    "invite_friends_description": "通过推广链接邀请好友，立即提取13%收入。如果你推荐数百人加入Trontin，你就可以成为百万富翁。最高18%（佣金等级13%+等级2 2%+等级3 1%） 1：例如：您邀请用户A，用户A充值并投资10,000TRX，您将获得1,300TRX作为奖励。用户A邀请用户B，用户B充值投资10,000TRX，您将获得200TRX奖励。用户B再次激励用户C，用户C充值并投资10,000TRX。您将获得 100TRX 作为奖励。促销收入将直接转入您的促销账户。您可以直接提款或者购买金融产品推广平台链接获得推广收益，培养自己的团队成员，（推广可以获得一定比例的推广收益）。在您的家人和朋友、WhatsApp、Facebook群组、YouTube、Instagram、Twitter、Telegram群组或任何社交媒体平台上推广您的邀请链接（邀请链接：登录平台点击分享按钮复制链接。将链接发送给您的朋友或任何社交平台。告诉他们这是最好的投资挖矿平台，每天至少提取8%-36%的投资金额）",
    "official_platform_description": "TRONRICO矿池官方平台",
    "the_official_platform_of_trontin_mining_pool": "TRONRICO矿池官方平台，简称TRONRICO，已获得波场区块链金融中心认证。我们是波场官方合法运营商。为客户提供最稳定、安全、高效的服务！ 2020年以来，我们和波场TRON总部共打击了3000多个假冒平台。如果您遇到假冒平台，可以联系我们，我们将配合TRON总部进行打击，官方认证平台TRONRICO。",
    "trontin_msb_registration_certificate": "TRONRICO MSB注册证书",
    "tax_registration_certificate": "税务登记证",
    "TRONTIN_White_Paper": "TRONRICO 白皮书",
    "click_to_view_trontin_white_paper": "点击查看TRONRICO白皮书",
    "news_report": "通讯",
    "trontin_launches_revolutionary_cloud_mining_platform": "TRONRICO 推出革命性云挖矿平台",
    "click_to_view": "点击查看",
    "contact_us": "联系我们",
    "company_website": "公司网站",
    "company_telegram": "公司电报",
    "telegram_channel": "电报频道",
    "email": "电子邮件",
    "company_address": "8 Marina Blvd, Tower 1, Floor 31 and 32nd, 滨海湾金融中心 新加坡",
    "invite_friends_to_recharge": "邀请好友充值即可获得相应返利",
    "level": "等级",
    "rebate": "回扣",
    "price": "价格",
    "available_balance": "可用余额",
    "limit_quantity": "限制数量",
    "purchase_quantity": "购买数量",
    "daily_interest_rate": "日利率",
    "real_time": "即时的",
    "participate_in_investment": "参与投资",
    "project_rules": "项目规则",
    "repayment_method": "还款方式",
    "repay_principal_and_interest_at_maturity": "到期偿还本金和利息",
    "unit_price": "单价",
    "daily_rate_of_return": "每日回报率",
    "investment_cycle": "投资周期",
    "expected_profit": "预期利润",
    "project_introduction": "项目介绍",
    "tron_love_mining_machine": "TRON LOVE矿机周期短、收益稳定是不错的选择。日收益4.57%-4.7%，周期3天。周期结束后，将与本金以及周期内获得的收益一起直接发放到您的【促销账户】中。您可以直接提款；本平台支持TRX、ETH、BNB、DOGE、USDT（ERC20 TRC20 BEP20）投资挖矿。",
    "notice": "注意",
    "confirmation_transfer": "您确定要转入吗？",
    "home": "家",
    "invest": "投资",
    "mine": "我",
    "Account_6_16_characters_no_spaces_allowed": "帐号，6-16个字符，不允许有空格",
    "Area_code_plus_mobile_number": "区号+手机号码",
    "recommendation_code": "推荐码",
    "global_partners": "全球合作伙伴",
    "email_verification_code": "邮箱验证码",
    "otp": "一次性TP",
    "enter_a_new_password": "输入新密码",
    "wallet_found": "钱包资金",
    "need_traded": "需要交易",
    "already_traded": "已交易",
    "number_of_withdrawals": "提款次数",
    "allow_withdrawal": "允许提现",
    "yes": "是的",
    "minimum_withdrawal": "最低提款额",
    "enter_withdrawal_amount": "输入提款金额",
    "please_enter": "请输入",
    "loading": "加载中",
    "confirm_password": "确认密码",
    "original_payment_password": "原始支付密码",
    "invest_product": "明智投资",
    "purchased": "已购买",
    "total_income": "总收入",
    "principal": "主要的",
    "total_principal_and_interest": "本金和利息总额",
    "how_to_deposit_funds_on_the_ai_trading_platform": "1. 如何在AI交易平台存入资金",
    "step_1_get_your_deposit_address": "第1步：获取您的充值地址",
    "log_into_your_ai_trading_account": "登录您的AI交易账户",
    "head_to_the_deposit_page": "前往“存款”页面",
    "choose_your_cryptocurrency": "选择您的加密货币（TRC20、BEP20、BNB 或 TRX）",
    "generate_the_deposit_address_and_copy_it_to_your_clipboard": "生成充值地址并将其复制到剪贴板",
    "step_2_send_funds_from_your_wallet": "第 2 步：从您的钱包中转出资金",
    "open_your_crypto_wallet_app": "打开您的加密钱包应用程序（例如 MetaMask、Trust Wallet）",
    "select_the_correct_network": "选择正确的网络（TRC20或BEP20）",
    "paste_the_copied_deposit_address_as_the_recipient": "将复制的充值地址粘贴为收款人地址",
    "input_the_amount_you_want_to_deposit_and_confirm_the_send": "输入您要存入的金额并确认发送",
    "wait_for_confirmation_on_the_blockchain": "等待区块链上的确认（通常几分钟）",
    "step_3_confirm_your_deposit": "第 3 步：确认您的存款",
    "go_to_transaction_history_to_track_progress": "前往“交易记录”追踪进度",
    "click_complete_deposit_once_transaction_is_verified": "交易验证后点击“完成存款”",
    "if_your_deposit_doesnt_reflect_within_30_minutes_reach_out_to_support": "如果您的存款未在 30 分钟内到账，请联系支持人员",
    "how_to_withdraw_funds_from_the_ai_trading_platform": "2. 如何从AI交易平台提现",
    "step_1_choose_your_withdrawal_option": "第 1 步：选择您的提款选项",
    "log_in_and_open_the_fund_management_tab": "登录并打开“资金管理”选项卡",
    "click_withdraw_and_pick_your_preferred_network": "点击“提现”并选择您的首选网络（TRC20\/BEP20\/BNB\/TRX）",
    "step_2_fill_in_withdrawal_information": "第二步：填写提币信息",
    "enter_the_amount_you_want_to_withdraw": "输入您要提取的金额",
    "paste_your_wallet_address": "粘贴您的钱包地址（确保它与正确的网络匹配）",
    "complete_any_required_security_verification_steps": "完成所有必需的安全验证步骤",
    "step_3_final_confirmation_and_submission": "第三步：最终确认并提交",
    "double_check_all_the_details_before_submitting": "提交前仔细检查所有详细信息",
    "withdrawals_usually_process_within_30_minutes": "提款通常在 30 分钟内处理",
    "track_the_progress_under_withdrawal_records": "在“提现记录”下追踪进度",
    "important_notes": "重要提示：",
    "double_check_your_wallet_address_crypto_transfers_cant_be_undone": "❗️ 仔细检查您的钱包地址 – 加密货币转账无法撤消",
    "make_sure_to_meet_the_platforms_minimum_withdrawal_limit": "❗️确保满足平台最低提币限额",
    "delays_can_occur_due_to_high_network_traffic": "❗️ 由于网络流量高，可能会出现延迟",
    "contact_live_chat_support_anytime_if_you_face_any_issues": "❗️如果您遇到任何问题，请随时联系实时聊天支持",
    "if_you_need_more_help_our_customer_service_team_is_available_24_7_via_live_chat": "如果您需要更多帮助，我们的客户服务团队 24\/7 通过实时聊天提供服务",
    "what_is_chain_quant": "1.什么是链量化？",
    "chain_quant_description": "Chain Quant是一个人工智能驱动的量化交易平台，融合人工智能和区块链技术来分析加密货币市场趋势并执行自动化交易，使用户能够以最小的努力获得稳定的回报。",
    "core_services_of_chain_quant": "2. Chain Quant的核心服务",
    "quantitative_arbitrage_trading": "量化套利交易\n – 利用多个交易所的价格差异来产生低风险利润\n – 人工智能驱动的系统 24\/7 跟踪市场并在理想时刻执行交易",
    "ai_auto_trading": "人工智能自动交易\n – 使用趋势跟踪和网格系统等预构建策略的全自动机器人\n – 算法实时调整以限制风险并提高回报",
    "fund_security": "资金安全\n – 实现冷热钱包分离的多层加密\n – 智能合约审计提供透明且防篡改的操作",
    "instant_deposits_withdrawals": "即时存款\/取款\n – 1-3分钟内处理存款（支持TRC20\/BEP20）\n – 提款快速且自动化——无需人工审核",
    "multiple_trading_modes": "多种交易模式\n – 初学者模式：低风险、完全放手的交易\n - 专业模式：为有经验的用户提供高级工具和策略控制",
    "how_to_register_and_start_using_chain_quant": "3. 如何注册并开始使用Chain Quant？",
    "sign_up": "第 1 步：注册： \n 访问Chain Quant官方网站，点击“免费注册”，并通过电子邮件或电话验证",
    "deposit_and_activate_ai_trading": "第二步：充值并激活AI交易：\n 使用 USDT（TRC20 或 BEP20）为您的账户注资\n 存入的资金将转换为您的 Chain Quant 交易余额",
    "launch_ai_trading": "第三步：启动人工智能交易：\n 点击“量化交易”即可激活您的个人AI机器人\n 系统开始自动交易，旨在产生每日利润",
    "how_to_earn_with_chain_quant": "如何通过Chain Quant赚钱？",
    "arbitrage_profits": "– 方法一：套利利润：\n 人工智能发现价格差距（例如，在一个交易所低买，在另一交易所高卖）",
    "ai_trading_returns": "– 方式二：AI交易收益：\n 算法使用趋势数据自动低买高卖",
    "referral_rewards": "– 方法三：推荐奖励：\n 邀请其他人并从他们的交易中赚取佣金",
    "why_choose_chain_quant": "5. 为什么选择链量化？",
    "ai_automation": "✓ 24\/7 人工智能自动化 – 不错过任何交易机会",
    "military_grade_security": "✓ 军用级安全性 – 冷钱​​包和顶级加密",
    "dual_trading_modes": "✓ 双重交易模式 – 适合初学者和专业人士",
    "reliable_returns": "✓ 可靠的回报——以实时市场分析为后盾",
    "free_daily_withdrawals": "✓ 每日免费提款 – 每天享受一次免费提款",
    "start_your_journey_with_chain_quant": "立即开始您的 Chain Quant 之旅，让智能自动化为您的加密货币未来服务！",
    "chain_quant_ltd": "链量化有限公司",
    "driving_the_future_of_ai": "推动人工智能、大数据和自动化的未来",
    "at_chain_quant_we_harness": "在 Chain Quant，我们利用尖端人工智能、大数据和先进自动化的力量来加速全球数字化转型。我们的使命是为组织提供智能、可扩展的解决方案，推动业务增长并塑造更加互联、高效的未来。",
    "core_services": "核心服务",
    "ai_solutions": "人工智能解决方案 – 集成机器学习和深度学习以优化运营并最大限度地提高效率。",
    "big_data_analytics": "大数据分析——为智能决策和可持续增长提供强大的数据基础设施和可行的见解。",
    "automation_integration": "自动化集成 – 设计自定义自动化工作流程，以降低成本、消除冗余并提高生产力。",
    "strategic_industry_consulting": "战略行业咨询——提供前瞻性、技术驱动的市场情报来指导数字化转型战略。",
    "our_core_values": "我们的核心价值观",
    "innovation_driven": "创新驱动——我们挑战现状，突破技术可能的界限。",
    "client_centric": "以客户为中心——每个解决方案都是根据客户的独特需求和不断发展的目标量身定制的。",
    "integrity_accountability": "诚信和责任——透明度和信任是我们建立的每一个合作伙伴关系的基础。",
    "vision": "想象",
    "to_lead_globally_in_ai": "在人工智能和数据驱动的创新领域处于全球领先地位，使中小企业能够在数字经济中蓬勃发展，同时促进负责任的技术使用和道德转型。",
    "innovation_philosophy": "创新理念",
    "we_pioneer_the_smart_ecosystem": "我们开创了智能生态系统——一种受区块链保护的跨行业数字基础设施，可实现全球市场的无缝协作、透明度和先进智能。",
    "corporate_information": "公司信息",
    "legal_name": "法定名称",
    "company_number": "公司号码",
    "incorporation_date": "注册成立日期",
    "registered_address": "注册地址",
    "for_official_filings": "有关正式备案和验证，请参阅英国政府登记处：",
    "uk_government_registry": "英国政府登记处",
    "secure_and_fast_transactions": "24小时提现",
    "withdraw_account": "提款账户",
    "withdrawal_method": "提款方式",
    "quota": "配额1 - 650000",
    "enter_withal_address": "提现地址",
    "enter_password": "密码",
    "handling_fees": "手续费",
    "actually_received": "实际收到",
    "press_release": "新闻稿",
    "relese_date": "2024 年 2 月 3 日",
    "we_are_thrilled_to_announce": "我们很高兴正式宣布 Chain Quant 将于 2024 年 15 日正式推出！",
    "Chain_Quant_is_a_global_powerhouse": "Chain Quant 是人工智能驱动的量化交易和加密货币套利领域的全球巨头，提供闪电般快速的智能交易解决方案，最大限度地提高盈利能力并推动数字金融的发展。",
    "platform_highlights": "平台亮点",
    "seamless_multi_exchange_integration": "无缝多交易所集成 – 支持 Binance、Coinbase、Huobi 等",
    "ultra_fast_arbitrage_execution": "超快速套利执行 – 亚秒级低买\/高卖机会",
    "fully_autonomous_trading": "完全自主交易——100%人工智能驱动，无需手动输入",
    "be_among_the_first_to_experience": "成为第一批体验下一代交易的人。",
    "register_now": "立即注册并通过 Chain Quant 掌控未来——智能金融中的精度与性能的结合。",
    "chain_quantity_quantitative_investment_program": "Chain Quant量化投资计划。自动被动收入的分层 VIP 系统",
    "vip_levels_rewards": "VIP 等级和奖励",
    "vip_level_deposit_range_daily_return": "VIP级别存款范围（USDT）日收益（%）",
    "vip_1_deposit_range_daily_return": "VIP 1 $10 – $199 2.46% – 2.52%",
    "vip_2_deposit_range_daily_return": "VIP 2 $200 – $999 2.71% – 2.72%",
    "vip_3_deposit_range_daily_return": "VIP 3 1,000 美元 – 4,999 美元 2.92% – 2.98%",
    "vip_4_deposit_range_daily_return": "VIP 4 5,000 美元 – 9,999 美元 3.15% – 3.19%",
    "vip_5_deposit_range_daily_return": "VIP 5 10,000 美元 – 14,999 美元 3.36% – 3.40%",
    "vip_6_deposit_range_daily_return": "VIP 6 15,000 美元 – 29,999 美元 3.69% – 3.73%",
    "vip_7_deposit_range_daily_return": "VIP 7 30,000 美元 – 59,999 美元 3.92% – 3.97%",
    "vip_8_deposit_range_daily_return": "VIP 8 60,000 美元 – 99,999 美元 4.25% – 4.27%",
    "vip_9_deposit_range_daily_return": "VIP 9 100,000 美元 – 149,999 美元 4.54% – 4.58%",
    "vip_10_deposit_range_daily_return": "VIP 10 150,000 美元 – 200,000 美元 5.01% – 5.10%",
    "chain_quantity_operates_on_progressive_model": "Chain Quantity 采用渐进式投资模型，旨在实现可扩展性和简单性。",
    "start_with_10_usdt_activate_quantity_1": "只需 10 USDT 即可激活数量 1",
    "upgrade_to_quantity_2_by_adding_989_usdt": "添加989 USDT升级至数量2（总计：999 USDT）",
    "minimum_deposit_10_usdt": "低保证金：10 USDT",
    "minimum_withdrawal_2_usdt": "最低提款：2 USDT",
    "example_investing_1000_usdt_unlocks_vip_3": "投资1,000 USDT解锁VIP 3",
    "daily_earnings_example": "日收益 = 1,000 × 2.92% = 29.2 USDT",
    "program_highlights": "节目亮点",
    "validity_per_vip_tier": "⏳ 每个 VIP 等级 180 天有效期",
    "daily_system_reset": "🕛 每日系统重置时间为 00:00 SGT",
    "automatic_upgrades": "🔓达到下一个门槛时自动升级",
    "instant_withdrawals": "💸 即时从佣金余额中提取",
    "why_choose_chain_quantity": "为什么选择链数量？",
    "higher_tiers_offer_better_returns": "✅ 更高的层级可提供更好的回报",
    "no_lock_up_periods": "✅ 无锁定期 – 资金仍然可用",
    "real_time_profit_tracking": "✅ 通过仪表板实时跟踪利润",
    "transparent_automated_system": "✅ 100% 透明的自动化系统",
    "sustainable_passive_income_model": "通过我们的智能分层模型赚取可持续的被动收入——专为增长而构建，针对奖励进行了优化。",
    "example": "例子",
    "chain_quantity_team_rewards_program": "Chain Quantity团队奖励计划",
    "unlock_powerful_earning_potential": "通过我们结构化的多层次佣金系统和独家代理机会释放强大的收入潜力。",
    "multi_level_commission_structure": "多级佣金结构",
    "maximize_rewards_tiered_referral_program": "通过我们的分级推荐计划最大化您的奖励：",
    "level_1_direct_referrals_earn_15_percent": "1 级（直接推荐）：赚取 15% 佣金",
    "level_2_indirect_referrals_earn_2_percent": "2 级（间接推荐）：赚取 2% 佣金",
    "level_3_extended_network_earn_1_percent": "3 级（扩展网络）：赚取 1% 佣金",
    "earn_every_time_referrals_deposit_funds": "每当您的推荐人和他们的推荐人存入资金时，您都会赚取收入。",
    "global_agent_recruitment": "诚招全球代理",
    "expanding_reach_motivated_partners": "我们正在扩大我们的影响力并寻找积极主动的合作伙伴：",
    "national_agents_earn_5_percent": "全国代理：赚取5%佣金",
    "city_agents_earn_4_percent": "城市代理：赚取4%佣金",
    "regional_agents_earn_3_percent": "区域代理：赚取3%佣金",
    "build_your_network": "建立你的网络：",
    "launch_telegram_whatsapp_community": "启动您自己的 Telegram 或 WhatsApp 社区",
    "invite_official_support_team": "邀请我们的官方支持团队参与",
    "grow_team_unlock_exponential_earning": "发展您的团队并释放指数级收入机会",
    "referral_bonus_example": "推荐奖金示例",
    "member_deposit_commission_rate_earnings": "会员存款佣金 评价您的收入",
    "member_a_1000_usdt_15_percent_150_usdt": "会员A 1,000 USDT 15% 150 USDT",
    "member_b_1000_usdt_2_percent_20_usdt": "会员B 1,000 USDT 2% 20 USDT",
    "member_c_1000_usdt_1_percent_10_usdt": "会员C 1,000 USDT 1% 10 USDT",
    "earn_bonuses_team_members_deposit": "每次您的团队成员存款时，您都可以获得奖金。",
    "daily_agent_bonus_rewards": "每日代理奖金奖励",
    "top_performing_agents_rewarded_daily": "表现最好的代理将根据每日团队存款自动获得奖励：",
    "1000_usdt_60_usdt_bonus": "1,000 USDT → 60 USDT 奖金",
    "5000_usdt_188_usdt_bonus": "5,000 USDT → 188 USDT 奖金",
    "16000_usdt_388_usdt_bonus": "16,000 USDT → 388 USDT 奖金",
    "58000_usdt_1483_usdt_bonus": "58,000 USDT → 1,483 USDT 奖金",
    "100000_usdt_6450_usdt_bonus": "100,000 USDT → 6,450 USDT 奖金",
    "500000_usdt_99999_usdt_bonus": "500,000 USDT → 99,999 USDT 奖金",
    "bonuses_cumulative_instantly_withdrawable": "所有奖金均可累积并立即以 USDT 形式提取。",
    "join_today_grow_network_start_earning": "立即加入，拓展您的网络，并开始以前所未有的方式赚取收入。",
    "recharge_amount": "充值金额",
    "current_amount": "当前可用金额",
    "todays_earning": "今日收益",
    "total_revenue": "总收入",
    "invitation_rewareds": "邀请奖励",
    "more_level_comming": "更多关卡即将推出...",
    "per_day": "每天定量次数",
    "agree_with_our": "同意我们的",
    "terms_of_use": "使用条款",
    "and": "和",
    "privacy_policy": "隐私政策",
    "no_account": "没有帐户？",
    "security_password": "安全密码",
    "processing": "加工…",
    "already_have_an_account": "已经有帐户？",
    "verify_email_title": "验证邮箱",
    "enter_your_verification_code": "输入您的验证码",
    "verifying": "正在验证...",
    "verify_email": "验证邮箱",
    "check_inbox_and_spam_html": "请检查您的收件箱和文件夹中是否有验证电子邮件。",
    "total_assets": "总资产",
    "quantitative_account": "量化账户",
    "agent_corperation": "代理合作",
    "activity": "团队活动",
    "unread_messages_alert": "您的网站有未读消息，请前往查看消息内容！",
    "vip": "贵宾",
    "trial_fee": "试用费",
    "profit_assets": "利润资产",
    "todays_earnings": "今日收益",
    "quantifiable_number_of_days": "可量化的天数",
    "countdown_days": "倒计时日",
    "quantify_reset_time": "量化重置时间",
    "start_quantify": "开始量化",
    "quantification_process": "量化过程",
    "start_quantification": "开始量化...",
    "start_queuing": "开始排队...",
    "start_executing_buy_order": "开始执行买入订单...",
    "start_executing_sell_order": "开始执行卖单...",
    "start_capturing_market_prices": "开始捕捉交易市场价格...",
    "start_distributing_commissions": "开始分配佣金...",
    "operation_complete": "操作完成并结束。",
    "current_vip": "当前贵宾",
    "click_to_unlock": "点击解锁",
    "quantification_times_per_day": "每天定量次数",
    "profit_ratio": "利润率",
    "minimum_unlock_amount": "最低解锁金额",
    "recharge_unlock_message": "充值自动解锁充值{{minUnclock}}USDT",
    "quantitative_benefits": "数量效益",
    "deposit_into_basic_wallet": "存入基本钱包",
    "invest_record": "投资记录",
    "build_team_rewards": "组建团队并获得丰厚奖励",
    "my_invitation_code": "我的邀请码",
    "invite_link": "邀请链接",
    "view_the_team": "查看团队",
    "daily_commissions": "每日佣金",
    "invited_friends_recharge_rebates": "邀请好友充值即可获得相应返利：",
    "recharge_rebate": "充值返利",
    "quantify_rebate": "量化返利",
    "copy_success": "复制成功",
    "withdraw": "提取",
    "sign_out": "登出",
    "hello_username": "你好，{{用户名}}",
    "welcome_back": "欢迎回来",
    "investment_accounts": "投资账户",
    "commission_today": "今日佣金",
    "yesterdays_earnings": "昨天的收益",
    "detail": "细节",
    "transfer": "转移",
    "news": "消息",
    "security_center": "安全中心",
    "company_profile": "公司简介",
    "about_us": "关于我们",
    "twenty_four_hour_withdrawal": "48小时提现",
    "withdrawable": "可抽出式",
    "amount_to_be_processed": "待处理金额",
    "payment_method": "付款方式",
    "withdrawal_limit_range": "提币限额范围 7.00 - 99999999.00",
    "withdrawal_address": "提币地址",
    "handling_fee": "手续费",
    "receipt": "收据",
    "withdrawal_note": "提款须知",
    "withdrawal_policy_title": "提款政策 (ToobitQuant)",
    "minimum_withdrawal_amount": "最低提款金额",
    "withdrawal_fee": "提款费",
    "withdrawal_frequency": "提款频率",
    "withdrawal_frequency_desc": "每天一次，周一至周日（新加坡时间）",
    "processing_time": "处理时间",
    "processing_time_desc": "提款通常会在提交请求后 0-48 小时内得到处理，并将直接转入您的钱包。",
    "mining_machine_energy_failure": "矿机电量故障，请充值{{amount}} USDT",
    "financial": "金融的",
    "usdt": "泰达币",
    "failed_to_fetch_data": "获取数据失败。",
    "note_before_switching_accounts": "注意：切换充值账户前，请确认之前的充值已收到！",
    "quant_account_desc": "存入此账户即可获得智能量化收益",
    "investment_account_desc": "存入该账户可用于投资众筹项目",
    "recharge_address": "充值地址",
    "recharge_complete": "充值完成",
    "deposit_instruction_1": "1. 复制以上地址或扫描二维码，选择",
    "network_deposit": "网络存入资产。",
    "invite_top_up_rewards": "邀请好友首次充值即可获得以下奖励",
    "number_of_invited_people": "邀请人数",
    "invitation_rewards_label": "邀请奖励：",
    "usdt_automatic_distribution": "USDT自动分配",
    "invitee_first_recharge_needs_to_be_in": "受邀者首次充值需在",
    "above": "多于",
    "tiered_rewards_intro": "邀请一定数量的人，获得分级奖励：",
    "count": "数数",
    "award": "奖",
    "unlimited": "无限",
    "auto": "汽车",
    "claimed": "声称",
    "remaining": "其余的",
    "failed_to_load_invite_rewards": "邀请奖励加载失败。",
    "reward_claimed_successfully": "奖励领取成功。",
    "unable_to_claim_reward": "无法领取奖励。请再试一次。",
    "agent_cooperation": "代理合作",
    "global_recruitment_title": "全球招聘全职员工职位信息：",
    "positions_available_subtitle": "市场部 6 个职位空缺",
    "job_description_promotion_title": "职位描述和晋升标准：",
    "job_description_promotion_body": "市场部根据1级、2级充值成功用户总数，公开招聘以下6个职位，职位如下：",
    "salary_tiers_intro": "每个职位都有不同的薪资等级。职位越高，工资越高。详情如下：",
    "position": "位置",
    "level_1": "1级",
    "level_1_plus": "1级以上",
    "level_2": "2级",
    "weekly": "每周",
    "salary": "薪水",
    "growth_catalyst": "成长催化剂",
    "brand_architect": "品牌架构师",
    "engagement_guru": "教师参与度",
    "visionary_strategist": "高瞻远瞩的战略家",
    "innovation_leader": "创新领袖",
    "territory_commander": "领地指挥官",
    "meet_requirements_contact_manager": "符合岗位要求的用户，请联系项目经理核实。",
    "salary_payment_method_timing": "工资支付方式及时间：",
    "salary_distribution_detail": "工资将于每周一下午 6 点后发放至 ToobitQuant 钱包账户。",
    "additional_rewards_title": "全职员工的额外奖励：",
    "additional_rewards_body": "一旦员工成为永久会员，他们还将获得团队每周存款总额的一定比例作为额外奖励。奖励结构如下：",
    "total_weekly_deposits_usdt": "每周存款总额（USDT）",
    "reward_percentage": "奖励比例",
    "commission": "委员会",
    "commission_records": "佣金记录",
    "valid_invitation_people_number": "有效邀请人数",
    "team_report": "团队报告",
    "team_total_recharge": "团队总充值：",
    "team_total_withdrawal": "团队总提款：",
    "level_3": "3级",
    "total_valid_label": "总计\/有效：",
    "get_commission_label": "获取佣金：",
    "now_go": "现在去",
    "brand_name": "托比特",
    "press_release_date": "2025 年 6 月 25 日",
    "launch_announcement_prefix": "我们很高兴地宣布推出",
    "launch_announcement_suffix": "，一个革命性的人工智能驱动平台，现已于 2025 年 9 月 5 日上线。",
    "platform_description": "TOOBIT 旨在提升数字资产交易的未来，将人工智能的力量与闪电般的执行力相结合。我们的平台专为下一代投资者打造，提供精确驱动的工具来优化加密货币套利和量化交易策略，确保您的投资组合在当今竞争激烈的市场中蓬勃发展。",
    "key_features_title": "Toobit 的主要特点：",
    "feature_multi_exchange_title": "• 无缝多交易所集成",
    "feature_multi_exchange_desc": "轻松连接币安、Coinbase、Kraken 等领先平台，实现跨交易所高效交易。",
    "feature_realtime_arbitrage_title": "• 实时套利检测",
    "feature_realtime_arbitrage_desc": "凭借毫秒级的响应能力，Toobit 可以识别并利用出现的盈利机会，确保您保持领先地位。",
    "feature_ai_autonomous_title": "• AI 优化、完全自主",
    "feature_ai_autonomous_desc": "我们的平台由尖端人工智能提供支持，可实现自动化、数据驱动的策略，无需手动输入，因此您可以坐下来看着您的投资组合不断增长。",
    "platform_mission": "Toobit 致力于重塑数字资产格局，让您能够更智能、更快速、更高效地进行交易。无论您是经验丰富的交易者还是刚刚起步的交易者，Toobit 都开启了实现回报最大化的新领域。",
    "platform_future_line": "步入交易的未来——创新与精确的结合。",
    "agent_program_heading": "QUANT 代理合作计划",
    "agent_program_headline_prefix": "步入人工智能驱动金融的未来",
    "agent_program_headline_suffix": "全球代理计划",
    "agent_program_welcome": "欢迎来到智能财富创造的下一个时代。 TOOBIT 很自豪地推出其全球代理计划 - 这是一个通过利用人工智能驱动的量化交易的力量来赚取长期被动收入的独特机会。",
    "agent_program_revolution": "随着数字金融革命势头强劲，Toobit 邀请营销人员、社区领袖和投资者参与塑造去中心化金融的未来。我们的代理网络专为可扩展性、灵活性和盈利能力而构建，提供一种令人兴奋的方式来增加您的收入，同时帮助其他人在数字经济中蓬勃发展。",
    "agent_program_highlights": "节目亮点：",
    "agent_program_income": "• 多层次收入潜力- 根据您的网络活动赚取回扣，随着您的社区的扩展创造经常性收入流。您的推荐链接可以轻松推广，无需任何经验。",
    "agent_program_tools": "• 全面的支持和工具- 访问尖端的平台功能、实时返利和人工智能驱动的交易自动化，使促销活动无缝且回报丰厚。",
    "agent_program_growth": "• 增长驱动的机会 - 通过级别（城市、国家、全球合作伙伴）取得进展并解锁独家奖励，包括 20% 以上的终身利润分享以及顶级代理商的特殊区域特权。",
    "agent_program_closing": "无论您是通过社交媒体、投资者网络还是当地社区参与进来，Toobit 都会确保您的努力得到回报。今天就开始构建您的未来，加入我们，引领智能金融世界的潮流。交易的未来就在这里。 Toobit 邀请您参与其中。",
    "company_name_legal": "托比特人工智能有限公司",
    "cp_p1_rest": "2025年成立于英国伦敦，致力于成为基于区块链的智能交易领域的领先企业。",
    "cp_p2_rest": "是一种由人工智能技术驱动的先进量化交易系统。其核心能力在于自动执行交易策略，以最大化投资回报，同时最小化风险。具体来说，TOOBIT 将投资决策转化为可执行的计算机算法，实现透明、高效、快速的交易操作，无缝适应实时市场波动。",
    "cp_p3_suffix": "的交易策略基于现代数学、统计学、机器学习，以及对市场趋势和数字资产价格的持续分析，以确定最有效的交易行为。通过复杂的算法和建模，系统评估市场风险和投资机会，自动优化投资组合配置，以应对不断变化的风险和回报预期。",
    "cp_p4": "这种完全自动化的方法消除了人为错误，提高了交易准确性，并确保始终适应不稳定和不确定的市场条件。",
    "cp_p5_prefix": "本质上，",
    "cp_p5_suffix": "是下一代量化交易系统，它将人工智能与现代金融理论相结合，自动执行旨在实现利润最大化和风险最小化的策略。",
    "label_company_name": "公司名称",
    "label_company_number": "公司号码",
    "label_incorporation_date": "成立日期",
    "label_registered_capital": "注册资本",
    "label_email": "电子邮件",
    "label_phone": "电话",
    "label_registered_office": "注册办事处",
    "company_number_value": "16289541",
    "incorporation_date_value": "2025 年 3 月 4 日",
    "registered_capital_value": "100,000,000 英镑",
    "email_value": "TOOBITquant.ai@gmail.com",
    "phone_value": "+44 7742 043280",
    "registered_office_value": "32 伦敦桥街, 伦敦, 英国 SE1 9SG",
    "platform_bonus": "平台奖金",
    "failed_to_load_notices": "通知加载失败",
    "welcome_title": "欢迎来到 TOOBIT：共同解锁智能未来",
    "withdraw_success": "提现成功",
    "deposit_success": "存款成功",
    "income_received": "收到的收入",
    "product": "产品",
    "project_rule": "项目规则",
    "repayment": "还款",
    "maturity_principal_interest": "到期本金和利息",
    "daily_return": "每日回报",
    "invest_cycle": "投资周期",
    "estimated_revenue": "预计收入",
    "balance_not_enough_recharge": "余额不足，请充值{{amount}} USDT",
    "ok": "好的",
    "transfer_amount": "转账金额",
    "old_login_password": "旧登录密码",
    "new_login_password": "新登录密码",
    "old_payment_password": "旧支付密码",
    "new_payment_password": "新支付密码",
    "about_p1_tail": "是一款由人工智能驱动的尖端量化交易系统。其核心功能是自动执行交易策略，旨在最大化投资回报，同时最小化风险。通过将交易决策转化为计算机算法，它可以自动执行预定义的策略，使交易过程更加透明、高效，并对市场变化做出高度响应。",
    "about_p2_a": "所采用的量化策略",
    "about_p2_b": "利用现代数学、统计学、机器学习以及对市场趋势和加密货币价格的实时分析。这些先进技术使平台能够制定高度优化的交易计划。",
    "about_p2_c": "同时，",
    "about_p2_d": "利用复杂的模型来评估市场风险并识别投资机会，根据预期风险回报率自动重新平衡投资组合。这种完全自动化的方法消除了人为错误，提高了准确性，并确保系统能够快速适应不稳定的市场条件。",
    "about_p3_a": "本质上，",
    "about_p3_b": "将人工智能与现代金融理论相结合，自主执行投资策略——追求利润最大化和降低风险的双重目标。",
    "about_p4_heading_tail": "收入来源和财务安全",
    "about_p5_tail": "与其用户一起以互惠互利的商业模式运营。所有利润都是通过全球加密货币市场的价格波动产生的。区块链技术的去中心化、不可篡改的特性保证了开放、透明的投资环境，为用户提供了更强有力的财务保障。",
    "about_p6_a": "总之，",
    "about_p6_b": "为用户提供智能交易系统，旨在支持持续、可持续的财富增长。每笔交易不仅为用户带来回报，也为平台带来收入，形成双赢的结构，支持双方长期的财务稳定。",
    "about_p7_a": "让我们共同努力，推动区块链行业健康发展。和",
    "about_p7_b": "更多的人可以通过人工智能驱动的智能交易系统自信、高效地掌握低买高卖的原则。",
    "about_p8_a": "现在已经是第四代了，",
    "about_p8_b": "已经发展得更加强大——提供增强的功能，同时简化用户体验。只需单击“开始量化”，用户即可在一分钟内开始产生回报。这就是智能投资的未来。",
    "open_support_drawer": "打开支撑抽屉",
    "online_service": "在线服务",
    "choose_support_method": "选择您首选的在线客服联系方式",
    "customer_support": "客户支持",
    "community_group": "社区团体",
    "verify_code": "验证码",
    "click_to_refresh": "点击刷新",
    "request_already_processing": "您的请求已在处理中",
    "credential_not_match": "该凭证与我们的记录不符",
    "generic_error": "出了点问题。请再试一次。",
    "system_notice": "系统通知",
    "failed_to_load_notice": "通知加载失败",
    "no_data": "无数据",
    "welcome_heading": "欢迎来到TOOBIT！",
    "welcome_p1": "我们很高兴您成为 TOOBIT 社区的一员。作为一家处于创新前沿的前瞻性科技公司，我们致力于帮助您探索人工智能的无限潜力。",
    "welcome_p2": "感谢您选择 TOOBIT，让我们开启更智能、更互联的未来。如果您有任何疑问，我们的支持团队随时准备为您提供帮助。",
    "email_verification": "邮箱验证",
    "pending": "待办的",
    "withdraw_asset": "提取资产",
    "withdraw_deduction": "提款扣除",
    "quantitative_earning": "量化收益",
    "invited_friends_daily_commissions": "邀请好友充值即可获得相应每日佣金：",
    "rejected": "被拒绝",
    "consent_intro": "通过继续使用位于",
    "country_name": "英国",
    "consent_agreement": "您同意我们的",
    "terms_of_service": "服务条款",
    "view_daily_check_in": "查看每日签到",
    "last_price_binance_spot": "最后价格 • 币安现货",
    "high": "高的",
    "low": "低的",
    "volume": "体积",
    "trades": "交易",
    "core_cooperative_financial_institutions": "核心合作金融机构",
    "reward_page_title": "邀请奖励",
    "tab_direct": "直接的",
    "tab_missions": "使命",
    "reward_task_prefix": "完成任务",
    "reward_task_middle": "级别活跃成员",
    "mission_invite_prefix": "邀请",
    "mission_invite_unit": "朋友们",
    "mission_invite_suffix": "注册",
    "mission_deposit_prefix": "得到",
    "mission_deposit_middle": "存款总额",
    "mission_deposit_suffix": "来自你的团队",
    "unit_usdt": "泰达币",
    "progress_label": "进步",
    "refresh_label": "刷新",
    "streak_title": "当前连胜：{{当前}} \/ {{目标}} 天",
    "streak_info": "每天领取以维持您的连胜并赚取奖金。错过一天将会重置您的进度。",
    "reward_small": "0.01 美元",
    "reward_big": "1 美元",
    "claim_button": "领取每日奖励",
    "company_profile_title": "公司简介",
    "company_intro_1": "TOOBIT FOR TOOBIT LTD于2004年成立于英国伦敦，致力于成为基于区块链的智能交易领域的领先企业。",
    "company_intro_2": "TOOBIT 是一款由人工智能技术驱动的先进量化交易系统。其核心能力在于自动执行交易策略，以最大化投资回报，同时最小化风险。",
    "company_intro_3": "TOOBIT 的交易策略基于现代数学、统计学、机器学习以及对市场趋势和数字资产价格的持续分析，以确定最有效的交易行动。",
    "company_intro_4": "这种完全自动化的方法消除了人为错误，提高了交易准确性，并确保始终适应不稳定和不确定的市场条件。",
    "company_intro_5": "从本质上讲，TOOBIT是下一代量化交易系统，它将人工智能与现代金融理论相结合，自动执行旨在实现利润最大化和风险最小化的策略。",
    "company_name_label": "公司名称：",
    "company_number_label": "公司编号：",
    "date_of_incorporation_label": "成立日期：",
    "registered_office_label": "注册办事处：",
    "notice_title": "财富增长的秘密",
    "notice_paragraph1": "不要忘记将您的收入进行再投资并每天增加您的财富！",
    "notice_paragraph2": "通过复利，您的钱可以为您服务——不仅从您的初始投资中获利，还从您的利润中获利。",
    "notice_paragraph3": "最大限度地发挥您的潜力并增加您的收入。",
    "notice_paragraph4": "不要错过这个机会——让我们共同复合、共同成长！",
    "notice_paragraph5": "立即加入Toobit投资计划，让USDT自动为您产生收益！加入我们，共同迈向财富新高度！",
    "notice_closeButton": "关闭"
}