{
    "account": "Nom d'utilisateur",
    "quantify_records": "Quantifier les enregistrements",
    "finish": "Finition",
    "buy_platform": "Acheter la plateforme",
    "purchase_price": "Prix ​​d'achat",
    "sales_platform": "Plateforme de vente",
    "selling_price": "Prix ​​de vente",
    "service_charge": "Frais de service",
    "model": "Modèle",
    "vip_model": "MODÈLE VIP",
    "quantitative_strategy": "Stratégie quantitative",
    "popular": "Populaire",
    "cryptocurrency_trading": "trading de crypto-monnaie",
    "no_more_data": "Plus de données",
    "check": "Vérifier",
    "execute_position": "Exécuter la position",
    "wallet_account_balance": "Solde du compte Wallet",
    "not_limited": "Non limité",
    "daily_interest_payment": "Paiement quotidien des intérêts, remboursement du capital à l'échéance",
    "share_rules": "Règles de partage",
    "hello": "Bonjour",
    "register_an_account": "Créer un compte",
    "flexible_account": "Compte quantitatif",
    "wallet_account": "Compte intelligent",
    "wave_field": "Centre d'aide",
    "chain_quant": "Chain Quant : Introduction et guide de l'utilisateur pour la plateforme de trading quantitatif intelligente",
    "how_to_get_benefits": "Comment déposer et retirer des fonds",
    "bandwidth": "Présentation de l'entreprise : Chaîne Quant",
    "energy": "Pouvoir",
    "welcome_to": "Bienvenue à",
    "official_telegram_channel": "Chaîne de télégramme officielle",
    "cloud_mining_hosting": "TRONOKX propose des services fiables de cloud mining et de jalonnement, garantissant des retours sur le capital dans les 12 jours. Notre plateforme propose plusieurs niveaux VIP avec des montants de dépôt et des taux de retrait quotidiens variables pour répondre à différents besoins d'investissement :",
    "cloud_mining_hosting_2": "Nous sommes heureux de vous présenter TRONOKX, une plateforme de pointe dédiée à la fourniture de services innovants de cloud mining et de jalonnement qui offrent des rendements sécurisés, fiables et rentables. Notre système garantit un rendement du capital dans les 12 jours, vous offrant la possibilité de faire croître votre investissement rapidement tout en faisant partie d'un écosystème financier passionnant et durable.",
    "cloud_mining_hosting_3": "Chez TRONOKX, nous proposons une gamme de niveaux VIP conçus pour répondre à différentes capacités d'investissement. Chaque niveau comporte des plages de dépôt et des taux de retrait quotidiens spécifiques, offrant des options flexibles aux utilisateurs cherchant à obtenir un rendement quotidien de leurs investissements. Voici un aperçu des différents niveaux VIP :",
    "the_amount_of_vip1": "VIP 1 : gamme de dépôt de 10 à 1 000 TRX, retrait de 9 % par jour",
    "the_amount_of_vip2": "VIP 2 : gamme de dépôt de 1 001 à 2 000 TRX, retrait de 10 % par jour",
    "the_amount_of_vip3": "VIP 3 : gamme de dépôt de 2 001 à 10 000 TRX, retrait de 13 % par jour",
    "the_amount_of_vip4": "VIP 4 : gamme de dépôt de 10 001 à 50 000 TRX, retrait de 15 % par jour",
    "the_amount_of_vip5": "VIP 5 : gamme de dépôt de 50 001 à 200 000 TRX, retrait de 17 % par jour",
    "the_amount_of_vip6": "VIP 6 : gamme de dépôt de 200 001 à 300 000 TRX, retrait de 20 % quotidiennement",
    "the_amount_of_vip7": "VIP 7 : gamme de dépôt de 300 001 à 500 000 TRX, retrait de 23 % quotidiennement",
    "the_amount_of_vip8": "VIP 8 : gamme de dépôt de 500 001 à 800 000 TRX, retrait de 28 % quotidiennement",
    "the_amount_of_vip9": "VIP 9 : gamme de dépôt de 800 001 à 1 500 000 TRX, retrait de 35 % par jour",
    "the_amount_of_vip10": "VIP 10 : gamme de dépôt 1 500 001+ TRX, retrait 42 % quotidiennement",
    "the_amount_of_vip1_ann": "VIP 1 : Pour les dépôts compris entre 10 et 1 000 TRX, obtenez un rendement quotidien de 9 %.",
    "the_amount_of_vip2_ann": "VIP 2 : Pour les dépôts compris entre 1 001 et 2 000 TRX, bénéficiez d'un retrait quotidien de 10 %.",
    "the_amount_of_vip3_ann": "VIP 3 : Les dépôts de 2 001 à 10 000 TRX donnent droit à un retrait quotidien de 13 %.",
    "the_amount_of_vip4_ann": "VIP 4 : Pour les investissements compris entre 10 001 et 50 000 TRX, recevez 15 % quotidiennement.",
    "the_amount_of_vip5_ann": "VIP 5 : Si vous déposez entre 50 001 et 200 000 TRX, vous aurez droit à un rendement quotidien de 17 %.",
    "the_amount_of_vip6_ann": "VIP 6 : Les dépôts de 200 001 à 300 000 TRX rapporteront 20 % quotidiennement.",
    "the_amount_of_vip7_ann": "VIP 6 : Les dépôts de 200 001 à 300 000 TRX rapporteront 20 % quotidiennement.",
    "the_amount_of_vip8_ann": "VIP 8 : Les dépôts de 500 001 à 800 000 TRX reçoivent un rendement quotidien de 28 %.",
    "the_amount_of_vip9_ann": "VIP 9 : Pour les dépôts plus importants de 800 001 à 1 500 000 TRX, profitez d'un retrait quotidien de 35 %.",
    "the_amount_of_vip10_ann": "VIP 10 : Le niveau le plus élevé, pour les dépôts supérieurs à 1 500 001 TRX, offre un rendement quotidien impressionnant de 42 %.",
    "financial_turnaround": "Nous proposons également un plan financier à court terme pour ceux qui cherchent à obtenir des rendements rapides, le capital étant restitué en seulement 3 jours. Ce plan est idéal pour les utilisateurs recherchant un redressement financier plus immédiat.",
    "periodic_financial_management": "De plus, nous proposons un plan financier à court terme qui garantit le retour de votre investissement principal en seulement 3 jours. Vous pouvez également gagner des récompenses supplémentaires en invitant des amis à rejoindre notre plateforme. Le programme de parrainage est structuré sur trois niveaux :",
    "periodic_financial_management_ann": "En plus de ces opportunités d'investissement exceptionnelles, nous croyons au pouvoir de la communauté. Notre programme de récompenses sur invitation vous permet de gagner encore plus en partageant la plateforme avec vos amis et votre famille. Voici comment fonctionne notre système de parrainage à plusieurs niveaux :",
    "the_unit_price_of_tron": "Niveau 1 : 13 % de récompense pour les références directes",
    "the_unit_price_of_tron2": "Niveau 2 : 2 % de récompense pour les références de deuxième niveau",
    "the_unit_price_of_tron3": "Niveau 3 : 1 % de récompense pour les références de troisième niveau",
    "the_unit_price_of_tron4": "TRONOKX est conçu pour une durabilité à long terme, offrant une plate-forme qui continuera à prospérer aussi longtemps que la crypto-monnaie existera. Rejoignez-nous dès aujourd'hui pour commencer à gagner et faire croître votre investissement en toute confiance !",
    "the_unit_price_of_tron_ann": "Niveau 1 : les références directes vous rapporteront une récompense de 13 % sur leurs activités.",
    "the_unit_price_of_tron2_ann": "Niveau 2 : Pour les filleuls de deuxième niveau, vous recevrez 2% de leurs activités.",
    "the_unit_price_of_tron3_ann": "Niveau 3 : Les filleuls du troisième niveau vous récompenseront avec 1% de leurs activités.",
    "the_unit_price_of_tron4_ann": "Ce système de récompense à plusieurs niveaux garantit que la croissance de votre réseau contribue directement à votre réussite, créant un effet boule de neige de potentiel de gains.",
    "the_unit_price_of_tron5_ann": "Les fondations de TRONOKX reposent sur une croissance à long terme et notre plateforme est conçue pour soutenir ses opérations aussi longtemps que la cryptomonnaie continue de prospérer. Notre modèle garantit que la valeur que vous investissez aujourd’hui continuera à générer des rendements dans les années à venir. En rejoignant TRONOKX, vous faites partie d'une communauté engagée à créer des opportunités financières durables qui s'alignent sur le monde en évolution des actifs numériques.",
    "the_unit_price_of_tron6_ann": "Nous vous encourageons à commencer dès maintenant, à investir judicieusement et à profiter pleinement des nombreuses opportunités offertes par TRONOKX. Grâce aux programmes de cloud mining, de jalonnement et de parrainage, vous avez la possibilité d'amplifier votre richesse et de devenir un acteur clé dans le monde de la crypto-monnaie.",
    "join_now_ann": "Rejoignez-nous maintenant et commencez à gagner dès aujourd'hui : l'avenir de la finance numérique est là !",
    "received": "Reçu",
    "minimum_yeild_requires": "Le montant minimum nécessite au moins un dépôt",
    "share_to": "Partager sur",
    "transiction_records": "Enregistrements des transactions",
    "transfer_to_flexible_account": "Transfert vers un compte quantitatif",
    "transfer_into_flexible_account": "1. Le transfert sur ce compte peut être utilisé pour déposer de l'argent afin de gagner des intérêts, et vous pouvez recevoir manuellement le revenu 24 heures après le premier investissement et restituer le capital à son expiration.",
    "transfer_to_wallet_account": "Transfert vers un compte Smart",
    "transfer_into_wallet_account": "2. Le transfert vers ce compte peut être utilisé pour acheter des produits réguliers. Différents produits ont des cycles et des rendements différents. Pour plus de détails, veuillez vous référer à l'introduction du produit.",
    "no_records": "Aucun enregistrement",
    "energy_bandwidth": "Chain Quantity est officiellement lancé",
    "you_send_virtual_currency_to_the_platform": "À l'aide de votre portefeuille numérique, vous envoyez de la monnaie virtuelle à l'adresse d'achat spécifiée et TRONOKX s'occupe de la distribution automatique des ressources. Notre plateforme met en jeu des actifs au sein du réseau TRON pour générer de la bande passante et de l'énergie. Ces ressources sont ensuite louées aux portefeuilles partenaires, et les revenus locatifs reviennent à TRONOKX, qui les redistribue aux utilisateurs !",
    "income_has_arrived": "le revenu est arrivé",
    "profit_received": "bénéfice reçu",
    "invitation_rewards": "Programme de partenariat avec les agents de quantité en chaîne",
    "by_sharing_the_agent": "Entrez dans l’avenir de la finance basée sur l’IA avec le programme d’agent mondial de Chain Quant, votre passerelle vers un revenu passif à long terme grâce au trading quantitatif intelligent. À mesure que le marché du trading de l'IA s'accélère, Chain Quant étend sa présence mondiale en invitant les spécialistes du marketing, les dirigeants de la communauté et les investisseurs avant-gardistes à faire partie de notre réseau d'agents. Profitez d'un puissant système de récompenses à plusieurs niveaux avec des commissions de 15 % à 2 % à 1 %, générant des revenus récurrents provenant à la fois des bénéfices commerciaux et de la croissance des références. Chaque membre reçoit un lien de parrainage personnel, ce qui rend la promotion transparente et accessible à tous, aucune expérience n'est requise. Que vous utilisiez les médias sociaux, des groupes d'investisseurs privés ou des communautés locales, vous bénéficierez du soutien d'une plateforme performante et de remises automatiques en temps réel. À mesure que votre équipe évolue, vos avantages évoluent également, les plus performants accédant au statut de partenaire municipal, national ou mondial, débloquant plus de 20 % de parts de bénéfices à vie et des avantages régionaux exclusifs. Rejoignez Chain Quant aujourd'hui et construisez votre héritage dans la nouvelle ère de création de richesse intelligente.",
    "sharing_is_polite": "Le partage est poli",
    "when_the_cumulative_recharge_reaches": "Lorsque votre recharge totale atteint 10 TRX ou plus, partagez votre lien d'inscription sur les plateformes sociales pour recevoir une récompense aléatoire comprise entre 0,01 TRX et 18,88 TRX. Chaque utilisateur peut participer une fois par jour !",
    "time": "temps",
    "tron_is_a_distributed_operating_system": "TRON est un système d'exploitation décentralisé alimenté par une blockchain avec sa crypto-monnaie native, TRX. Lancé en 2017 par l'entrepreneur chinois Justin Sun, il vise à favoriser une économie numérique décentralisée.",
    "architecture_in_the_torn": "Architecture : au sein du protocole réseau TRON, les détenteurs de TRX bénéficient d'un accès égal aux ressources telles que la bande passante et l'énergie. Le réseau est alimenté par une machine virtuelle décentralisée qui exploite des nœuds publics du monde entier pour exécuter des contrats intelligents. Sans frais de transaction et avec la capacité de gérer environ 2 000 transactions par seconde, il garantit une expérience réseau rapide et efficace.",
    "goverance_tron_online_community": "Gouvernance : la communauté TRON élit 27 super représentants par vote en ligne. Ces représentants sont responsables de la génération et de la vérification des blocs toutes les 3 secondes en moyenne, formant une organisation autonome décentralisée. Ils sont réélus toutes les 6 heures et jouent un rôle crucial dans la gestion des propositions de réseau et dans le vote sur les propositions d'amélioration du TRON (TIP).",
    "advantages_usdt_has_always": "Avantages : L'USDT est le stablecoin le plus largement reconnu, et Tether l'a émis sur 13 réseaux blockchain, TRON en tête, représentant plus de 54 % de l'offre totale. Ethereum suit avec 44 % et Solana représente 2,7 %, consolidant ainsi TRON en tant que réseau principal pour l'émission de l'USDT.",
    "bandwith_all_types": "Bande passante : Chaque transaction sur le réseau TRON nécessite des points de bande passante. Les transactions sont stockées et transmises sous forme de tableaux d'octets, chaque octet consommant un point de bande passante. Le coût total de la bande passante d'une transaction est déterminé par sa taille en octets. Si un utilisateur ne dispose pas d'une bande passante suffisante, TRX doit être gravé pour couvrir les points de bande passante requis.",
    "the_unit_price_of_the_targe": "Le taux de consommation officiel de bande passante est fixé à 1 000 SUN par unité.",
    "energy_each_instruction": "Énergie : chaque exécution de contrat intelligent consomme une quantité spécifique d'énergie, en fonction de sa complexité. Les contrats plus complexes nécessitent plus d’énergie. Au fur et à mesure de l'exécution du contrat, l'énergie est calculée et déduite par instruction. Si un compte manque d'énergie, TRX doit être brûlé pour couvrir les coûts énergétiques requis.",
    "the_current_offical_unit_price": "Le taux de combustion officiel pour la consommation d'énergie est actuellement fixé à 420 SUN par unité.",
    "smart_investment": "Investissement intelligent",
    "international_lines": "Lignes internationales",
    "basic_investment_plan": "Plan d'investissement de base",
    "invest_in_our_basic": "Investissez dans notre compte de base et commencez à gagner un revenu minier quotidien ! Lors de votre premier dépôt, vous conclurez automatiquement un contrat de 180 jours. Le contrat débute dès le premier dépôt effectué.",
    "key_features": "Principales fonctionnalités",
    "earn_daily_between": "Gagnez quotidiennement entre 8 % et 36 % de votre investissement cumulé.",
    "incomoe_is_settled": "Les revenus sont réglés 24 heures après votre premier dépôt (Exemple : Dépôt à 15h00, revenus disponibles à 15h00 le lendemain).",
    "you_must_manually": "Vous devez cliquer manuellement pour collecter le revenu quotidien.",
    "vip_levels_benefits": "Niveaux et avantages VIP",
    "daily_withdrawal": "retrait quotidien",
    "how_it_works": "Comment ça marche",
    "deposit_funds": "Déposer des fonds : commencez votre investissement en effectuant un dépôt initial.",
    "earn_daily_income": "Gagnez un revenu quotidien : profitez de revenus miniers toutes les 24 heures.",
    "collect_income": "Collecter des revenus : connectez-vous quotidiennement pour collecter manuellement vos revenus.",
    "start_today_and_enjoy": "Commencez dès aujourd’hui et profitez de rendements élevés grâce à notre plan d’investissement de base !",
    "our_system_will_automatically": "Notre système déterminera automatiquement le total de vos dépôts accumulés et vous surclassera au niveau VIP approprié. Par exemple:",
    "first_deposit": "Premier dépôt",
    "second_deposit": "Deuxième dépôt",
    "total_deposit": "Dépôt total",
    "the_system_will_automatically_upgrade": "Le système vous mettra automatiquement à niveau vers VIP2, et vous bénéficierez d'un revenu quotidien de 10 % à ce niveau, et ainsi de suite.",
    "referral_system": "Système de référence",
    "earn_rewards_by_reffering": "Gagnez des récompenses en recommandant à d'autres de nous rejoindre ! Notre système de parrainage à 3 niveaux offre de grands avantages",
    "refer_level_1": "Niveau 1 : 13 % du revenu quotidien du filleul",
    "refer_level_2": "Niveau 2 : 2 % du revenu quotidien du filleul",
    "refer_level_3": "Niveau 3 : 1 % du revenu quotidien du filleul",
    "start_referring_today": "Commencez à parrainer dès aujourd'hui pour augmenter vos revenus !",
    "account_is_required": "Un compte est requis",
    "login_password": "Mot de passe de connexion",
    "password_is_required": "Le mot de passe est requis",
    "verification_code": "Le code de vérification",
    "vcode_is_required": "Le Vcode est requis",
    "vcode": "Code V",
    "forgot_password": "Mot de passe oublié",
    "login": "Se connecter",
    "register": "Registre",
    "go_to_homepage": "Aller à la page d'accueil",
    "total_balance": "Compte quantitatif",
    "home_notice": "Bienvenue sur Toobit – Là où le capital intelligent rencontre les algorithmes intelligents. Nous sommes ravis de vous accueillir chez Toobit, votre nouveau domicile pour des gains quantitatifs de pointe. Que vous soyez un investisseur chevronné ou que vous commenciez tout juste votre voyage dans le monde des revenus algorithmiques, vous venez de rejoindre une plateforme conçue pour la clarté, la performance et la confiance. Chez Toobit, nous ne croyons pas seulement au gain, nous croyons au gain intelligent. Nos stratégies exclusives sont conçues par des data scientists et des experts financiers pour exploiter la puissance de la précision algorithmique, permettant ainsi à votre capital de croître grâce à des opportunités de marché en temps réel. Chaque décision, chaque stratégie, chaque rendement est alimenté par des données et motivé par notre mission inébranlable : rendre les outils de gains avancés accessibles à tous.",
    "go_to_recharge": "Allez recharger",
    "telegram_customer_service": "Service client de télégramme",
    "dear_user": "Cher utilisateur : Puisque la puissance de calcul\/l'énergie de votre machine minière est sur le point de s'épuiser, veuillez reconstituer rapidement {amount}TRX en fonction de la valeur énergétique requise par les fonds de votre compte. Votre machine minière a actuellement suspendu le contrôle minier et les revenus\/retraits.",
    "note_to_avoid": "[Remarque : pour éviter toute perte de revenus, veuillez contacter l'assistance Telegram]",
    "deposit": "Recharger",
    "withdrawal": "Retrait",
    "share_friends": "Inviter des amis",
    "team": "Équipe",
    "app": "Application",
    "information": "Nouvelles",
    "wallet": "Portefeuille",
    "promotion": "Promotion",
    "join_to_be_a_sitename_millionaire": "Rejoignez-nous pour devenir millionnaire TRONRICO",
    "use_the_latest_mining_machines": "Utilisez les dernières machines minières et la technologie Defi pour garantir que tous les utilisateurs obtiennent le meilleur revenu TRX.",
    "details": "Détails",
    "platform_data_display": "Affichage des données de la plateforme",
    "income": "revenu",
    "Income": "Quantifier",
    "cyclical_investing": "investissement cyclique",
    "trontin_3day_mining_machine": "Machine minière TRONTIN 3 jours",
    "trontin_9day_mining_machine": "Machine d'extraction de trafic TRON 9 jours",
    "trontin_16day_traffic_mining_machine": "Machine d'extraction de trafic RONTIN 16 jours",
    "trontin_45day_miner_energy": "TRONTIN 45 jours d'énergie mineur",
    "trontin_18day_miner_energy": "TRON 18 jours d'énergie de mineur",
    "trontin_trxMining_in_46days": "TRON trxMining en 46 jours",
    "tron_eth_digi_2_mining": "TRON ETH DIGI 2.0 MINAGE",
    "torn_80days_photolvatic_mine": "mine photovoltaïque tron ​​80 jours",
    "trontin_bnb_mining_in_65days": "TRONTIN BNB Minage en 65 jours",
    "view_more": "Voir plus",
    "cycle": "Faire du vélo",
    "day": "Jour",
    "instant_quotes": "Devis instantanés",
    "profit_withdrawal": "Retrait des bénéfices",
    "repurchase": "Rachat",
    "latest_announcement": "Dernière annonce",
    "registered_members_will_be_given": "Les membres inscrits recevront 56 000 TRX à titre de capitaux propres promis. Pour activer le compte, un dépôt minimum de 10TRX et un retrait minimum de 5TRX sont requis. Les revenus peuvent être retirés ou investis dans l'exploitation minière.",
    "deposit_into_the_basic_account_and_automatically_join_the_contract": "[Investissement de base] Déposez sur le compte de base et adhérez automatiquement au contrat pendant 180 jours [La durée du contrat prend effet à compter du premier dépôt]. Le compte de base génère des revenus miniers chaque jour et peut recevoir chaque jour 9 à 38 % du montant cumulé de l'investissement. L'heure de règlement de notre système de plateforme est : l'heure du premier achat de l'utilisateur, 24 heures plus tard.",
    "the_income_will_not_be_automatically_deposited_into_the_account": "[Par exemple : le premier achat est à 15h00, et le revenu sera obtenu à 15h00 le lendemain] Les revenus ne seront pas automatiquement déposés sur le compte et vous devez cliquer sur le revenu tous les jours ; lorsque le minage entre, cliquez activement pour recevoir les revenus.",
    "accumulated_deposits_of_10-2500_trx": "Dépôts accumulés de 10 à 2 500 trx, automatiquement mis à niveau vers VIP1, retrait quotidien de 9 %",
    "accumulated_deposits_of_2501-10000_trx": "Dépôts accumulés de 2 501 à 10 000 trx, automatiquement mis à niveau vers VIP2, retrait quotidien de 10 %",
    "accumulated_deposits_of_10001-20000_trx": "Dépôts accumulés de 10 001 à 20 000 trx, automatiquement mis à niveau vers VIP3, retraits quotidiens de 11 %",
    "accumulated_deposits_of_20001-50000_trx": "Dépôts accumulés de 20 001 à 50 000 trx, automatiquement mis à niveau vers VIP4, retraits quotidiens de 13 %",
    "accumulated_deposits_of_50001-100000_trx": "Dépôts accumulés de 50 001 à 100 000 trx, automatiquement mis à niveau vers VIP5, retrait quotidien de 15 %",
    "accumulated_deposits_of_100001-200000_trx": "Dépôts accumulés de 100 001 à 200 000 trx, automatiquement mis à niveau vers VIP6, retraits quotidiens de 17 %",
    "accumulated_deposits_of_200001-500000_trx": "Dépôts accumulés de 200 001 à 500 000 trx, automatiquement mis à niveau vers VIP7, retrait quotidien de 23 %",
    "accumulated_deposits_of_500001-1000000_trx": "Dépôts accumulés de 500001 à 1000000 trx, automatiquement mis à niveau vers VIP8, retrait quotidien de 26%",
    "accumulated_deposits_of_1000001-1600000_trx": "Dépôts accumulés de 1 000 001 à 1 600 000 trx, automatiquement mis à niveau vers VIP9, retrait quotidien de 32 %",
    "accumulated_deposits_of_1600001-9999999_trx": "Les dépôts accumulés sont de 1600001 à 9999999 trx, automatiquement mis à niveau vers VIP10, avec des retraits quotidiens de 38 %",
    "automatically_upgrade_vip_level": "Passez automatiquement au niveau VIP",
    "the_system_will_determine_your_total_accumulated_deposit": "[Le système déterminera votre dépôt total accumulé et vous mettra automatiquement à niveau vers le niveau approprié] Par exemple : la première recharge est de 500TRX, la deuxième recharge est de 2001TRX, [la recharge cumulée est de 2501TRX] le système passera automatiquement à VIP2, et vous aurez VIP2 Le revenu quotidien du niveau est de 10% et ainsi de suite.",
    "previous": "Précédent",
    "next": "Suivant",
    "close": "Fermer",
    "current_yield": "Rendement actuel",
    "miner_is_running": "Le mineur est en marche",
    "view_all": "Tout afficher",
    "earning_times": "Temps de quantification",
    "singapore_time_after": "Heure de Singapour Après",
    "every_day": "tous les jours",
    "daily_rate": "Tarif journalier",
    "receive": "Recevoir",
    "basic_investment": "Investissement de base",
    "record": "Enregistrer",
    "current_level": "Niveau actuel",
    "deposit_quantity": "Quantité de dépôt",
    "invitation_reward": "Récompense d'invitation",
    "deposit_now": "Déposez maintenant",
    "daily_income": "revenu quotidien",
    "daily_withdrawals": "Retraits quotidiens",
    "valid_period": "Période de validité",
    "remaining_days": "Jours restants",
    "status": "Statut",
    "running": "En cours d'exécution",
    "quantity": "Quantité",
    "amount": "Montant",
    "return": "retour",
    "Return": "Retour",
    "profit": "profit",
    "equity_pledge": "Gage de capitaux propres",
    "end": "Fin",
    "invite_your_contacts": "Invitez vos contacts",
    "sign_up_and_recharge_to_get_great_rewards": "Inscrivez-vous et rechargez pour obtenir de superbes récompenses",
    "invitation_codes": "Codes d'invitation",
    "share_invitation_links_to_social_platforms": "Partager des liens d'invitation vers des plateformes sociales",
    "build_a_team_and_get_great_rewards": "Construisez une équipe et obtenez de superbes récompenses",
    "copy_successfully": "Copier avec succès",
    "copy_link": "Copier le lien",
    "app_services": "Services d'applications",
    "wallet_funds_conversion": "Transfert",
    "change_password": "Centre de sécurité",
    "notification": "Notification",
    "logout": "Se déconnecter",
    "my_promotion": "Équipe",
    "bonus": "Prime",
    "bonus_record": "Dossiers des commissions",
    "number_of_teams": "Nombre total de personnes",
    "valid_number_of_invites": "Invitations valides",
    "team_cycle_investment_details": "Détails de l'investissement du cycle d'équipe",
    "total_people": "Nombre total de personnes",
    "contribution": "Commission",
    "invite_friends": "Inviter des amis",
    "go_now": "Vas-y maintenant",
    "in_progress": "En cours",
    "number_of_investments": "Nombre d'investissements",
    "total_investment": "Investissement total",
    "subordinate_investment_amount": "Montant de l'investissement subordonné",
    "confirm": "Confirmer",
    "Confirm": "CONFIRMER",
    "last_login_time": "Heure de la dernière connexion",
    "records": "Enregistrements",
    "transfer_to_smart_account": "Transférer vers le compte {{type}}",
    "transfer_to_quantitative_account": "Transfert vers un compte quantitatif",
    "transfer_to_smart_account_2": "Transfert vers un compte Smart",
    "address": "Adresse",
    "copy": "Copie",
    "please_do_not_top_up_other_non_bnb_assets": "Veuillez ne pas recharger d'autres actifs non {{method}}. Après la recharge, veuillez cliquer sur",
    "submit_successfully": "Recharge terminée",
    "submit": "Soumettre",
    "exchange_rate": "Taux de change",
    "if_the_account_has_not_been_received_for_a_long_time": "Si le compte n'a pas été reçu depuis longtemps, veuillez cliquer sur",
    "again": "encore",
    "recharge_record": "Recharger l'enregistrement",
    "successful": "Réussi",
    "purchase": "achat",
    "Purchase": "Achat",
    "transaction_record": "Enregistrement des transactions",
    "all": "TOUS",
    "recharge": "Recharger",
    "giveaway": "Révéler",
    "withdrawal_failed": "Échec du retrait",
    "promotion_account": "Compte portefeuille",
    "basic_account": "Compte flexible",
    "amount_to_be_converted": "Montant à convertir",
    "withdrawable_balance": "Solde retirable",
    "withdrawals_arebased_one_singapore_time_and_are_withdrawn_once_a_day": "Les retraits sont basés sur l'heure de Singapour et sont retirés une fois par jour",
    "choose_withdrawal_account": "Choisissez un compte de retrait",
    "choose": "Choisir",
    "digital_currency_wallet": "Portefeuille de devises numériques",
    "cancel": "ANNULER",
    "password": "Mot de passe",
    "actual_withdrawal": "Retrait effectif",
    "withdrawal_record": "Dossier de retrait",
    "fee": "Frais",
    "to_account": "rendre compte",
    "account_security": "Sécurité du compte",
    "modify_login_password": "Modifier le mot de passe de connexion",
    "modify_payment_password": "Modifier le mot de passe de paiement",
    "transfer_to_basic_account": "Virement vers le compte de base",
    "transfer_to_promotion_account": "Transfert vers le compte promotionnel",
    "there_are_two_investment_models_please_choose_according_to_your_needs": "Il existe deux modèles d'investissement, veuillez choisir en fonction de vos besoins",
    "deposit_into_this_account_for_pledge_mining": "Déposez sur ce compte pour l’exploitation minière en gage. 24 heures après le premier dépôt, vous pouvez recevoir manuellement le revenu et restituer le capital à son expiration.",
    "recharge_to_the_promotion_account_to_purchase_periodic_mining_machines": "Rechargez sur le compte de promotion pour acheter des machines minières périodiques, vous pouvez collecter des revenus dans différents cycles et restituer le principal et les revenus à leur expiration.",
    "add_digital_currency_wallet": "Ajouter un portefeuille de devises numériques",
    "address_type": "Adresse Type",
    "wallet_address": "adresse du portefeuille",
    "start_with": "Commencez par",
    "digit_wallet_address": "adresse du portefeuille à chiffres",
    "set_payment_password": "Définir le mot de passe de paiement",
    "continue": "Continuer",
    "are_you_sure_sign_out": "Êtes-vous sûr de vous déconnecter",
    "wallet_registration": "Enregistrement du portefeuille",
    "decentralized_wallet_download_address": "Adresse de téléchargement du portefeuille décentralisé",
    "tutorial": "Voir le didacticiel",
    "buy_currency": "acheter des devises",
    "common_problem": "problème courant",
    "how_to_become_a_partner_of_trontin_mining_company": "Comment devenir partenaire de la société minière TRONRICO",
    "to_become_our_partner": "Pour devenir notre partenaire, vous pouvez obtenir 56 000 TRX gratuitement en vous inscrivant simplement, et vous pouvez le retirer dans les 180 jours suivant l'activation.",
    "what_to_do_after_registration": "Que faire après l'inscription",
    "you_need_to_log_in_to_your_account": "Vous devez vous connecter à votre compte et la fonction de minage sera activée automatiquement. Pour augmenter votre revenu quotidien, effectuez un dépôt",
    "what_are_the_minimum_deposit_and_withdrawal_amounts": "Quels sont les montants minimum de dépôt et de retrait",
    "the_minimum_deposit_is_10trx": "Le dépôt minimum est de 10TRX et le retrait minimum est de 5TRX.",
    "how_to_withdraw_money_what_should_i_do": "Comment retirer de l'argent, que dois-je faire",
    "log_in_to_your_account": "Connectez-vous à votre compte. Accédez à la page « Retrait ». Cliquez sur le bouton « Retirer ». Liez l'adresse de votre portefeuille TRX et définissez un mot de passe de paiement pour la première fois, puis spécifiez le montant du retrait et sélectionnez l'adresse de votre portefeuille, puis cliquez pour retirer.",
    "what_is_level_and_how_do_i_increase_it": "Qu'est-ce que le niveau et comment puis-je l'augmenter",
    "tron_marketing_uses_level_design": "Le marketing TRON utilise la conception de niveaux. Plus un utilisateur achète d’électricité, plus son niveau est élevé. La rentabilité dépend directement du niveau d'acquisition. Si l'utilisateur initial de VIP1 gagne 8 % par jour, alors à mesure que la puissance disponible pour l'exploitation minière augmente, le VIP10 le plus rentable peut gagner 36 % par jour.",
    "i_made_a_withdrawal_request_but_it_hasnt_arrived_in_my_wallet_yet": "J'ai fait une demande de retrait mais elle n'est pas encore arrivée dans mon portefeuille",
    "all_requests_are_handled_by_a_set_of_system_automatic_modes": "Toutes les demandes sont traitées par un ensemble de modes automatiques du système. La demande est généralement traitée dans un délai d'une minute",
    "what_payment_systems_does_this_project_have_for_deposits": "De quels systèmes de paiement ce projet dispose-t-il pour les dépôts",
    "you_can_deposit_using_a_payment_system_like_this": "Vous pouvez déposer en utilisant un système de paiement comme celui-ci",
    "what_payment_systems_does_this_project_have_for_withdrawals": "De quels systèmes de paiement ce projet dispose-t-il pour les retraits",
    "you_can_withdraw_money_using_this_payment_system": "Vous pouvez retirer de l'argent en utilisant ce système de paiement",
    "how_to_change_account_password": "Comment changer le mot de passe du compte",
    "click_the_change_password_function_on_the_my_tab_on_the_lower_right": "Cliquez sur la fonction « Modifier le mot de passe » dans l'onglet « Mon » dans le coin inférieur droit de la page. Entrez votre ancien mot de passe et votre nouveau mot de passe pour le changer",
    "what_if_i_forget_my_withdrawal_password": "Que faire si j'oublie mon mot de passe de retrait",
    "please_use_the_email_address_you_reserved_when_registering_to_send_username": "Veuillez utiliser l'adresse e-mail que vous avez réservée lors de votre inscription pour envoyer (nom d'utilisateur : .... « mot de passe de retrait oublié ») à notre adresse e-mail officielle : tronrico68@gmail.com",
    "what_should_i_do_if_i_need_to_change_my_wallet_address": "Que dois-je faire si je dois changer l'adresse de mon portefeuille",
    "please_use_the_email_address_you_reserved_when_registering_to_send": "Veuillez utiliser l'adresse e-mail que vous avez réservée lors de votre inscription pour envoyer (nom d'utilisateur et nouvelle adresse de portefeuille) à notre adresse e-mail officielle : tronrico68@gmail.com",
    "how_to_top_up": "Comment recharger",
    "to_make_a_deposit_you_need_to_log_into_your_account": "Pour effectuer un dépôt, vous devez vous connecter à votre compte et accéder à la page de minage. En haut, vous verrez le bouton « Dépôt ». Une fois sur la page de dépôt, sélectionnez la devise dans laquelle vous souhaitez déposer. Après cela, vous recevrez une adresse de portefeuille à laquelle vous devrez envoyer vos crypto-monnaies. Les dépôts seront crédités dans un délai d'une minute.",
    "your_account_may_be_frozen_under_the_following_circumstances": "Votre compte peut être gelé dans les circonstances suivantes",
    "trontin_takes_a_responsible_approach_to_protect_the_personal_data": "TRONTIN adopte une démarche responsable pour protéger les données personnelles de ses utilisateurs et la sécurité de son site internet. Toute tentative de collecte d'informations personnelles sur l'utilisateur, le piratage du code du site Web, l'utilisation inappropriée du programme d'affiliation, l'accès aux comptes des utilisateurs par piratage, l'utilisation de services tiers pour augmenter artificiellement le nombre de partenaires et toute administration insultant le site Web ou ses utilisateurs peuvent constituer un motif de suspension du compte de l'utilisateur.",
    "I_didnt_find_the_answer_to_my_question_what_should_I_do": "Je n'ai pas trouvé de réponse à ma question, que dois-je faire",
    "contact_online_customer_service_or_telegram_customer_service": "Contactez le service client en ligne ou le service client Telegram",
    "how_to_deposit": "Comment déposer",
    "click_deposit_on_the_platform_page": "Cliquez sur « Dépôt » sur la page de la plateforme",
    "choose_to_transfer_to_the_basic_account_or_promotion_account": "Choisissez de transférer vers le compte de base ou le compte promotionnel. Après être entré, vous pouvez choisir la devise dans laquelle déposer.",
    "select_a_top_up_enter_to_copy_the_deposit_address": "Sélectionnez une recharge. Entrez pour copier l'adresse de dépôt.",
    "open_your_crypto_wallet_select_the_corresponding_currency_and_transfer": "Ouvrez votre portefeuille crypto, sélectionnez la devise correspondante et effectuez le transfert.",
    "paste_the_address_of_the_receiving_wallet": "Collez l'adresse du portefeuille de réception.",
    "enter_the_amount_you_plan_to_deposit_into_your_account": "Entrez le montant que vous envisagez de déposer sur votre compte.",
    "click_next_and_confirm_completion": "Cliquez sur « Suivant » et confirmez l'achèvement.",
    "return_to_the_platform_and_click_the_recharge_button_note_the_last_step": "Retournez sur la plateforme et cliquez sur le bouton « Recharger ». Remarque : La dernière étape consiste à revenir sur la plateforme et à cliquer sur « Recharge terminée ». Une fois la recharge terminée, le compte sera crédité à temps.",
    "how_to_withdraw_money": "Comment retirer de l'argent",
    "select_the_exit_button_on_the_homepage_then_use_your_exchange_wallet": "Sélectionnez le bouton de sortie sur la page d'accueil, puis utilisez votre échange (portefeuille) pour trouver l'adresse TRC20, copiez-la et liez-la à la plateforme pour quitter, et la plateforme règle la devise TRX. Après un retrait réussi, le compte sera crédité dans 1 à 3 minutes.",
    "if_you_need_help_please_click_online_customer_service": "(Si vous avez besoin d'aide, veuillez cliquer sur le service client en ligne)",
    "announcement": "Annonce",
    "my_message": "Mon message",
    "company_mining_and_revenue": "【Exploitation minière et revenus de l'entreprise】",
    "registered_members_will_be_given_56000trx_as_pledged_equity": "Les membres inscrits recevront 56 000 TRX à titre de capitaux propres promis. Pour activer le compte, un dépôt minimum de 10TRX et un retrait minimum de 5TRX sont requis. Les revenus peuvent être retirés ou investis dans l'exploitation minière.",
    "basic_investment_deposit_into_the_basic_account_and_automatically_join_the_contract_for_180_days": "[Investissement de base] Déposez sur le compte de base et adhérez automatiquement au contrat pendant 180 jours [La durée du contrat prend effet à compter du premier dépôt]. Le compte de base génère des revenus miniers chaque jour et peut recevoir chaque jour 9 à 38 % du montant cumulé de l'investissement. L'heure de règlement de notre système de plateforme est : l'heure du premier achat de l'utilisateur, 24 heures plus tard.",
    "for_example_the_first_purchase_time_is_1500_and_the_income_will_be_obtained_at_1500_the_next_day": "[Par exemple : le premier achat est à 15h00, et le revenu sera obtenu à 15h00 le lendemain] Les revenus ne seront pas automatiquement déposés sur le compte et vous devez cliquer sur le revenu tous les jours ; lorsque le minage entre, cliquez activement pour recevoir les revenus.",
    "accumulated_deposits_of_10_2500_trx_automatically_upgraded_to_vip1_daily_withdrawal": "Dépôts accumulés de 10 à 2 500 trx, automatiquement mis à niveau vers VIP1, retrait quotidien de 9 %.",
    "accumulated_deposits_of_2501_10000_trx_automatically_upgraded_to_vip2_10_daily_withdrawal": "Dépôts accumulés de 2 501 à 10 000 trx, automatiquement mis à niveau vers VIP2, retrait quotidien de 10 %.",
    "accumulated_deposits_of_10001_20000_trx_automatically_upgraded_to_vip3_daily_withdrawal": "Dépôts accumulés de 10 001 à 20 000 trx, automatiquement mis à niveau vers VIP3, retraits quotidiens de 11 %.",
    "accumulated_deposits_of_20001_50000_trx_automatically_upgraded_to_vip4_daily_withdrawal": "Dépôts accumulés de 20 001 à 50 000 trx, automatiquement mis à niveau vers VIP4, retraits quotidiens de 13 %.",
    "accumulated_deposits_of_50001_100000_trx_automatically_upgraded_to_vip5_daily_withdrawal": "Dépôts accumulés de 50 001 à 100 000 trx, automatiquement mis à niveau vers VIP5, retrait quotidien de 15 %.",
    "accumulated_deposits_of_100001_200000_trx_automatically_upgraded_to_vip6_daily_withdrawal": "Dépôts accumulés de 100 001 à 200 000 trx, automatiquement mis à niveau vers VIP6, retraits quotidiens de 17 %.",
    "accumulated_deposits_of_200001_500000_trx_automatically_upgraded_to_vip7_daily_withdrawal": "Dépôts accumulés de 200 001 à 500 000 trx, automatiquement mis à niveau vers VIP7, retrait quotidien de 23 %.",
    "accumulated_deposits_of_500001_1000000_trx_automatically_upgraded_to_vip8_daily_withdrawal": "Dépôts accumulés de 500 001 à 1 000 000 trx, automatiquement mis à niveau vers VIP8, retrait quotidien de 26 %.",
    "accumulated_deposits_of_1000001_1600000_trx_automatically_upgraded_to_vip9_daily_withdrawal": "Dépôts accumulés de 1 000 001 à 1 600 000 trx, automatiquement mis à niveau vers VIP9, retrait quotidien de 32 %.",
    "accumulated_deposits_of_1600001_9999999_trx_automatically_upgraded_to_vip10_daily_withdrawal": "Les dépôts accumulés sont de 1 600 001 à 9999999 trx, automatiquement mis à niveau vers VIP10, avec des retraits quotidiens de 38 %.",
    "automatically_upgrade_vip_level_instructions": "Mettez automatiquement à niveau le niveau VIP et les instructions.",
    "the_system_will-determine_your_total_accumulated_deposit": "Le système déterminera votre dépôt total accumulé et vous mettra automatiquement à niveau vers le niveau approprié. Par exemple : la première recharge est de 500 TRX, la deuxième recharge est de 2001 TRX, [la recharge cumulée est de 2501 TRX] le système passera automatiquement à VIP2, et vous aurez VIP2. Le revenu journalier du niveau est de 10% et ainsi de suite.",
    "share_invitation_reward_description": "Partager la description de la récompense de l'invitation",
    "invite_friends_description": "Invitez des amis avec le lien de promotion et 13 % des revenus seront immédiatement retirés. Si vous recommandez à des centaines de personnes de rejoindre Trontin, vous pouvez devenir millionnaire. Maximum 18% (niveau de commission 13% + niveau 2 2% + niveau 3 1%) 1 : Par exemple : Vous invitez l'utilisateur A, l'utilisateur A dépose et investit 10 000TRX, vous recevrez 1 300TRX en récompense. L'utilisateur A invite l'utilisateur B, l'utilisateur B dépose et investit 10 000 TRX, et vous recevrez 200 TRX en récompense. L'utilisateur B inspire à nouveau l'utilisateur C. L'utilisateur C dépose et investit 10 000 TRX. Vous recevrez 100TRX en récompense. Les revenus de la promotion seront directement transférés sur votre compte de promotion. Vous pouvez directement retirer de l'argent ou acheter des liens vers des plateformes de promotion de produits financiers pour obtenir des revenus de promotion et former les membres de votre propre équipe (la promotion peut obtenir un certain pourcentage des revenus de la promotion). Faites la promotion de votre lien d'invitation sur votre famille et vos amis, WhatsApp, groupe Facebook, YouTube, Instagram, Twitter, groupe Telegram ou toute autre plateforme de médias sociaux (Lien d'invitation : connectez-vous à la plateforme et cliquez sur le bouton Partager pour copier le lien. Envoyez le lien à vos amis ou à toute plateforme sociale. Dites-leur qu'il s'agit de la meilleure plateforme d'investissement minier pour retirer au moins 8 % à 36 % du montant de l'investissement chaque jour)",
    "official_platform_description": "Plateforme officielle du pool minier TRONRICO",
    "the_official_platform_of_trontin_mining_pool": "La plateforme officielle du pool minier TRONRICO, appelée TRONRICO, a été certifiée par le TRON Blockchain Financial Center. Nous sommes un opérateur TRON officiel et légal. Offrez aux clients les services les plus stables, les plus sûrs et les plus efficaces ! Depuis 2020, nous et le siège social de TRON avons réprimé plus de 3 000 plateformes contrefaites. Si vous rencontrez une fausse plateforme, vous pouvez nous contacter et nous coopérerons avec le siège de TRON pour sévir, la plateforme de certification officielle TRONRICO.",
    "trontin_msb_registration_certificate": "Certificat d'immatriculation TRONRICO MSB",
    "tax_registration_certificate": "certificat d'immatriculation fiscale",
    "TRONTIN_White_Paper": "Livre blanc TRONRICO",
    "click_to_view_trontin_white_paper": "Cliquez pour consulter le livre blanc de TRONRICO",
    "news_report": "Reportage",
    "trontin_launches_revolutionary_cloud_mining_platform": "TRONRICO lance une plateforme révolutionnaire de cloud mining",
    "click_to_view": "Cliquez pour voir",
    "contact_us": "Contactez-nous",
    "company_website": "Site Internet de l'entreprise",
    "company_telegram": "Télégramme d'entreprise",
    "telegram_channel": "Chaîne de télégramme",
    "email": "E-mail",
    "company_address": "8 Marina Blvd, tour 1, étages 31e et 32e, Marina Bay Financial Centre Singapour",
    "invite_friends_to_recharge": "Invitez des amis à recharger pour obtenir les remises correspondantes",
    "level": "Niveau",
    "rebate": "Rabais",
    "price": "Prix",
    "available_balance": "Solde disponible",
    "limit_quantity": "Quantité limite",
    "purchase_quantity": "Quantité achetée",
    "daily_interest_rate": "Taux d'intérêt quotidien",
    "real_time": "Temps réel",
    "participate_in_investment": "Participer à l'investissement",
    "project_rules": "Règles du projet",
    "repayment_method": "Mode de remboursement",
    "repay_principal_and_interest_at_maturity": "Rembourser le capital et les intérêts à l'échéance",
    "unit_price": "prix unitaire",
    "daily_rate_of_return": "Taux de rendement quotidien",
    "investment_cycle": "Cycle d'investissement",
    "expected_profit": "bénéfice attendu",
    "project_introduction": "Présentation du projet",
    "tron_love_mining_machine": "Machine minière TRON LOVE Un cycle court et un revenu stable sont un bon choix. Le revenu quotidien est de 4,57 % à 4,7 % et le cycle est de 3 jours. Une fois le cycle terminé, il sera directement distribué sur votre [compte promotionnel] avec le principal et les revenus obtenus au cours du cycle. Vous pouvez retirer de l’argent directement ; cette plate-forme prend en charge le minage d'investissement TRX, ETH, BNB, DOGE, USDT (ERC20 TRC20 BEP20).",
    "notice": "AVIS",
    "confirmation_transfer": "Êtes-vous sûr de vouloir effectuer un transfert ?",
    "home": "Maison",
    "invest": "Investir",
    "mine": "Moi",
    "Account_6_16_characters_no_spaces_allowed": "Compte, 6 à 16 caractères, aucun espace autorisé",
    "Area_code_plus_mobile_number": "Indicatif régional + numéro de portable",
    "recommendation_code": "Code de recommandation",
    "global_partners": "Partenaires mondiaux",
    "email_verification_code": "Code de vérification de l'e-mail",
    "otp": "Bureau du Procureur",
    "enter_a_new_password": "Entrez un nouveau mot de passe",
    "wallet_found": "Fonds de portefeuille",
    "need_traded": "Besoin d'être échangé",
    "already_traded": "Déjà échangé",
    "number_of_withdrawals": "Nombre de retraits",
    "allow_withdrawal": "Autoriser le retrait",
    "yes": "Oui",
    "minimum_withdrawal": "Retrait minimum",
    "enter_withdrawal_amount": "Entrez le montant du retrait",
    "please_enter": "Veuillez entrer",
    "loading": "Chargement",
    "confirm_password": "Confirmez le mot de passe",
    "original_payment_password": "Mot de passe de paiement original",
    "invest_product": "Investissement intelligent",
    "purchased": "acheté",
    "total_income": "revenu total",
    "principal": "principal",
    "total_principal_and_interest": "total du capital et des intérêts",
    "how_to_deposit_funds_on_the_ai_trading_platform": "1. Comment déposer des fonds sur la plateforme de trading AI",
    "step_1_get_your_deposit_address": "Étape 1 : Obtenez votre adresse de dépôt",
    "log_into_your_ai_trading_account": "Connectez-vous à votre compte de trading AI",
    "head_to_the_deposit_page": "Rendez-vous sur la page « Dépôt »",
    "choose_your_cryptocurrency": "Choisissez votre crypto-monnaie (TRC20, BEP20, BNB ou TRX)",
    "generate_the_deposit_address_and_copy_it_to_your_clipboard": "Générez l'adresse de dépôt et copiez-la dans votre presse-papiers",
    "step_2_send_funds_from_your_wallet": "Étape 2 : envoyez des fonds depuis votre portefeuille",
    "open_your_crypto_wallet_app": "Ouvrez votre application de portefeuille crypto (par exemple, MetaMask, Trust Wallet)",
    "select_the_correct_network": "Sélectionnez le bon réseau (TRC20 ou BEP20)",
    "paste_the_copied_deposit_address_as_the_recipient": "Collez l'adresse de dépôt copiée en tant que destinataire",
    "input_the_amount_you_want_to_deposit_and_confirm_the_send": "Saisissez le montant que vous souhaitez déposer et confirmez l'envoi",
    "wait_for_confirmation_on_the_blockchain": "Attendez la confirmation sur la blockchain (généralement quelques minutes)",
    "step_3_confirm_your_deposit": "Étape 3 : Confirmez votre dépôt",
    "go_to_transaction_history_to_track_progress": "Accédez à « Historique des transactions » pour suivre la progression",
    "click_complete_deposit_once_transaction_is_verified": "Cliquez sur « Terminer le dépôt » une fois la transaction vérifiée",
    "if_your_deposit_doesnt_reflect_within_30_minutes_reach_out_to_support": "Si votre dépôt ne reflète pas dans les 30 minutes, contactez l'assistance",
    "how_to_withdraw_funds_from_the_ai_trading_platform": "2. Comment retirer des fonds de la plateforme de trading AI",
    "step_1_choose_your_withdrawal_option": "Étape 1 : Choisissez votre option de retrait",
    "log_in_and_open_the_fund_management_tab": "Connectez-vous et ouvrez l'onglet \"Gestion des fonds\"",
    "click_withdraw_and_pick_your_preferred_network": "Cliquez sur \"Retirer\" et choisissez votre réseau préféré (TRC20\/BEP20\/BNB\/TRX)",
    "step_2_fill_in_withdrawal_information": "Étape 2 : Remplissez les informations de retrait",
    "enter_the_amount_you_want_to_withdraw": "Entrez le montant que vous souhaitez retirer",
    "paste_your_wallet_address": "Collez l'adresse de votre portefeuille (assurez-vous qu'elle correspond au bon réseau)",
    "complete_any_required_security_verification_steps": "Effectuez toutes les étapes de vérification de sécurité requises",
    "step_3_final_confirmation_and_submission": "Étape 3 : Confirmation finale et soumission",
    "double_check_all_the_details_before_submitting": "Vérifiez tous les détails avant de soumettre",
    "withdrawals_usually_process_within_30_minutes": "Les retraits sont généralement traités dans les 30 minutes",
    "track_the_progress_under_withdrawal_records": "Suivez la progression sous « Dossiers de retrait »",
    "important_notes": "Remarques importantes :",
    "double_check_your_wallet_address_crypto_transfers_cant_be_undone": "❗️ Vérifiez l'adresse de votre portefeuille – les transferts cryptographiques ne peuvent pas être annulés",
    "make_sure_to_meet_the_platforms_minimum_withdrawal_limit": "❗️ Assurez-vous de respecter la limite de retrait minimum de la plateforme",
    "delays_can_occur_due_to_high_network_traffic": "❗️ Des retards peuvent survenir en raison du trafic réseau élevé",
    "contact_live_chat_support_anytime_if_you_face_any_issues": "❗️ Contactez l'assistance par chat en direct à tout moment si vous rencontrez des problèmes",
    "if_you_need_more_help_our_customer_service_team_is_available_24_7_via_live_chat": "Si vous avez besoin d'aide supplémentaire, notre équipe de service client est disponible 24h\/24 et 7j\/7 via le chat en direct",
    "what_is_chain_quant": "1. Qu’est-ce que Chain Quant ?",
    "chain_quant_description": "Chain Quant est une plateforme de trading quantitatif basée sur l'IA qui combine l'intelligence artificielle et la technologie blockchain pour analyser les tendances du marché de la cryptographie et exécuter des transactions automatisées, permettant aux utilisateurs d'obtenir des rendements stables avec un minimum d'effort.",
    "core_services_of_chain_quant": "2. Services de base de Chain Quant",
    "quantitative_arbitrage_trading": "Négociation d’arbitrage quantitatif\n – Utilise les différences de prix sur plusieurs bourses pour générer des bénéfices à faible risque\n – Les systèmes basés sur l'IA suivent les marchés 24h\/24 et 7j\/7 et exécutent les transactions aux moments idéaux",
    "ai_auto_trading": "Trading automatique par l'IA\n – Bots entièrement automatisés utilisant des stratégies prédéfinies telles que des systèmes de suivi des tendances et de grille\n – Les algorithmes s’ajustent en temps réel pour limiter les risques et améliorer les rendements",
    "fund_security": "Sécurité du fonds\n – Implémente un cryptage multicouche avec séparation des portefeuilles froids et chauds\n – Les audits de contrats intelligents fournissent des opérations transparentes et inviolables",
    "instant_deposits_withdrawals": "Dépôts\/retraits instantanés\n – Dépôts traités en 1 à 3 minutes (prend en charge TRC20\/BEP20)\n – Les retraits sont rapides et automatisés – aucun examen manuel n'est nécessaire",
    "multiple_trading_modes": "Plusieurs modes de trading\n – Mode débutant : trading à faible risque et entièrement sans intervention\n – Mode Pro : outils avancés et contrôles stratégiques pour les utilisateurs expérimentés",
    "how_to_register_and_start_using_chain_quant": "3. Comment s’inscrire et commencer à utiliser Chain Quant ?",
    "sign_up": "Étape 1 : Inscription : \n Visitez le site Web officiel de Chain Quant, cliquez sur « Inscription gratuite » et vérifiez par e-mail ou par téléphone.",
    "deposit_and_activate_ai_trading": "Étape 2 : Déposer et activer le trading AI :\n Alimentez votre compte avec USDT (TRC20 ou BEP20)\n Les fonds déposés sont convertis en votre solde de trading Chain Quant",
    "launch_ai_trading": "Étape 3 : Lancer AI Trading :\n Cliquez sur « Quantitative Trading » pour activer votre robot IA personnel\n Le système démarre des transactions automatisées visant à générer des bénéfices quotidiens",
    "how_to_earn_with_chain_quant": "Comment gagner avec Chain Quant ?",
    "arbitrage_profits": "– Méthode 1 : Bénéfices d’arbitrage :\n L'IA détecte les écarts de prix (par exemple, acheter à bas prix sur une bourse, vendre à un prix élevé sur une autre)",
    "ai_trading_returns": "– Méthode 2 : Rendements des transactions IA :\n Les algorithmes utilisent les données de tendance pour acheter automatiquement à bas prix et vendre à prix élevé.",
    "referral_rewards": "– Méthode 3 : Récompenses de parrainage :\n Invitez d'autres personnes et gagnez des commissions sur leurs transactions",
    "why_choose_chain_quant": "5. Pourquoi choisir Chain Quant ?",
    "ai_automation": "✓ Automatisation de l'IA 24h\/24 et 7j\/7 – Ne manquez jamais une opportunité de trading",
    "military_grade_security": "✓ Sécurité de niveau militaire – Portefeuilles froids et cryptage de haut niveau",
    "dual_trading_modes": "✓ Modes de trading doubles – Parfaits pour les débutants et les professionnels",
    "reliable_returns": "✓ Des rendements fiables – Soutenus par une analyse de marché en temps réel",
    "free_daily_withdrawals": "✓ Retraits quotidiens gratuits – Profitez d'un retrait sans frais chaque jour",
    "start_your_journey_with_chain_quant": "Commencez votre voyage avec Chain Quant dès aujourd’hui et laissez l’automatisation intelligente travailler pour votre avenir crypto !",
    "chain_quant_ltd": "CHAINE QUANT LTD",
    "driving_the_future_of_ai": "Conduire l’avenir de l’IA, du Big Data et de l’automatisation",
    "at_chain_quant_we_harness": "Chez Chain Quant, nous exploitons la puissance de l’intelligence artificielle de pointe, du Big Data et de l’automatisation avancée pour accélérer la transformation numérique mondiale. Notre mission est de fournir aux organisations des solutions intelligentes et évolutives qui alimentent la croissance de l'entreprise et façonnent un avenir plus connecté et plus efficace.",
    "core_services": "Services de base",
    "ai_solutions": "Solutions d'IA – Intégration de l'apprentissage automatique et de l'apprentissage profond pour optimiser les opérations et maximiser l'efficacité.",
    "big_data_analytics": "Big Data Analytics – Fournir une infrastructure de données puissante et des informations exploitables pour une prise de décision intelligente et une croissance durable.",
    "automation_integration": "Intégration de l'automatisation – Concevoir des flux de travail d'automatisation personnalisés qui réduisent les coûts, éliminent les redondances et augmentent la productivité.",
    "strategic_industry_consulting": "Conseil stratégique industriel – Fournir des informations de marché avant-gardistes et axées sur la technologie pour guider les stratégies de transformation numérique.",
    "our_core_values": "Nos valeurs fondamentales",
    "innovation_driven": "Axés sur l’innovation – Nous remettons en question le statu quo et repoussons les limites de ce qui est possible grâce à la technologie.",
    "client_centric": "Centré sur le client – ​​Chaque solution est adaptée aux besoins uniques et aux objectifs évolutifs de nos clients.",
    "integrity_accountability": "Intégrité et responsabilité – La transparence et la confiance sont les fondements de chaque partenariat que nous construisons.",
    "vision": "Vision",
    "to_lead_globally_in_ai": "Être leader mondial en matière d’IA et d’innovation basée sur les données, permettant aux PME de prospérer dans l’économie numérique tout en promouvant une utilisation responsable de la technologie et une transformation éthique.",
    "innovation_philosophy": "Philosophie de l'innovation",
    "we_pioneer_the_smart_ecosystem": "Nous sommes les pionniers du Smart Ecosystem, une infrastructure numérique intersectorielle sécurisée par blockchain qui permet une collaboration transparente, la transparence et une intelligence avancée sur les marchés mondiaux.",
    "corporate_information": "Informations sur l'entreprise",
    "legal_name": "Nom légal",
    "company_number": "Numéro d'entreprise",
    "incorporation_date": "Date de constitution",
    "registered_address": "Adresse enregistrée",
    "for_official_filings": "Pour les dépôts et vérifications officiels, veuillez vous référer au registre du gouvernement britannique :",
    "uk_government_registry": "Registre du gouvernement britannique",
    "secure_and_fast_transactions": "Retrait 24 heures",
    "withdraw_account": "Compte de retrait",
    "withdrawal_method": "Méthode de retrait",
    "quota": "Quota 1 - 650 000",
    "enter_withal_address": "adresse de retrait",
    "enter_password": "Mot de passe",
    "handling_fees": "Frais de traitement",
    "actually_received": "Recevoir réellement",
    "press_release": "Communiqué de presse",
    "relese_date": "03 février 2024",
    "we_are_thrilled_to_announce": "Nous sommes ravis d'annoncer officiellement le lancement de Chain Quant le 15 moy. 2024 !",
    "Chain_Quant_is_a_global_powerhouse": "Chain Quant est une puissance mondiale dans le domaine du trading quantitatif et de l'arbitrage de crypto-monnaie basés sur l'IA, offrant des solutions de trading intelligentes et ultra-rapides qui maximisent la rentabilité et permettent l'évolution de la finance numérique.",
    "platform_highlights": "Points forts de la plateforme",
    "seamless_multi_exchange_integration": "Intégration multi-échange transparente – Prend en charge Binance, Coinbase, Huobi et plus",
    "ultra_fast_arbitrage_execution": "Exécution d'arbitrage ultra-rapide – Opportunités d'achat à bas prix\/de vente à prix élevé en moins d'une seconde",
    "fully_autonomous_trading": "Trading entièrement autonome – 100 % alimenté par l'IA, aucune saisie manuelle n'est nécessaire",
    "be_among_the_first_to_experience": "Soyez parmi les premiers à découvrir le trading de nouvelle génération.",
    "register_now": "Inscrivez-vous maintenant et prenez le contrôle de l'avenir avec Chain Quant, où la précision rencontre la performance dans la finance intelligente.",
    "chain_quantity_quantitative_investment_program": "Programme d’investissement quantitatif en chaîne. Système VIP à plusieurs niveaux pour un revenu passif automatisé",
    "vip_levels_rewards": "Niveaux VIP et récompenses",
    "vip_level_deposit_range_daily_return": "Gamme de dépôt de niveau VIP (USDT) Rendement quotidien (%)",
    "vip_1_deposit_range_daily_return": "VIP 1 10 $ – 199 $ 2,46 % – 2,52 %",
    "vip_2_deposit_range_daily_return": "VIP 2 200 $ – 999 $ 2,71 % – 2,72 %",
    "vip_3_deposit_range_daily_return": "VIP 3 1 000 $ – 4 999 $ 2,92 % – 2,98 %",
    "vip_4_deposit_range_daily_return": "VIP 4 5 000 $ – 9 999 $ 3,15 % – 3,19 %",
    "vip_5_deposit_range_daily_return": "VIP 5 10 000 $ – 14 999 $ 3,36 % – 3,40 %",
    "vip_6_deposit_range_daily_return": "VIP 6 15 000 $ – 29 999 $ 3,69 % – 3,73 %",
    "vip_7_deposit_range_daily_return": "VIP 7 30 000 $ – 59 999 $ 3,92 % – 3,97 %",
    "vip_8_deposit_range_daily_return": "VIP 8 60 000 $ – 99 999 $ 4,25 % – 4,27 %",
    "vip_9_deposit_range_daily_return": "VIP 9 100 000 $ – 149 999 $ 4,54 % – 4,58 %",
    "vip_10_deposit_range_daily_return": "VIP 10 150 000 $ – 200 000 $ 5,01 % – 5,10 %",
    "chain_quantity_operates_on_progressive_model": "Chain Quantity fonctionne sur un modèle d'investissement progressif conçu pour l'évolutivité et la simplicité.",
    "start_with_10_usdt_activate_quantity_1": "Commencez avec seulement 10 USDT pour activer la quantité 1",
    "upgrade_to_quantity_2_by_adding_989_usdt": "Passez à la quantité 2 en ajoutant 989 USDT (Total : 999 USDT)",
    "minimum_deposit_10_usdt": "Dépôt faible : 10 USDT",
    "minimum_withdrawal_2_usdt": "Retrait minimum : 2 USDT",
    "example_investing_1000_usdt_unlocks_vip_3": "Investir 1 000 USDT débloque VIP 3",
    "daily_earnings_example": "Gains quotidiens = 1 000 × 2,92 % = 29,2 USDT",
    "program_highlights": "Points saillants du programme",
    "validity_per_vip_tier": "⏳ Validité de 180 jours par niveau VIP",
    "daily_system_reset": "🕛 Réinitialisation quotidienne du système à 00h00 SGT",
    "automatic_upgrades": "🔓 Mises à niveau automatiques lorsque le seuil suivant est atteint",
    "instant_withdrawals": "💸 Retraits instantanés du solde des commissions",
    "why_choose_chain_quantity": "Pourquoi choisir la quantité de chaîne ?",
    "higher_tiers_offer_better_returns": "✅ Les niveaux supérieurs offrent des rendements nettement meilleurs",
    "no_lock_up_periods": "✅ Pas de période de blocage – les fonds restent accessibles",
    "real_time_profit_tracking": "✅ Suivi des bénéfices en temps réel via le tableau de bord",
    "transparent_automated_system": "✅ Système automatisé et 100% transparent",
    "sustainable_passive_income_model": "Gagnez un revenu passif et durable grâce à notre modèle intelligent à plusieurs niveaux, conçu pour la croissance et optimisé pour les récompenses.",
    "example": "Exemple",
    "chain_quantity_team_rewards_program": "Programme de récompenses d'équipe en quantité en chaîne",
    "unlock_powerful_earning_potential": "Débloquez un puissant potentiel de gains grâce à notre système de commission structuré à plusieurs niveaux et à nos opportunités exclusives pour les agents.",
    "multi_level_commission_structure": "Structure de commission à plusieurs niveaux",
    "maximize_rewards_tiered_referral_program": "Maximisez vos récompenses grâce à notre programme de parrainage à plusieurs niveaux :",
    "level_1_direct_referrals_earn_15_percent": "Niveau 1 (références directes) : gagnez 15 % de commission",
    "level_2_indirect_referrals_earn_2_percent": "Niveau 2 (références indirectes) : gagnez 2 % de commission",
    "level_3_extended_network_earn_1_percent": "Niveau 3 (réseau étendu) : gagnez 1 % de commission",
    "earn_every_time_referrals_deposit_funds": "Vous gagnez chaque fois que vos filleuls – et leurs filleuls – déposent des fonds.",
    "global_agent_recruitment": "Recrutement mondial d'agents",
    "expanding_reach_motivated_partners": "Nous élargissons notre portée et recherchons des partenaires motivés :",
    "national_agents_earn_5_percent": "Agents nationaux : gagnez 5 % de commission",
    "city_agents_earn_4_percent": "Agents municipaux : gagnez 4 % de commission",
    "regional_agents_earn_3_percent": "Agents régionaux : gagnez 3 % de commission",
    "build_your_network": "Construisez votre réseau :",
    "launch_telegram_whatsapp_community": "Lancez votre propre communauté Telegram ou WhatsApp",
    "invite_official_support_team": "Invitez notre équipe d'assistance officielle à participer",
    "grow_team_unlock_exponential_earning": "Développez votre équipe et débloquez des opportunités de gains exponentielles",
    "referral_bonus_example": "Exemple de bonus de parrainage",
    "member_deposit_commission_rate_earnings": "Commission de dépôt des membres Évaluez vos revenus",
    "member_a_1000_usdt_15_percent_150_usdt": "Membre A 1 000 USDT 15% 150 USDT",
    "member_b_1000_usdt_2_percent_20_usdt": "Membre B 1 000 USDT 2% 20 USDT",
    "member_c_1000_usdt_1_percent_10_usdt": "Membre C 1 000 USDT 1% 10 USDT",
    "earn_bonuses_team_members_deposit": "Vous gagnez des bonus à chaque fois que les membres de votre équipe déposent.",
    "daily_agent_bonus_rewards": "Récompenses bonus quotidiennes pour les agents",
    "top_performing_agents_rewarded_daily": "Les agents les plus performants sont récompensés automatiquement, sur la base des dépôts quotidiens de l'équipe :",
    "1000_usdt_60_usdt_bonus": "1 000 USDT → 60 USDT DE BONUS",
    "5000_usdt_188_usdt_bonus": "5 000 USDT → 188 USDT BONUS",
    "16000_usdt_388_usdt_bonus": "16 000 USDT → 388 USDT DE BONUS",
    "58000_usdt_1483_usdt_bonus": "58 000 USDT → 1 483 USDT BONUS",
    "100000_usdt_6450_usdt_bonus": "100 000 USDT → 6 450 USDT BONUS",
    "500000_usdt_99999_usdt_bonus": "500 000 USDT → 99 999 USDT BONUS",
    "bonuses_cumulative_instantly_withdrawable": "Tous les bonus sont cumulatifs et instantanément retirables en USDT.",
    "join_today_grow_network_start_earning": "Rejoignez-nous aujourd'hui, développez votre réseau et commencez à gagner comme jamais auparavant.",
    "recharge_amount": "Montant de recharge",
    "current_amount": "Montant actuellement disponible",
    "todays_earning": "Les gains d'aujourd'hui",
    "total_revenue": "Revenu total",
    "invitation_rewareds": "Récompenses d'invitation",
    "more_level_comming": "Plus de niveaux à venir bientôt...",
    "per_day": "Temps de quantification par jour",
    "agree_with_our": "D'accord avec notre",
    "terms_of_use": "Conditions d'utilisation",
    "and": "Et",
    "privacy_policy": "politique de confidentialité",
    "no_account": "Pas de compte ?",
    "security_password": "Mot de passe de sécurité",
    "processing": "Traitement…",
    "already_have_an_account": "Vous avez déjà un compte ?",
    "verify_email_title": "Vérifier l'e-mail",
    "enter_your_verification_code": "Entrez votre code de vérification",
    "verifying": "Vérification...",
    "verify_email": "Vérifier l'e-mail",
    "check_inbox_and_spam_html": "Veuillez vérifier votre boîte de réception et votre dossier pour l'e-mail de vérification.",
    "total_assets": "Actif total",
    "quantitative_account": "Compte quantitatif",
    "agent_corperation": "Coopération des agents",
    "activity": "Activité d'équipe",
    "unread_messages_alert": "Vous avez des messages non lus sur le site, n'hésitez pas à aller vérifier le contenu des messages !",
    "vip": "VIP",
    "trial_fee": "Frais d'essai",
    "profit_assets": "Actifs bénéficiaires",
    "todays_earnings": "Les gains d'aujourd'hui",
    "quantifiable_number_of_days": "Nombre de jours quantifiable",
    "countdown_days": "Jours de compte à rebours",
    "quantify_reset_time": "Quantifier le temps de réinitialisation",
    "start_quantify": "Commencer à quantifier",
    "quantification_process": "Processus de quantification",
    "start_quantification": "Commencer la quantification...",
    "start_queuing": "Commencez à faire la queue...",
    "start_executing_buy_order": "Commencez à exécuter l'ordre d'achat...",
    "start_executing_sell_order": "Commencez à exécuter l'ordre de vente...",
    "start_capturing_market_prices": "Commencez à capturer les prix du marché...",
    "start_distributing_commissions": "Commencez à distribuer les commissions...",
    "operation_complete": "L’opération est terminée et se termine.",
    "current_vip": "VIP actuel",
    "click_to_unlock": "Cliquez pour déverrouiller",
    "quantification_times_per_day": "Temps de quantification par jour",
    "profit_ratio": "Taux de profit",
    "minimum_unlock_amount": "Montant minimum de déverrouillage",
    "recharge_unlock_message": "La recharge déverrouille automatiquement la recharge {{minUnclock}}USDT",
    "quantitative_benefits": "Avantages quantitatifs",
    "deposit_into_basic_wallet": "Dépôt dans le portefeuille de base",
    "invest_record": "Dossier d'investissement",
    "build_team_rewards": "Construisez une équipe et obtenez de généreuses récompenses",
    "my_invitation_code": "Mon code d'invitation",
    "invite_link": "Lien d'invitation",
    "view_the_team": "Voir l'équipe",
    "daily_commissions": "Commissions quotidiennes",
    "invited_friends_recharge_rebates": "Invitez vos amis à bénéficier des remises correspondantes lorsqu'ils rechargent :",
    "recharge_rebate": "Rabais de recharge",
    "quantify_rebate": "Quantifier la remise",
    "copy_success": "Copie réussie",
    "withdraw": "Retirer",
    "sign_out": "Se déconnecter",
    "hello_username": "Bonjour, {{nom d'utilisateur}}",
    "welcome_back": "Content de te revoir",
    "investment_accounts": "Comptes d'investissement",
    "commission_today": "Commission aujourd'hui",
    "yesterdays_earnings": "Les gains d'hier",
    "detail": "Détail",
    "transfer": "Transfert",
    "news": "Nouvelles",
    "security_center": "Centre de sécurité",
    "company_profile": "Profil de l'entreprise",
    "about_us": "À propos de nous",
    "twenty_four_hour_withdrawal": "Retrait sous 48 heures",
    "withdrawable": "Retirable",
    "amount_to_be_processed": "Montant à traiter",
    "payment_method": "Mode de paiement",
    "withdrawal_limit_range": "Plage de limite de retrait 7,00 - 99999999,00",
    "withdrawal_address": "Adresse de retrait",
    "handling_fee": "Frais de traitement",
    "receipt": "Reçu",
    "withdrawal_note": "Note de retrait",
    "withdrawal_policy_title": "Politique de retrait (ToobitQuant)",
    "minimum_withdrawal_amount": "Montant minimum de retrait",
    "withdrawal_fee": "Frais de retrait",
    "withdrawal_frequency": "Fréquence de retrait",
    "withdrawal_frequency_desc": "Une fois par jour, disponible du lundi au dimanche (heure de Singapour)",
    "processing_time": "Temps de traitement",
    "processing_time_desc": "Les retraits sont généralement traités dans les 0 à 48 heures suivant la soumission de la demande et seront transférés directement sur votre portefeuille.",
    "mining_machine_energy_failure": "Panne d'énergie de la machine minière, veuillez recharger {{amount}} USDT",
    "financial": "Financier",
    "usdt": "USDT",
    "failed_to_fetch_data": "Échec de la récupération des données.",
    "note_before_switching_accounts": "Remarque : Avant de changer de compte de recharge, veuillez confirmer que la recharge précédente a été reçue !",
    "quant_account_desc": "Déposez sur ce compte pour des rendements quantifiés intelligents",
    "investment_account_desc": "Les dépôts sur ce compte peuvent être utilisés pour investir dans des projets de financement participatif",
    "recharge_address": "Adresse de recharge",
    "recharge_complete": "Recharge terminée",
    "deposit_instruction_1": "1. Copiez l'adresse ci-dessus ou scannez le code QR et sélectionnez le",
    "network_deposit": "réseau pour déposer des actifs.",
    "invite_top_up_rewards": "Invitez des amis à recharger pour la première fois et vous pourrez obtenir les récompenses suivantes",
    "number_of_invited_people": "Nombre de personnes invitées",
    "invitation_rewards_label": "Récompenses d'invitation :",
    "usdt_automatic_distribution": "Distribution automatique USDT",
    "invitee_first_recharge_needs_to_be_in": "La première recharge de l’invité doit être effectuée",
    "above": "au-dessus de",
    "tiered_rewards_intro": "Invitez un certain nombre de personnes et recevez des récompenses échelonnées :",
    "count": "Compter",
    "award": "Prix",
    "unlimited": "Illimité",
    "auto": "Auto",
    "claimed": "Réclamé",
    "remaining": "Restant",
    "failed_to_load_invite_rewards": "Échec du chargement des récompenses d'invitation.",
    "reward_claimed_successfully": "Récompense réclamée avec succès.",
    "unable_to_claim_reward": "Impossible de réclamer la récompense. Veuillez réessayer.",
    "agent_cooperation": "Coopération des agents",
    "global_recruitment_title": "Recrutement mondial d'employés à temps plein Informations sur l'emploi :",
    "positions_available_subtitle": "6 postes disponibles au sein du département marketing",
    "job_description_promotion_title": "Description du poste et critères de promotion :",
    "job_description_promotion_body": "Le service marketing propose les 6 postes suivants en fonction du nombre total d'utilisateurs ayant réussi des niveaux de recharge au niveau 1 et au niveau 2. Les postes sont les suivants :",
    "salary_tiers_intro": "Chaque poste comporte des niveaux de salaire différents. Plus le poste est élevé, plus le salaire est élevé. Les détails sont les suivants :",
    "position": "Position",
    "level_1": "Niveau 1",
    "level_1_plus": "Niveau 1+",
    "level_2": "Niveau 2",
    "weekly": "Hebdomadaire",
    "salary": "Salaire",
    "growth_catalyst": "Catalyseur de croissance",
    "brand_architect": "Architecte de marque",
    "engagement_guru": "Engagement des enseignants",
    "visionary_strategist": "Stratège visionnaire",
    "innovation_leader": "Leader de l'innovation",
    "territory_commander": "Commandant de territoire",
    "meet_requirements_contact_manager": "Pour les utilisateurs qui répondent aux exigences du poste, veuillez contacter le chef de projet pour vérification.",
    "salary_payment_method_timing": "Mode et calendrier de paiement du salaire :",
    "salary_distribution_detail": "Les salaires seront distribués sur le compte portefeuille ToobitQuant tous les lundis après 18 heures.",
    "additional_rewards_title": "Récompenses supplémentaires pour les employés à temps plein :",
    "additional_rewards_body": "Une fois qu’un employé devient membre permanent, il recevra également un pourcentage du total des dépôts hebdomadaires de son équipe en guise de récompense supplémentaire. La structure des récompenses est la suivante :",
    "total_weekly_deposits_usdt": "Total des dépôts hebdomadaires (USDT)",
    "reward_percentage": "Pourcentage de récompense",
    "commission": "Commission",
    "commission_records": "Dossiers des commissions",
    "valid_invitation_people_number": "Numéro de personne sur invitation valide",
    "team_report": "Rapport d'équipe",
    "team_total_recharge": "Recharge totale de l'équipe :",
    "team_total_withdrawal": "Retrait total de l'équipe :",
    "level_3": "Niveau 3",
    "total_valid_label": "Total\/Valide :",
    "get_commission_label": "Obtenez des commissions :",
    "now_go": "Maintenant, vas-y",
    "brand_name": "TROPBIT",
    "press_release_date": "25 juin 2025",
    "launch_announcement_prefix": "Nous sommes ravis d'annoncer le lancement de",
    "launch_announcement_suffix": ", une plateforme révolutionnaire basée sur l'IA qui est désormais opérationnelle depuis le 5 septembre 2025.",
    "platform_description": "TOOBIT est conçu pour élever l'avenir du trading d'actifs numériques, en combinant la puissance de l'intelligence artificielle avec une exécution ultra-rapide. Conçue pour la prochaine génération d'investisseurs, notre plateforme propose des outils de précision pour optimiser les stratégies d'arbitrage cryptographique et de trading quantitatif, garantissant ainsi que votre portefeuille prospère sur le marché hautement concurrentiel d'aujourd'hui.",
    "key_features_title": "Principales caractéristiques de Toobit :",
    "feature_multi_exchange_title": "• Intégration multi-échange transparente",
    "feature_multi_exchange_desc": "Connectez-vous sans effort aux principales plateformes telles que Binance, Coinbase, Kraken et autres, permettant des échanges efficaces sur les bourses.",
    "feature_realtime_arbitrage_title": "• Détection d'arbitrage en temps réel",
    "feature_realtime_arbitrage_desc": "Avec une réactivité de l'ordre de la milliseconde, Toobit identifie et exploite les opportunités rentables dès qu'elles se présentent, vous garantissant ainsi de garder une longueur d'avance.",
    "feature_ai_autonomous_title": "• Optimisé pour l'IA, entièrement autonome",
    "feature_ai_autonomous_desc": "Notre plateforme est alimentée par une IA de pointe, permettant des stratégies automatisées et basées sur les données sans aucune saisie manuelle requise, afin que vous puissiez vous asseoir et regarder votre portefeuille croître.",
    "platform_mission": "Toobit est là pour remodeler le paysage des actifs numériques, vous permettant de négocier plus intelligemment, plus rapidement et plus efficacement. Que vous soyez un trader chevronné ou tout juste débutant, Toobit vous ouvre un nouveau champ de possibilités pour maximiser les rendements.",
    "platform_future_line": "Entrez dans le futur du trading, où l'innovation rencontre la précision.",
    "agent_program_heading": "Programme de partenariat d'agent QUANT",
    "agent_program_headline_prefix": "Entrez dans l’avenir de la finance basée sur l’IA avec",
    "agent_program_headline_suffix": "Programme d'agent mondial",
    "agent_program_welcome": "Bienvenue dans la prochaine ère de création de richesse intelligente. TOOBIT est fier de lancer son programme Global Agent - une opportunité unique de gagner un revenu passif à long terme en exploitant la puissance du trading quantitatif alimenté par l'IA.",
    "agent_program_revolution": "Alors que la révolution de la finance numérique prend de l'ampleur, Toobit invite les spécialistes du marketing, les dirigeants communautaires et les investisseurs à participer à l'élaboration de l'avenir de la finance décentralisée. Notre réseau d'agents est conçu pour être évolutif, flexible et rentable, offrant un moyen passionnant d'augmenter vos revenus tout en aidant les autres à prospérer dans l'économie numérique.",
    "agent_program_highlights": "Points saillants du programme :",
    "agent_program_income": "• Potentiel de revenus à plusieurs niveaux : gagnez des remises en fonction des activités de votre réseau, créant ainsi un flux de revenus récurrent à mesure que votre communauté se développe. Votre lien de parrainage facilite la promotion, sans aucune expérience nécessaire.",
    "agent_program_tools": "• Support et outils complets : accédez à des fonctionnalités de plateforme de pointe, à des remises en temps réel et à une automatisation du trading basée sur l'IA pour rendre la promotion fluide et enrichissante.",
    "agent_program_growth": "• Opportunités axées sur la croissance : progressez à travers les niveaux (ville, national, partenaire mondial) et débloquez des récompenses exclusives, notamment une participation aux bénéfices à vie de plus de 20 % et des privilèges régionaux spéciaux pour les meilleurs agents.",
    "agent_program_closing": "Que vous vous engagez via les réseaux sociaux, les réseaux d'investisseurs ou les communautés locales, Toobit veille à ce que vos efforts soient récompensés. Commencez à construire votre avenir dès aujourd’hui et rejoignez-nous alors que nous menons la charge dans le monde de la finance intelligente. L’avenir du trading est ici. Toobit vous invite à en faire partie.",
    "company_name_legal": "TOOBIT AI LIMITED",
    "cp_p1_rest": "a été fondée à Londres, au Royaume-Uni, en 2025 et s'engage à devenir une entreprise leader dans le domaine du commerce intelligent basé sur la blockchain.",
    "cp_p2_rest": "est un système commercial quantitatif avancé alimenté par la technologie de l'intelligence artificielle. Sa capacité principale réside dans l'exécution automatique de stratégies de trading afin de maximiser les retours sur investissement tout en minimisant les risques. Plus précisément, TOOBIT transforme les décisions d'investissement en algorithmes informatiques exécutables, permettant des opérations de trading transparentes, efficaces et rapides qui s'adaptent de manière transparente aux fluctuations du marché en temps réel.",
    "cp_p3_suffix": "Les stratégies de trading de sont fondées sur les mathématiques modernes, les statistiques, l'apprentissage automatique et l'analyse continue des tendances du marché et des prix des actifs numériques pour déterminer les actions de trading les plus efficaces. Grâce à des algorithmes et une modélisation complexes, le système évalue les risques de marché et les opportunités d'investissement, optimisant automatiquement les allocations de portefeuille en réponse aux attentes changeantes en matière de risque et de rendement.",
    "cp_p4": "Cette approche entièrement automatisée élimine les erreurs humaines, améliore la précision des transactions et garantit une adaptation cohérente aux conditions de marché volatiles et incertaines.",
    "cp_p5_prefix": "En substance,",
    "cp_p5_suffix": "est un système commercial quantitatif de nouvelle génération qui fusionne l'intelligence artificielle avec la théorie financière moderne pour mettre en œuvre automatiquement des stratégies visant à maximiser les profits et à minimiser les risques.",
    "label_company_name": "Nom de l'entreprise",
    "label_company_number": "Numéro d'entreprise",
    "label_incorporation_date": "Date de constitution",
    "label_registered_capital": "Capital social",
    "label_email": "E-mail",
    "label_phone": "Téléphone",
    "label_registered_office": "Siège social",
    "company_number_value": "16289541",
    "incorporation_date_value": "04 mars 2025",
    "registered_capital_value": "100 000 000 GBP",
    "email_value": "TOOBITquant.ai@gmail.com",
    "phone_value": "+44 7742 043280",
    "registered_office_value": "32 London Bridge St, Londres, Royaume-Uni SE1 9SG",
    "platform_bonus": "Bonus de plateforme",
    "failed_to_load_notices": "Échec du chargement des avis",
    "welcome_title": "Bienvenue sur TOOBIT : débloquer ensemble un avenir intelligent",
    "withdraw_success": "Retirer le succès",
    "deposit_success": "Dépôt réussi",
    "income_received": "Revenu reçu",
    "product": "Produit",
    "project_rule": "Règle du projet",
    "repayment": "Remboursement",
    "maturity_principal_interest": "Capital et intérêts à l’échéance",
    "daily_return": "Retour quotidien",
    "invest_cycle": "Cycle d'investissement",
    "estimated_revenue": "Revenu estimé",
    "balance_not_enough_recharge": "Solde insuffisant, veuillez recharger {{amount}} USDT",
    "ok": "D'accord",
    "transfer_amount": "Montant du transfert",
    "old_login_password": "Ancien mot de passe de connexion",
    "new_login_password": "Nouveau mot de passe de connexion",
    "old_payment_password": "Ancien mot de passe de paiement",
    "new_payment_password": "Nouveau mot de passe de paiement",
    "about_p1_tail": "est un système commercial quantitatif de pointe alimenté par l'intelligence artificielle. Sa principale caractéristique est l'exécution automatique de stratégies de trading conçues pour maximiser les retours sur investissement tout en minimisant les risques. En transformant les décisions de trading en algorithmes informatiques, il automatise les stratégies prédéfinies, rendant le processus de trading plus transparent, plus efficace et plus réactif aux changements du marché.",
    "about_p2_a": "Les stratégies quantitatives employées par",
    "about_p2_b": "exploitez les mathématiques modernes, les statistiques, l’apprentissage automatique et l’analyse en temps réel des tendances du marché et des prix des cryptomonnaies. Ces technologies avancées permettent à la plateforme de formuler des plans de trading hautement optimisés.",
    "about_p2_c": "En même temps,",
    "about_p2_d": "utilise des modèles complexes pour évaluer les risques de marché et identifier les opportunités d'investissement, en rééquilibrant automatiquement les portefeuilles en fonction du rapport risque-rendement attendu. Cette approche entièrement automatisée élimine les erreurs humaines, améliore la précision et garantit que le système peut s'adapter rapidement aux conditions volatiles du marché.",
    "about_p3_a": "En substance,",
    "about_p3_b": "intègre l'intelligence artificielle à la théorie financière moderne pour exécuter de manière autonome des stratégies d'investissement, en poursuivant le double objectif de maximiser les profits et de réduire les risques.",
    "about_p4_heading_tail": "Source de revenu et sécurité financière",
    "about_p5_tail": "fonctionne selon un modèle commercial mutuellement avantageux aux côtés de ses utilisateurs. Tous les bénéfices sont générés par les fluctuations des prix sur les marchés mondiaux des cryptomonnaies. La nature décentralisée et inviolable de la technologie blockchain garantit un environnement d’investissement ouvert et transparent, offrant aux utilisateurs un niveau de protection financière plus solide.",
    "about_p6_a": "En résumé,",
    "about_p6_b": "offre aux utilisateurs un système commercial intelligent conçu pour soutenir une croissance cohérente et durable de la richesse. Chaque transaction génère non seulement des retours sur investissement pour les utilisateurs, mais génère également des revenus pour la plateforme, formant ainsi une structure gagnant-gagnant qui soutient la stabilité financière à long terme pour les deux parties.",
    "about_p7_a": "Travaillons ensemble pour favoriser le développement sain de l’industrie de la blockchain. Avec",
    "about_p7_b": "davantage d'individus peuvent maîtriser en toute confiance et efficacement le principe consistant à acheter à bas prix et à vendre à prix élevé grâce à des systèmes de trading intelligents alimentés par l'IA.",
    "about_p8_a": "Maintenant dans sa quatrième génération,",
    "about_p8_b": "a évolué pour devenir encore plus puissant, offrant des fonctionnalités améliorées tout en rationalisant l'expérience utilisateur. D'un simple clic sur « Démarrer la quantification », les utilisateurs peuvent commencer à générer des retours en une minute seulement. C’est l’avenir de l’investissement intelligent.",
    "open_support_drawer": "Tiroir de support ouvert",
    "online_service": "Service en ligne",
    "choose_support_method": "Choisissez votre méthode de contact préférée pour le service client en ligne",
    "customer_support": "Service client",
    "community_group": "Groupe communautaire",
    "verify_code": "Vérifier le code",
    "click_to_refresh": "Cliquez pour actualiser",
    "request_already_processing": "Votre demande est déjà en cours de traitement",
    "credential_not_match": "Ce titre ne correspond pas à nos dossiers",
    "generic_error": "Quelque chose s'est mal passé. Veuillez réessayer.",
    "system_notice": "Avis système",
    "failed_to_load_notice": "Échec du chargement de l'avis",
    "no_data": "Aucune donnée",
    "welcome_heading": "Bienvenue chez TOOBIT !",
    "welcome_p1": "Nous sommes ravis de vous compter parmi la communauté TOOBIT. En tant qu’entreprise technologique avant-gardiste et à la pointe de l’innovation, nous sommes là pour vous aider à explorer le potentiel illimité de l’intelligence artificielle.",
    "welcome_p2": "Merci d'avoir choisi TOOBIT, ouvrons la voie à un avenir plus intelligent et plus connecté. Si jamais vous avez des questions, notre équipe d'assistance est toujours prête à vous aider.",
    "email_verification": "Vérification par e-mail",
    "pending": "En attente",
    "withdraw_asset": "Retirer des actifs",
    "withdraw_deduction": "Déduction de retrait",
    "quantitative_earning": "Gain quantitatif",
    "invited_friends_daily_commissions": "Invitez vos amis à recevoir les commissions quotidiennes correspondantes lorsqu'ils rechargent :",
    "rejected": "Rejeté",
    "consent_intro": "En poursuivant avec un compte situé dans",
    "country_name": "Royaume-Uni",
    "consent_agreement": "vous acceptez notre",
    "terms_of_service": "Conditions d'utilisation",
    "view_daily_check_in": "Afficher l'enregistrement quotidien",
    "last_price_binance_spot": "Dernier prix • Binance Spot",
    "high": "Haut",
    "low": "Faible",
    "volume": "Volume",
    "trades": "Métiers",
    "core_cooperative_financial_institutions": "Institutions financières coopératives de base",
    "reward_page_title": "Récompenses d'invitation",
    "tab_direct": "Direct",
    "tab_missions": "Missions",
    "reward_task_prefix": "Terminez la tâche avec",
    "reward_task_middle": "membres actifs au niveau",
    "mission_invite_prefix": "Inviter",
    "mission_invite_unit": "amis",
    "mission_invite_suffix": "s'inscrire",
    "mission_deposit_prefix": "Obtenir",
    "mission_deposit_middle": "dépôts totaux",
    "mission_deposit_suffix": "de votre équipe",
    "unit_usdt": "USDT",
    "progress_label": "Progrès",
    "refresh_label": "Rafraîchir",
    "streak_title": "Séquence actuelle : {{current}} \/ {{goal}} jours",
    "streak_info": "Réclamez quotidiennement pour maintenir votre séquence et gagner des bonus. Manquer une journée réinitialisera votre progression.",
    "reward_small": "0,01 USDT",
    "reward_big": "1 USDT",
    "claim_button": "Réclamez une récompense quotidienne",
    "company_profile_title": "Profil de l'entreprise",
    "company_intro_1": "TOOBIT FOR TOOBIT LTD a été fondée à Londres, au Royaume-Uni, en 2004 et s'engage à devenir une entreprise leader dans le domaine du commerce intelligent basé sur la blockchain.",
    "company_intro_2": "TOOBIT est un système de trading quantitatif avancé alimenté par la technologie de l'intelligence artificielle. Sa capacité principale réside dans l'exécution automatique de stratégies de trading afin de maximiser les retours sur investissement tout en minimisant les risques.",
    "company_intro_3": "Les stratégies de trading de TOOBIT sont fondées sur les mathématiques modernes, les statistiques, l'apprentissage automatique et l'analyse continue des tendances du marché et des prix des actifs numériques pour déterminer les actions de trading les plus efficaces.",
    "company_intro_4": "Cette approche entièrement automatisée élimine les erreurs humaines, améliore la précision des transactions et garantit une adaptation cohérente aux conditions de marché volatiles et incertaines.",
    "company_intro_5": "Essentiellement, TOOBIT est un système commercial quantitatif de nouvelle génération qui fusionne l'intelligence artificielle avec la théorie financière moderne pour mettre en œuvre automatiquement des stratégies visant à maximiser les profits et à minimiser les risques.",
    "company_name_label": "Nom de l'entreprise:",
    "company_number_label": "Numéro d'entreprise :",
    "date_of_incorporation_label": "Date de constitution :",
    "registered_office_label": "Siège social :",
    "notice_title": "Les secrets de la croissance de la richesse",
    "notice_paragraph1": "N’oubliez pas de réinvestir vos revenus et de faire fructifier votre patrimoine chaque jour !",
    "notice_paragraph2": "Grâce aux intérêts composés, votre argent travaille pour vous, profitant non seulement de votre investissement initial mais également de vos bénéfices.",
    "notice_paragraph3": "Maximisez votre potentiel et multipliez vos revenus.",
    "notice_paragraph4": "Ne manquez pas cette opportunité : composons et grandissons ensemble !",
    "notice_paragraph5": "Rejoignez le programme d'investissement Toobit dès maintenant et laissez l'USDT générer automatiquement des rendements pour vous ! Rejoignez-nous et atteignez ensemble de nouveaux sommets de richesse !",
    "notice_closeButton": "Fermer"
}